Time(s)                       E(mV)                         I(mA)                         
0.01                          -999.9695                     -0.8980067                    
0.02                          -997.537                      -0.8916267                    
0.03                          -996.0272                     -0.8876812                    
0.04                          -993.9301                     -0.8851628                    
0.05                          -991.6653                     -0.8829802                    
0.06                          -989.736                      -0.8812173                    
0.07                          -987.4712                     -0.8791187                    
0.08                          -986.213                      -0.8781112                    
0.09                          -983.6127                     -0.8750892                    
0.1                           -982.019                      -0.8734942                    
0.11                          -979.9219                     -0.8718153                    
0.12                          -977.8249                     -0.8697166                    
0.13                          -975.3924                     -0.8684574                    
0.14                          -973.2953                     -0.866023                     
0.15                          -971.45                       -0.864344                     
0.16                          -969.6046                     -0.8624972                    
0.17                          -967.5914                     -0.8603146                    
0.18                          -965.746                      -0.8591393                    
0.19                          -963.3135                     -0.8571246                    
0.2                           -961.8036                     -0.8551099                    
0.21                          -959.5388                     -0.8529272                    
0.22                          -957.1901                     -0.8525915                    
0.23                          -955.4286                     -0.8497373                    
0.24                          -953.4993                     -0.8479744                    
0.25                          -951.9056                     -0.8464633                    
0.26                          -949.473                      -0.8447005                    
0.27                          -947.376                      -0.8425179                    
0.28                          -945.3629                     -0.8405871                    
0.29                          -943.0981                     -0.8386562                    
0.3                           -941.5043                     -0.8368095                    
0.31                          -939.9106                     -0.8347108                    
0.32                          -937.5619                     -0.8333676                    
0.33                          -935.2133                     -0.8316048                    
0.34                          -933.5356                     -0.829506                     
0.35                          -931.6064                     -0.8278272                    
0.36                          -929.6771                     -0.8262322                    
0.37                          -927.3285                     -0.8238816                    
0.38                          -925.9863                     -0.8220348                    
0.39                          -923.6376                     -0.820272                     
0.4                           -921.6245                     -0.8187609                    
0.41                          -919.4436                     -0.8168302                    
0.42                          -917.4304                     -0.815487                     
0.43                          -915.5851                     -0.8129686                    
0.44                          -913.9074                     -0.8111218                    
0.45                          -911.8943                     -0.8096946                    
0.46                          -909.7134                     -0.80768                      
0.47                          -907.7002                     -0.806001                     
0.48                          -905.5193                     -0.8040702                    
0.49                          -903.4223                     -0.8025592                    
0.5                           -901.8286                     -0.8003765                    
0.51                          -899.6476                     -0.7986137                    
0.52                          -897.7184                     -0.796515                     
0.53                          -895.6213                     -0.795004                     
0.54                          -893.6082                     -0.7935768                    
0.55                          -891.5112                     -0.7907227                    
0.56                          -889.6658                     -0.7896314                    
0.57                          -887.4849                     -0.7873648                    
0.58                          -885.4717                     -0.7856859                    
0.59                          -883.7941                     -0.7841748                    
0.6                           -881.5293                     -0.7822441                    
0.61                          -879.4323                     -0.7805651                    
0.62                          -877.7547                     -0.7784665                    
0.63                          -875.7415                     -0.7765357                    
0.64                          -873.5605                     -0.7750246                    
0.65                          -871.6313                     -0.7735136                    
0.66                          -869.702                      -0.7710791                    
0.67                          -867.7728                     -0.7694002                    
0.68                          -865.6758                     -0.7678891                    
0.69                          -863.9142                     -0.7657905                    
0.7                           -861.5656                     -0.7640277                    
0.71                          -859.4686                     -0.7621807                    
0.72                          -857.6231                     -0.7607537                    
0.73                          -855.5261                     -0.7584871                    
0.74                          -853.4291                     -0.7564724                    
0.75                          -851.5837                     -0.7547095                    
0.76                          -849.6545                     -0.7534503                    
0.77                          -847.3058                     -0.7510998                    
0.78                          -845.5443                     -0.7492529                    
0.79                          -843.4473                     -0.747658                     
0.8                           -841.3502                     -0.7454754                    
0.81                          -839.1693                     -0.7435446                    
0.82                          -837.4078                     -0.7424533                    
0.83                          -835.3108                     -0.7403546                    
0.84                          -833.4654                     -0.7385917                    
0.85                          -831.2845                     -0.7370807                    
0.86                          -829.7746                     -0.7348981                    
0.87                          -827.8453                     -0.7331352                    
0.88                          -825.3289                     -0.7314563                    
0.89                          -823.3158                     -0.7295254                    
0.9                           -821.6381                     -0.7277626                    
0.91                          -819.4572                     -0.7256639                    
0.92                          -817.528                      -0.723985                     
0.93                          -815.8503                     -0.7218024                    
0.94                          -813.8372                     -0.7203752                    
0.95                          -811.4047                     -0.7184445                    
0.96                          -809.3915                     -0.7165977                    
0.97                          -807.3784                     -0.7148348                    
0.98                          -805.6169                     -0.7125682                    
0.99                          -803.8553                     -0.7114769                    
1                             -801.6744                     -0.7092943                    
1.01                          -799.6613                     -0.7076993                    
1.02                          -797.3126                     -0.7061043                    
1.03                          -795.2994                     -0.7038378                    
1.04                          -793.538                      -0.701907                     
1.05                          -791.4409                     -0.700312                     
1.06                          -789.5955                     -0.6983812                    
1.07                          -787.4985                     -0.6968702                    
1.08                          -785.4853                     -0.6952751                    
1.09                          -783.2205                     -0.6925889                    
1.1                           -781.3752                     -0.6909938                    
1.11                          -779.5298                     -0.6888113                    
1.12                          -777.5167                     -0.6878039                    
1.13                          -775.2519                     -0.6852855                    
1.14                          -773.6581                     -0.6834387                    
1.15                          -771.561                      -0.6816758                    
1.16                          -769.2124                     -0.6799969                    
1.17                          -767.6187                     -0.678234                     
1.18                          -765.4377                     -0.6768069                    
1.19                          -763.6763                     -0.6748762                    
1.2                           -761.3276                     -0.6726935                    
1.21                          -759.3145                     -0.6712664                    
1.22                          -757.3013                     -0.6697554                    
1.23                          -755.372                      -0.6681604                    
1.24                          -753.275                      -0.665642                     
1.25                          -751.4296                     -0.6642988                    
1.26                          -749.6681                     -0.6621162                    
1.27                          -747.6549                     -0.6599336                    
1.28                          -745.8096                     -0.6590941                    
1.29                          -743.7125                     -0.6564078                    
1.3                           -741.5316                     -0.6548128                    
1.31                          -739.9379                     -0.6527141                    
1.32                          -737.5053                     -0.6510352                    
1.33                          -735.4921                     -0.6492723                    
1.34                          -733.4791                     -0.6474255                    
1.35                          -731.4659                     -0.6454108                    
1.36                          -729.4527                     -0.6437319                    
1.37                          -727.4396                     -0.6420529                    
1.38                          -725.6781                     -0.6402061                    
1.39                          -723.581                      -0.6383592                    
1.4                           -721.4841                     -0.6360927                    
1.41                          -719.5547                     -0.6344977                    
1.42                          -717.1222                     -0.6334064                    
1.43                          -715.5284                     -0.6310559                    
1.44                          -713.683                      -0.6296288                    
1.45                          -711.6699                     -0.6271104                    
1.46                          -709.489                      -0.6258512                    
1.47                          -707.3081                     -0.6237525                    
1.48                          -705.8821                     -0.6225773                    
1.49                          -703.1141                     -0.619723                     
1.5                           -701.5203                     -0.6179602                    
1.51                          -699.1716                     -0.6167009                    
1.52                          -697.3262                     -0.6143505                    
1.53                          -695.397                      -0.6130073                    
1.54                          -693.2999                     -0.6111605                    
1.55                          -691.2029                     -0.6093137                    
1.56                          -689.6092                     -0.6076347                    
1.57                          -687.7638                     -0.6057879                    
1.58                          -685.6667                     -0.6039411                    
1.59                          -683.5697                     -0.6021782                    
1.6                           -681.4727                     -0.6002474                    
1.61                          -679.7111                     -0.5983166                    
1.62                          -677.6981                     -0.5967216                    
1.63                          -675.0138                     -0.5950427                    
1.64                          -672.9168                     -0.5928601                    
1.65                          -671.4908                     -0.5907614                    
1.66                          -669.3099                     -0.5891664                    
1.67                          -667.2968                     -0.5874035                    
1.68                          -665.3675                     -0.5858086                    
1.69                          -663.2705                     -0.5833741                    
1.7                           -661.7606                     -0.5825347                    
1.71                          -659.412                      -0.5800162                    
1.72                          -657.3988                     -0.5780855                    
1.73                          -655.5534                     -0.5762386                    
1.74                          -653.2886                     -0.5746436                    
1.75                          -651.1916                     -0.5728807                    
1.76                          -649.0945                     -0.5711179                    
1.77                          -647.2491                     -0.5695229                    
1.78                          -645.7393                     -0.5675921                    
1.79                          -643.3906                     -0.5654935                    
1.8                           -641.7969                     -0.5638984                    
1.81                          -639.7837                     -0.5621355                    
1.82                          -637.6028                     -0.559869                     
1.83                          -634.8348                     -0.5586098                    
1.84                          -633.1571                     -0.5564272                    
1.85                          -631.3117                     -0.5546643                    
1.86                          -629.1309                     -0.5529854                    
1.87                          -627.2854                     -0.5513064                    
1.88                          -625.3561                     -0.5497114                    
1.89                          -623.5947                     -0.5470251                    
1.9                           -620.9943                     -0.5453462                    
1.91                          -619.4845                     -0.5440031                    
1.92                          -617.4714                     -0.5419044                    
1.93                          -615.4582                     -0.5402254                    
1.94                          -613.0256                     -0.5381268                    
1.95                          -611.2642                     -0.536196                     
1.96                          -609.3349                     -0.534517                     
1.97                          -607.3217                     -0.53309                      
1.98                          -605.5602                     -0.5312431                    
1.99                          -603.5471                     -0.5295642                    
2                             -601.3661                     -0.5275495                    
2.01                          -599.6885                     -0.5257866                    
2.02                          -597.256                      -0.5237719                    
2.03                          -595.4944                     -0.5220929                    
2.04                          -593.2297                     -0.5199103                    
2.05                          -590.9649                     -0.5185671                    
2.06                          -589.2873                     -0.5168883                    
2.07                          -587.358                      -0.5146217                    
2.08                          -585.261                      -0.5130267                    
2.09                          -583.4995                     -0.5111799                    
2.1                           -580.983                      -0.5091651                    
2.11                          -579.2216                     -0.5078123                    
2.12                          -577.7117                     -0.5061685                    
2.13                          -575.4469                     -0.504181                     
2.14                          -573.1821                     -0.5028055                    
2.15                          -571.4206                     -0.5002309                    
2.16                          -569.4913                     -0.4987297                    
2.17                          -567.3104                     -0.4967588                    
2.18                          -565.2134                     -0.4949138                    
2.19                          -563.4518                     -0.4935468                    
2.2                           -561.3549                     -0.4913998                    
2.21                          -558.9222                     -0.4895213                    
2.22                          -557.3286                     -0.4878439                    
2.23                          -555.2315                     -0.4859654                    
2.24                          -553.1345                     -0.484439                     
2.25                          -550.8697                     -0.4822837                    
2.26                          -549.0243                     -0.4805141                    
2.27                          -546.9272                     -0.4785852                    
2.28                          -544.9141                     -0.4767737                    
2.29                          -542.9849                     -0.4756164                    
2.3                           -540.8878                     -0.4729243                    
2.31                          -539.2102                     -0.4714482                    
2.32                          -537.2809                     -0.469838                     
2.33                          -535.4355                     -0.4678253                    
2.34                          -533.4224                     -0.4661731                    
2.35                          -531.4931                     -0.4640597                    
2.36                          -529.48                       -0.4625585                    
2.37                          -526.9636                     -0.4601516                    
2.38                          -525.1182                     -0.4588852                    
2.39                          -523.2728                     -0.4567634                    
2.4                           -521.5952                     -0.4553125                    
2.41                          -518.9948                     -0.4529392                    
2.42                          -516.9817                     -0.4514128                    
2.43                          -515.3041                     -0.449551                     
2.44                          -513.1232                     -0.4477982                    
2.45                          -511.5294                     -0.446297                     
2.46                          -509.1807                     -0.4439655                    
2.47                          -506.8321                     -0.4420366                    
2.48                          -505.1544                     -0.4403929                    
2.49                          -503.0574                     -0.4386568                    
2.5                           -501.212                      -0.4369712                    
2.51                          -499.5344                     -0.4350926                    
2.52                          -497.5213                     -0.4331637                    
2.53                          -495.1726                     -0.4312935                    
2.54                          -493.4111                     -0.4296749                    
2.55                          -491.3979                     -0.4281904                    
2.56                          -489.3009                     -0.4258841                    
2.57                          -487.7072                     -0.4237959                    
2.58                          -485.023                      -0.4224624                    
2.59                          -482.8421                     -0.4202819                    
2.6                           -481.2483                     -0.4186382                    
2.61                          -479.0674                     -0.417095                     
2.62                          -477.3059                     -0.4151074                    
2.63                          -474.7895                     -0.412994                     
2.64                          -473.1957                     -0.4118115                    
2.65                          -471.1826                     -0.4095975                    
2.66                          -469.5049                     -0.4083982                    
2.67                          -467.2402                     -0.4058738                    
2.68                          -465.1431                     -0.4041714                    
2.69                          -463.2977                     -0.4021418                    
2.7                           -461.2007                     -0.4004058                    
2.71                          -459.0198                     -0.3988627                    
2.72                          -457.3422                     -0.3965312                    
2.73                          -455.1613                     -0.3951139                    
2.74                          -453.0642                     -0.393034                     
2.75                          -451.135                      -0.3914406                    
2.76                          -449.2057                     -0.3896627                    
2.77                          -447.1925                     -0.3877002                    
2.78                          -444.9277                     -0.3858551                    
2.79                          -442.7468                     -0.3839262                    
2.8                           -441.0692                     -0.3822992                    
2.81                          -438.8044                     -0.3807897                    
2.82                          -437.2107                     -0.3785757                    
2.83                          -435.2814                     -0.3768312                    
2.84                          -433.3522                     -0.3752881                    
2.85                          -431.2551                     -0.3729063                    
2.86                          -429.3258                     -0.3715309                    
2.87                          -427.3966                     -0.3695098                    
2.88                          -425.2157                     -0.3679247                    
2.89                          -423.1187                     -0.3658113                    
2.9                           -421.2733                     -0.364285                     
2.91                          -419.0085                     -0.362398                     
2.92                          -417.0792                     -0.3606536                    
2.93                          -415.1499                     -0.358666                     
2.94                          -412.969                      -0.3568628                    
2.95                          -410.9559                     -0.3549507                    
2.96                          -409.1944                     -0.3530218                    
2.97                          -406.8457                     -0.3514116                    
2.98                          -405.252                      -0.3494827                    
2.99                          -403.4066                     -0.347797                     
3                             -401.3095                     -0.3457507                    
3.01                          -399.2964                     -0.3441572                    
3.02                          -397.1155                     -0.3423877                    
3.03                          -394.9346                     -0.3406936                    
3.04                          -392.9214                     -0.3386808                    
3.05                          -390.9083                     -0.3368106                    
3.06                          -389.3145                     -0.3351837                    
3.07                          -387.3853                     -0.333456                     
3.08                          -385.3721                     -0.3313762                    
3.09                          -383.1912                     -0.3296737                    
3.1                           -380.9264                     -0.3281557                    
3.11                          -379.2488                     -0.3259165                    
3.12                          -377.4034                     -0.3242392                    
3.13                          -374.9708                     -0.3225032                    
3.14                          -372.9577                     -0.3206833                    
3.15                          -370.7768                     -0.3184273                    
3.16                          -369.4347                     -0.3169429                    
3.17                          -367.1699                     -0.3152404                    
3.18                          -364.989                      -0.3132948                    
3.19                          -362.8081                     -0.31124                      
3.2                           -361.0466                     -0.3094705                    
3.21                          -359.0334                     -0.3079274                    
3.22                          -356.7686                     -0.3056378                    
3.23                          -354.9232                     -0.3039857                    
3.24                          -352.994                      -0.3023335                    
3.25                          -350.7292                     -0.3006395                    
3.26                          -348.9677                     -0.2988615                    
3.27                          -347.0384                     -0.2968991                    
3.28                          -345.1092                     -0.2949869                    
3.29                          -343.0121                     -0.2931419                    
3.3                           -341.5023                     -0.2916826                    
3.31                          -339.2375                     -0.2896782                    
3.32                          -336.9727                     -0.2878332                    
3.33                          -334.9595                     -0.2860385                    
3.34                          -333.1141                     -0.2841263                    
3.35                          -330.8494                     -0.2822478                    
3.36                          -329.2556                     -0.2809562                    
3.37                          -326.9069                     -0.2784067                    
3.38                          -324.8938                     -0.2768133                    
3.39                          -323.0484                     -0.2749095                    
3.4                           -321.1191                     -0.2730645                    
3.41                          -319.0221                     -0.2714543                    
3.42                          -317.0928                     -0.2693241                    
3.43                          -315.1636                     -0.2679319                    
3.44                          -312.9827                     -0.2659108                    
3.45                          -311.1373                     -0.264049                     
3.46                          -309.5435                     -0.262422                     
3.47                          -307.3626                     -0.260275                     
3.48                          -304.7623                     -0.2583796                    
3.49                          -303.0847                     -0.2567191                    
3.5                           -300.6521                     -0.2552598                    
3.51                          -298.9745                     -0.2530206                    
3.52                          -296.9614                     -0.251184                     
3.53                          -294.6966                     -0.2495319                    
3.54                          -292.7673                     -0.2479803                    
3.55                          -291.3413                     -0.2458837                    
3.56                          -289.1604                     -0.2444244                    
3.57                          -287.0634                     -0.2421349                    
3.58                          -284.9663                     -0.2406002                    
3.59                          -282.9532                     -0.2387216                    
3.6                           -281.0239                     -0.2366249                    
3.61                          -279.0108                     -0.2353837                    
3.62                          -276.8299                     -0.233111                     
3.63                          -275.1523                     -0.2314337                    
3.64                          -273.3907                     -0.2295215                    
3.65                          -271.2098                     -0.2282384                    
3.66                          -268.6095                     -0.2261334                    
3.67                          -267.0158                     -0.2237348                    
3.68                          -264.8349                     -0.2225272                    
3.69                          -262.9056                     -0.2205899                    
3.7                           -261.228                      -0.2187029                    
3.71                          -259.2987                     -0.2175623                    
3.72                          -256.95                       -0.2148367                    
3.73                          -255.0208                     -0.2131091                    
3.74                          -252.756                      -0.2114318                    
3.75                          -251.33                       -0.2095448                    
3.76                          -248.8136                     -0.20827                      
3.77                          -247.2198                     -0.2058966                    
3.78                          -244.7873                     -0.2041355                    
3.79                          -242.7741                     -0.2022233                    
3.8                           -240.9287                     -0.2004286                    
3.81                          -239.2511                     -0.1989693                    
3.82                          -237.3218                     -0.1966714                    
3.83                          -235.0571                     -0.1948264                    
3.84                          -232.7922                     -0.1928304                    
3.85                          -230.863                      -0.1913292                    
3.86                          -228.5982                     -0.1895009                    
3.87                          -226.9206                     -0.1878572                    
3.88                          -224.9913                     -0.1860205                    
3.89                          -222.9781                     -0.183731                     
3.9                           -220.3778                     -0.1823305                    
3.91                          -218.7841                     -0.1806028                    
3.92                          -216.771                      -0.1785146                    
3.93                          -215.1772                     -0.1766527                    
3.94                          -212.9963                     -0.1752438                    
3.95                          -210.9831                     -0.1730885                    
3.96                          -208.8861                     -0.1713525                    
3.97                          -206.7052                     -0.1697422                    
3.98                          -204.9437                     -0.1678888                    
3.99                          -203.0144                     -0.1659012                    
4                             -200.6658                     -0.1643665                    
4.01                          -198.9881                     -0.1623118                    
4.02                          -196.975                      -0.1601145                    
4.03                          -195.1296                     -0.1589404                    
4.04                          -192.6971                     -0.1568605                    
4.05                          -190.8517                     -0.1552671                    
4.06                          -189.0901                     -0.1529524                    
4.07                          -186.9092                     -0.1512583                    
4.08                          -185.0638                     -0.1496648                    
4.09                          -182.6313                     -0.1475682                    
4.1                           -180.8698                     -0.1461593                    
4.11                          -178.8566                     -0.1440375                    
4.12                          -176.8435                     -0.142335                     
4.13                          -174.7465                     -0.1402635                    
4.14                          -172.6494                     -0.1385107                    
4.15                          -171.2235                     -0.1367999                    
4.16                          -169.0426                     -0.1347116                    
4.17                          -166.7778                     -0.1330679                    
4.18                          -164.6807                     -0.1313151                    
4.19                          -163.0031                     -0.1295875                    
4.2                           -160.6544                     -0.1279521                    
4.21                          -159.1446                     -0.1257716                    
4.22                          -157.1314                     -0.1240859                    
4.23                          -154.4472                     -0.1225931                    
4.24                          -152.7696                     -0.1204126                    
4.25                          -150.4209                     -0.1186011                    
4.26                          -148.5755                     -0.1171334                    
4.27                          -146.5624                     -0.1146007                    
4.28                          -144.717                      -0.1131918                    
4.29                          -142.62                       -0.1115145                    
4.3                           -141.1101                     -0.1099797                    
4.31                          -139.0131                     -0.1075644                    
4.32                          -136.8322                     -0.1059458                    
4.33                          -134.819                      -0.1041259                    
4.34                          -132.5542                     -0.1021802                    
4.35                          -130.7088                     -0.1004526                    
4.36                          -128.7796                     -0.09864949                   
4.37                          -126.7664                     -0.09674574                   
4.38                          -124.8372                     -0.09490909                   
4.39                          -122.5724                     -0.09310598                   
4.4                           -120.9786                     -0.0913532                    
4.41                          -118.5461                     -0.08955009                   
4.42                          -116.9523                     -0.087487                     
4.43                          -114.6037                     -0.08602773                   
4.44                          -112.5066                     -0.08415754                   
4.45                          -110.9129                     -0.08211122                   
4.46                          -108.5642                     -0.08084486                   
4.47                          -107.0544                     -0.07832889                   
4.48                          -104.7896                     -0.077138                     
4.49                          -103.1119                     -0.07513361                   
4.5                           -100.931                      -0.07307891                   
4.51                          -98.58237                     -0.07155256                   
4.52                          -97.0725                      -0.06943915                   
4.53                          -94.55607                     -0.06771991                   
4.54                          -92.96232                     -0.06600066                   
4.55                          -91.20081                     -0.06421433                   
4.56                          -89.01991                     -0.06243638                   
4.57                          -87.00676                     -0.06023911                   
4.58                          -84.90973                     -0.05855341                   
4.59                          -82.72881                     -0.05716963                   
4.6                           -81.13508                     -0.05512331                   
4.61                          -78.61864                     -0.05321118                   
4.62                          -76.52161                     -0.0512655                    
4.63                          -74.84399                     -0.04943724                   
4.64                          -72.83084                     -0.0475251                    
4.65                          -70.90157                     -0.04594843                   
4.66                          -68.97231                     -0.04466529                   
4.67                          -66.45586                     -0.0418558                    
4.68                          -64.94601                     -0.04044686                   
4.69                          -62.84898                     -0.03868568                   
4.7                           -61.08747                     -0.0368071                    
4.71                          -58.7388                      -0.03530741                   
4.72                          -56.64177                     -0.03324888                   
4.73                          -54.7125                      -0.03156935                   
4.74                          -52.951                       -0.02937916                   
4.75                          -50.2668                      -0.02803                      
4.76                          -48.67306                     -0.02611485                   
4.77                          -46.74379                     -0.02405128                   
4.78                          -44.73064                     -0.02236085                   
4.79                          -42.96914                     -0.02049936                   
4.8                           -40.53659                     -0.01868064                   
4.81                          -39.02672                     -0.01740275                   
4.82                          -36.84581                     -0.01492412                   
4.83                          -34.6649                      -0.01316074                   
4.84                          -32.73563                     -0.01131351                   
4.85                          -30.89025                     -0.009519098                  
4.86                          -28.96098                     -0.00804584                   
4.87                          -26.86395                     -0.005500129                  
4.88                          -24.8508                      -0.004449478                  
4.89                          -22.33437                     -0.002277742                  
4.9                           -20.82451                     -0.0005110055                 
4.91                          -18.6436                      0.001174396                   
4.92                          -16.63045                     0.003236288                   
4.93                          -14.6173                      0.005192527                   
4.94                          -12.60415                     0.006793239                   
4.95                          -10.42324                     0.008286622                   
4.96                          -8.829497                     0.01036025                    
4.97                          -6.81635                      0.01248336                    
4.98                          -4.467676                     0.01367152                    
4.99                          -2.454528                     0.01581978                    
5                             -0.6091421                    0.01778692                    
5.01                          1.152363                      0.01902791                    
5.02                          3.249392                      0.02141431                    
5.03                          5.346421                      0.0233261                     
5.04                          7.527332                      0.02502576                    
5.05                          9.624362                      0.0269384                     
5.06                          11.46975                      0.0280729                     
5.07                          13.14737                      0.03072929                    
5.08                          15.49604                      0.0324105                     
5.09                          17.25755                      0.03395503                    
5.1                           19.43846                      0.0360773                     
5.11                          21.53549                      0.03763189                    
5.12                          23.38088                      0.03913198                    
5.13                          25.39402                      0.04154857                    
5.14                          27.49105                      0.0432826                     
5.15                          29.67196                      0.04484055                    
5.16                          31.34959                      0.04671461                    
5.17                          33.19497                      0.04790948                    
5.18                          35.54365                      0.05030007                    
5.19                          37.22127                      0.0522647                     
5.2                           39.48606                      0.05402976                    
5.21                          41.33145                      0.05591305                    
5.22                          43.42847                      0.05740056                    
5.23                          45.27386                      0.05978863                    
5.24                          47.37089                      0.06088456                    
5.25                          49.5518                       0.06336152                    
5.26                          51.56495                      0.06495384                    
5.27                          53.74586                      0.06679101                    
5.28                          55.3396                       0.06829278                    
5.29                          57.6044                       0.07050645                    
5.3                           59.61755                      0.07243752                    
5.31                          61.21129                      0.07408771                    
5.32                          63.3922                       0.07578653                    
5.33                          65.48923                      0.07801948                    
5.34                          67.67014                      0.07957406                    
5.35                          69.43164                      0.08126199                    
5.36                          71.52867                      0.08353098                    
5.37                          73.45794                      0.08490279                    
5.38                          75.13556                      0.08668127                    
5.39                          76.98095                      0.08831635                    
5.4                           79.49739                      0.09047635                    
5.41                          81.17501                      0.09223386                    
5.42                          83.35592                      0.09394526                    
5.43                          85.11742                      0.09601218                    
5.44                          87.29834                      0.09761206                    
5.45                          89.81477                      0.09966305                    
5.46                          91.32463                      0.1011516                     
5.47                          93.42166                      0.1034579                     
5.48                          95.18317                      0.1048584                     
5.49                          97.53185                      0.1070138                     
5.5                           99.37723                      0.1084982                     
5.51                          101.5581                      0.1106871                     
5.52                          103.3196                      0.1122554                     
5.53                          105.0811                      0.1139411                     
5.54                          107.5976                      0.116239                      
5.55                          109.5268                      0.117824                      
5.56                          111.3722                      0.1197697                     
5.57                          113.5531                      0.1214722                     
5.58                          115.3985                      0.1230489                     
5.59                          117.0761                      0.1251539                     
5.6                           119.5926                      0.1269402                     
5.61                          121.438                       0.1283324                     
5.62                          123.1156                      0.1307058                     
5.63                          125.5482                      0.1323915                     
5.64                          127.2258                      0.1343288                     
5.65                          129.4906                      0.1362073                     
5.66                          131.5876                      0.1379769                     
5.67                          133.5169                      0.1397968                     
5.68                          135.1106                      0.1411889                     
5.69                          137.627                       0.1434366                     
5.7                           139.4724                      0.1452313                     
5.71                          141.1501                      0.1469925                     
5.72                          143.4987                      0.1484936                     
5.73                          145.5119                      0.1507999                     
5.74                          147.2734                      0.1522005                     
5.75                          150.1253                      0.1543055                     
5.76                          151.3836                      0.1562009                     
5.77                          153.6483                      0.1578446                     
5.78                          155.4099                      0.1594968                     
5.79                          157.5908                      0.1611993                     
5.8                           159.52                        0.163581                      
5.81                          161.7848                      0.1649648                     
5.82                          163.2108                      0.166877                      
5.83                          165.5595                      0.1685794                     
5.84                          167.4887                      0.1706341                     
5.85                          169.3341                      0.1725798                     
5.86                          171.6828                      0.1743661                     
5.87                          173.5282                      0.1764879                     
5.88                          175.5413                      0.1778801                     
5.89                          177.8061                      0.1797                        
5.9                           179.7354                      0.1812012                     
5.91                          181.6647                      0.1837423                     
5.92                          183.5939                      0.1849332                     
5.93                          185.4393                      0.1870885                     
5.94                          187.6202                      0.1886736                     
5.95                          189.4656                      0.1902838                     
5.96                          191.4788                      0.1926572                     
5.97                          193.1564                      0.1943093                     
5.98                          196.0083                      0.1961796                     
5.99                          197.8537                      0.1979743                     
6                             199.6152                      0.1995425                     
6.01                          201.1251                      0.2016476                     
6.02                          203.8093                      0.2035765                     
6.03                          205.9902                      0.2053293                     
6.04                          207.7517                      0.2072079                     
6.05                          209.2616                      0.2087258                     
6.06                          211.9458                      0.2103444                     
6.07                          213.7912                      0.212634                      
6.08                          215.2171                      0.2141771                     
6.09                          217.6497                      0.2161815                     
6.1                           219.4112                      0.2179175                     
6.11                          221.3405                      0.2196619                     
6.12                          223.4375                      0.2212302                     
6.13                          225.7023                      0.2236371                     
6.14                          227.7154                      0.2253396                     
6.15                          229.6447                      0.2273188                     
6.16                          231.6579                      0.2284006                     
6.17                          233.5032                      0.2310089                     
6.18                          235.5164                      0.23277                       
6.19                          237.8651                      0.234288                      
6.2                           239.4588                      0.2361918                     
6.21                          241.2203                      0.2377852                     
6.22                          243.569                       0.2400496                     
6.23                          245.4982                      0.2412824                     
6.24                          247.5953                      0.2434461                     
6.25                          249.5245                      0.2454589                     
6.26                          251.4538                      0.2464653                     
6.27                          253.7186                      0.2492916                     
6.28                          255.564                       0.2507089                     
6.29                          257.7449                      0.2526546                     
6.3                           259.5064                      0.2543235                     
6.31                          262.0229                      0.2560595                     
6.32                          263.6166                      0.2584496                     
6.33                          265.3781                      0.2599257                     
6.34                          267.7267                      0.2616952                     
6.35                          269.2366                      0.2638003                     
6.36                          271.3336                      0.265184                      
6.37                          273.6823                      0.2671129                     
6.38                          275.6955                      0.269218                      
6.39                          277.7086                      0.2710546                     
6.4                           279.6379                      0.2725307                     
6.41                          281.651                       0.2739228                     
6.42                          283.5803                      0.2763885                     
6.43                          285.5096                      0.2780238                     
6.44                          287.6066                      0.280045                      
6.45                          289.6198                      0.2820159                     
6.46                          291.8845                      0.2834332                     
6.47                          293.5622                      0.2857143                     
6.48                          295.9947                      0.2871484                     
6.49                          297.5046                      0.2894128                     
6.5                           300.021                       0.291023                      
6.51                          301.2792                      0.2925745                     
6.52                          303.7118                      0.294646                      
6.53                          305.3894                      0.2965078                     
6.54                          307.5703                      0.2983444                     
6.55                          309.919                       0.3001643                     
6.56                          311.5966                      0.3019255                     
6.57                          313.5259                      0.3037202                     
6.58                          315.7907                      0.305624                      
6.59                          317.636                       0.3072594                     
6.6                           319.6492                      0.3093308                     
6.61                          321.6624                      0.310874                      
6.62                          323.7594                      0.3131215                     
6.63                          325.6048                      0.3143208                     
6.64                          328.0373                      0.3164426                     
6.65                          329.715                       0.3184386                     
6.66                          331.6442                      0.3199314                     
6.67                          333.5735                      0.3224641                     
6.68                          336.0899                      0.3239234                     
6.69                          337.9353                      0.3258439                     
6.7                           339.1096                      0.3273787                     
6.71                          341.8777                      0.3291734                     
6.72                          343.7231                      0.3315049                     
6.73                          345.7362                      0.332939                      
6.74                          348.0849                      0.3346246                     
6.75                          350.0142                      0.3366374                     
6.76                          351.6918                      0.338365                      
6.77                          353.7888                      0.3401514                     
6.78                          355.802                       0.3422648                     
6.79                          358.0668                      0.3440343                     
6.8                           359.6605                      0.3455607                     
6.81                          361.8414                      0.3471206                     
6.82                          363.6868                      0.3496701                     
6.83                          366.0355                      0.3513306                     
6.84                          367.6292                      0.353117                      
6.85                          370.0618                      0.3550543                     
6.86                          371.4878                      0.3565387                     
6.87                          373.5848                      0.358585                      
6.88                          375.4302                      0.3600778                     
6.89                          378.0305                      0.3624932                     
6.9                           379.5403                      0.3640279                     
6.91                          381.9729                      0.3655542                     
6.92                          384.3216                      0.3677683                     
6.93                          385.9153                      0.3695546                     
6.94                          388.0963                      0.3711313                     
6.95                          390.1933                      0.3730937                     
6.96                          391.9548                      0.3750646                     
6.97                          393.4647                      0.3765239                     
6.98                          395.7294                      0.3784947                     
6.99                          398.162                       0.3801804                     
7                             400.1751                      0.3823105                     
7.01                          401.8528                      0.3839292                     
7.02                          403.9498                      0.3859084                     
7.03                          405.8791                      0.3878037                     
7.04                          407.8083                      0.3894224                     
7.05                          409.8215                      0.3912842                     
7.06                          411.4991                      0.3930034                     
7.07                          414.0155                      0.3952426                     
7.08                          415.8609                      0.3965845                     
7.09                          417.7902                      0.3986811                     
7.1                           419.7195                      0.4001823                     
7.11                          421.6487                      0.4021699                     
7.12                          423.9974                      0.4040988                     
7.13                          426.2622                      0.4058851                     
7.14                          427.9398                      0.4074367                     
7.15                          429.953                       0.4095752                     
7.16                          431.9661                      0.4113028                     
7.17                          433.8954                      0.4129466                     
7.18                          436.1602                      0.4151355                     
7.19                          437.8378                      0.4167122                     
7.2                           440.1026                      0.4188507                     
7.21                          441.7802                      0.4202932                     
7.22                          443.8772                      0.422046                      
7.23                          445.7226                      0.4242013                     
7.24                          448.0713                      0.4258619                     
7.25                          450.3361                      0.4276231                     
7.26                          452.0137                      0.4296778                     
7.27                          454.0269                      0.4310951                     
7.28                          456.1239                      0.4330743                     
7.29                          458.1371                      0.4350535                     
7.3                           459.3114                      0.4367979                     
7.31                          461.66                        0.4385172                     
7.32                          463.9249                      0.4401107                     
7.33                          466.1896                      0.4425427                     
7.34                          467.8672                      0.4438426                     
7.35                          469.7965                      0.4459057                     
7.36                          471.9774                      0.4474572                     
7.37                          473.739                       0.4494952                     
7.38                          475.6682                      0.4516337                     
7.39                          477.7652                      0.4533781                     
7.4                           479.8622                      0.4551729                     
7.41                          481.7077                      0.456825                      
7.42                          483.9724                      0.4585107                     
7.43                          485.9856                      0.4606241                     
7.44                          488.2504                      0.4625111                     
7.45                          490.1796                      0.4640374                     
7.46                          491.6056                      0.4660586                     
7.47                          493.8704                      0.4675095                     
7.48                          496.0513                      0.4693294                     
7.49                          498.0645                      0.4713757                     
7.5                           499.7421                      0.4733633                     
7.51                          501.8391                      0.47468                       
7.52                          503.7684                      0.4767179                     
7.53                          505.7815                      0.4784958                     
7.54                          507.8786                      0.4805925                     
7.55                          509.724                       0.4823872                     
7.56                          512.3243                      0.484098                      
7.57                          514.3375                      0.485876                      
7.58                          515.8473                      0.4874946                     
7.59                          518.196                       0.4897925                     
7.6                           520.0413                      0.4915034                     
7.61                          522.0545                      0.4932562                     
7.62                          524.0676                      0.4946316                     
7.63                          526.2485                      0.4965521                     
7.64                          527.9261                      0.4988416                     
7.65                          529.6877                      0.5002506                     
7.66                          531.8686                      0.502171                      
7.67                          534.1334                      0.5042174                     
7.68                          535.7271                      0.5058276                     
7.69                          537.9919                      0.5077565                     
7.7                           540.2567                      0.5098951                     
7.71                          542.1021                      0.511564                      
7.72                          544.0314                      0.5132497                     
7.73                          546.0445                      0.5146922                     
7.74                          548.1415                      0.5169398                     
7.75                          550.1547                      0.5187597                     
7.76                          552.084                       0.5204202                     
7.77                          554.181                       0.522173                      
7.78                          556.1102                      0.5241941                     
7.79                          557.7879                      0.5257205                     
7.8                           560.2205                      0.5278507                     
7.81                          562.4852                      0.5297628                     
7.82                          563.9951                      0.531222                      
7.83                          565.9243                      0.5332432                     
7.84                          567.6859                      0.534736                      
7.85                          570.1184                      0.5370675                     
7.86                          572.0477                      0.5385771                     
7.87                          573.8931                      0.5405311                     
7.88                          575.9901                      0.5420407                     
7.89                          578.0032                      0.5439025                     
7.9                           580.0164                      0.5462256                     
7.91                          582.2812                      0.5476848                     
7.92                          584.3782                      0.5495299                     
7.93                          585.972                       0.5513917                     
7.94                          588.069                       0.5531361                     
7.95                          590.2499                      0.5552328                     
7.96                          591.592                       0.5570275                     
7.97                          594.0245                      0.5588809                     
7.98                          596.1216                      0.560533                      
7.99                          597.6314                      0.5616568                     
8                             600.3156                      0.5645502                     
8.01                          601.6578                      0.5658836                     
8.02                          604.1742                      0.5675861                     
8.03                          606.1035                      0.5696157                     
8.04                          608.0327                      0.5710246                     
8.05                          610.1297                      0.5733309                     
8.06                          612.059                       0.574874                      
8.07                          614.3238                      0.5769791                     
8.08                          616.2531                      0.5783125                     
8.09                          618.0984                      0.5801995                     
8.1                           620.0277                      0.5822458                     
8.11                          621.957                       0.5843592                     
8.12                          624.2218                      0.5859694                     
8.13                          625.9833                      0.5879403                     
8.14                          628.0803                      0.5892653                     
8.15                          630.0096                      0.5916387                     
8.16                          632.2744                      0.5932154                     
8.17                          634.4553                      0.5950521                     
8.18                          636.3846                      0.5970061                     
8.19                          638.2299                      0.598197                      
8.2                           640.1592                      0.6008052                     
8.21                          642.0885                      0.6020381                     
8.22                          644.2693                      0.6040592                     
8.23                          646.0309                      0.6059462                     
8.24                          647.7085                      0.6075312                     
8.25                          650.0572                      0.6096447                     
8.26                          652.4058                      0.6114142                     
8.27                          654.2512                      0.6132928                     
8.28                          656.2643                      0.614643                      
8.29                          658.1936                      0.6167313                     
8.3                           660.2907                      0.6187692                     
8.31                          662.136                       0.6205639                     
8.32                          663.9814                      0.6220232                     
8.33                          666.414                       0.6242708                     
8.34                          668.511                       0.6259062                     
8.35                          670.1047                      0.6276422                     
8.36                          672.2018                      0.6297388                     
8.37                          674.215                       0.6315503                     
8.38                          676.2281                      0.6333702                     
8.39                          678.0735                      0.6346449                     
8.4                           680.1705                      0.6368003                     
8.41                          682.0998                      0.6387125                     
8.42                          684.4485                      0.6403813                     
8.43                          686.2939                      0.6419916                     
8.44                          688.2231                      0.6441469                     
8.45                          690.0685                      0.6454552                     
8.46                          692.1656                      0.6478118                     
8.47                          694.0948                      0.6497743                     
8.48                          696.0241                      0.6512587                     
8.49                          698.0372                      0.6530367                     
8.5                           700.2181                      0.6545379                     
8.51                          702.399                       0.6568357                     
8.52                          704.2444                      0.6586137                     
8.53                          706.2576                      0.6605846                     
8.54                          707.9352                      0.6620857                     
8.55                          710.0322                      0.6637043                     
8.56                          712.2971                      0.6660861                     
8.57                          714.0585                      0.667688                      
8.58                          716.3233                      0.6696169                     
8.59                          718.0848                      0.6712522                     
8.6                           720.3496                      0.6731224                     
8.61                          722.1111                      0.6748836                     
8.62                          724.2921                      0.6767706                     
8.63                          726.2213                      0.6787498                     
8.64                          728.1506                      0.6804355                     
8.65                          729.996                       0.6816935                     
8.66                          732.2607                      0.6843436                     
8.67                          734.2739                      0.6859874                     
8.68                          736.4548                      0.6873544                     
8.69                          738.384                       0.6895769                     
8.7                           740.2295                      0.691338                      
8.71                          742.1588                      0.6926128                     
8.72                          743.6686                      0.6946591                     
8.73                          746.2689                      0.6968731                     
8.74                          748.366                       0.6987433                     
8.75                          750.1274                      0.7003284                     
8.76                          751.8051                      0.7017121                     
8.77                          754.4893                      0.7042533                     
8.78                          756.1669                      0.7057964                     
8.79                          758.18                        0.7078428                     
8.8                           760.1093                      0.7094194                     
8.81                          761.9547                      0.7110883                     
8.82                          764.0517                      0.7131514                     
8.83                          766.0649                      0.7149126                     
8.84                          768.1619                      0.7169254                     
8.85                          770.0073                      0.7183259                     
8.86                          771.7687                      0.7200284                     
8.87                          774.1174                      0.7220495                     
8.88                          776.2145                      0.7237772                     
8.89                          778.3115                      0.7257899                     
8.9                           780.4924                      0.7276098                     
8.91                          782.17                        0.7291613                     
8.92                          784.5187                      0.7311657                     
8.93                          786.448                       0.7331365                     
8.94                          788.1256                      0.7346042                     
8.95                          790.4742                      0.7368098                     
8.96                          792.1519                      0.7384284                     
8.97                          794.5845                      0.7404999                     
8.98                          796.5137                      0.7420599                     
8.99                          798.1074                      0.7439888                     
9                             800.4561                      0.7459931                     
9.01                          802.5532                      0.7472091                     
9.02                          804.4824                      0.749658                      
9.03                          806.1601                      0.7511341                     
9.04                          808.4249                      0.7531049                     
9.05                          810.1863                      0.7544803                     
9.06                          812.535                       0.7565686                     
9.07                          814.2966                      0.7587239                     
9.08                          815.8903                      0.7599568                     
9.09                          818.5745                      0.7622882                     
9.1                           820.6714                      0.7639655                     
9.11                          822.1813                      0.7655757                     
9.12                          824.53                        0.767404                      
9.13                          826.1238                      0.7694252                     
9.14                          828.053                       0.7710018                     
9.15                          830.2339                      0.7729307                     
9.16                          832.2471                      0.774759                      
9.17                          834.0086                      0.7764279                     
9.18                          836.525                       0.7785665                     
9.19                          838.2866                      0.7802019                     
9.2                           840.2158                      0.7822481                     
9.21                          842.4806                      0.7838081                     
9.22                          843.9066                      0.7854183                     
9.23                          846.7585                      0.7875988                     
9.24                          848.0168                      0.7894942                     
9.25                          850.3655                      0.7911295                     
9.26                          852.4625                      0.7929913                     
9.27                          854.224                       0.7946854                     
9.28                          856.2371                      0.7965137                     
9.29                          858.418                       0.7984174                     
9.3                           860.1795                      0.8000193                     
9.31                          862.1927                      0.802074                      
9.32                          864.2059                      0.8037429                     
9.33                          866.3867                      0.8058144                     
9.34                          868.3999                      0.8076174                     
9.35                          870.413                       0.8092864                     
9.36                          872.4262                      0.8111902                     
9.37                          874.6071                      0.8123223                     
9.38                          876.4525                      0.8150982                     
9.39                          878.3817                      0.8164988                     
9.4                           880.5627                      0.8181006                     
9.41                          882.408                       0.8197276                     
9.42                          884.5889                      0.8218998                     
9.43                          886.0988                      0.8233758                     
9.44                          888.1119                      0.8256317                     
9.45                          890.4606                      0.8274768                     
9.46                          892.306                       0.8290535                     
9.47                          894.2353                      0.8308818                     
9.48                          896.584                       0.8324584                     
9.49                          898.2616                      0.8347647                     
9.5                           900.6102                      0.8362743                     
9.51                          902.5396                      0.8383039                     
9.52                          904.2172                      0.8399392                     
9.53                          906.0626                      0.8415662                     
9.54                          908.1595                      0.8438054                     
9.55                          910.3405                      0.8453821                     
9.56                          912.8569                      0.8473948                     
9.57                          914.5345                      0.8489715                     
9.58                          916.2122                      0.8508501                     
9.59                          918.3091                      0.8526868                     
9.6                           920.3223                      0.8545402                     
9.61                          922.671                       0.8566285                     
9.62                          924.1808                      0.8582051                     
9.63                          926.4456                      0.8596644                     
9.64                          928.5427                      0.8622139                     
9.65                          930.2203                      0.8637067                     
9.66                          932.4012                      0.8652498                     
9.67                          934.1627                      0.8673632                     
9.68                          936.1758                      0.8687722                     
9.69                          938.3568                      0.8708352                     
9.7                           940.3699                      0.8724455                     
9.71                          942.8025                      0.8746428                     
9.72                          944.0607                      0.876211                      
9.73                          946.3255                      0.8778129                     
9.74                          948.3387                      0.8803707                     
9.75                          950.5195                      0.8815449                     
9.76                          952.1972                      0.8836331                     
9.77                          954.7137                      0.885193                      
9.78                          956.1396                      0.8868955                     
9.79                          958.5722                      0.8892437                     
9.8                           960.5015                      0.8908455                     
9.81                          962.179                       0.8920616                     
9.82                          964.6955                      0.8946027                     
9.83                          966.457                       0.8959026                     
9.84                          968.3862                      0.8982089                     
9.85                          970.1478                      0.8997688                     
9.86                          972.4126                      0.9016642                     
9.87                          974.0901                      0.9034673                     
9.88                          976.8583                      0.9049098                     
9.89                          978.1165                      0.9074844                     
9.9                           980.3812                      0.9089689                     
9.91                          982.2266                      0.9107804                     
9.92                          984.3237                      0.9124661                     
9.93                          986.5046                      0.9142356                     
9.94                          988.4338                      0.9163156                     
9.95                          990.5309                      0.9179257                     
9.96                          992.7119                      0.9207845                     
9.97                          994.1378                      0.9222956                     
9.98                          996.2348                      0.9242263                     
9.99                          998.3318                      0.9256534                     
10                            1000.345                      0.9280879                     
10.015                        998.4996                      0.8966079                     
10.03                         995.5638                      0.888465                      
10.045                        992.4601                      0.8846874                     
10.06                         989.3566                      0.8814135                     
10.075                        986.4207                      0.879063                      
10.09                         983.4849                      0.875873                      
10.105                        980.2974                      0.8737743                     
10.12                         977.6971                      0.8698288                     
10.135                        974.0901                      0.8677301                     
10.15                         971.5738                      0.864876                      
10.165                        968.6379                      0.8626094                     
10.18                         965.5343                      0.8593354                     
10.195                        961.9274                      0.8562294                     
10.21                         959.0755                      0.8534592                     
10.225                        956.3912                      0.8514445                     
10.24                         953.036                       0.8485063                     
10.255                        950.6873                      0.8458201                     
10.27                         947.0804                      0.8431337                     
10.285                        944.8156                      0.8404475                     
10.3                          941.7121                      0.837929                      
10.315                        938.0212                      0.8355786                     
10.33                         935.0016                      0.8318849                     
10.345                        932.4851                      0.8296183                     
10.36                         929.2976                      0.8260925                     
10.375                        926.3618                      0.8243297                     
10.39                         923.2582                      0.8214754                     
10.405                        920.3223                      0.8182855                     
10.42                         917.1349                      0.815935                      
10.435                        914.4506                      0.8131647                     
10.45                         911.347                       0.8104784                     
10.465                        908.4112                      0.8078761                     
10.48                         905.3915                      0.8043503                     
10.495                        902.3717                      0.8023356                     
10.51                         899.6876                      0.7992296                     
10.525                        895.9129                      0.7964594                     
10.54                         893.3126                      0.7940249                     
10.555                        890.4606                      0.7911707                     
10.57                         887.0215                      0.7886523                     
10.585                        884.5051                      0.7857141                     
10.6                          881.3176                      0.7830279                     
10.615                        878.214                       0.7802576                     
10.63                         875.0265                      0.777991                      
10.645                        872.4262                      0.7751368                     
10.66                         869.1548                      0.7722827                     
10.675                        866.5545                      0.7695964                     
10.69                         863.4509                      0.7661546                     
10.705                        860.0956                      0.7636361                     
10.72                         857.4114                      0.7608659                     
10.735                        854.4756                      0.7586833                     
10.75                         851.2881                      0.7558291                     
10.765                        848.1845                      0.7526391                     
10.78                         844.9131                      0.7503725                     
10.795                        842.3967                      0.7476862                     
10.81                         839.1254                      0.7449999                     
10.825                        836.1056                      0.7421458                     
10.84                         833.4214                      0.7391236                     
10.855                        829.9823                      0.7365213                     
10.87                         826.8787                      0.7336671                     
10.885                        824.1106                      0.7312327                     
10.9                          821.1747                      0.7287143                     
10.915                        818.7422                      0.7255243                     
10.93                         814.9676                      0.7230898                     
10.945                        812.4511                      0.7201517                     
10.96                         809.1797                      0.7173814                     
10.975                        805.9084                      0.714947                      
10.99                         803.308                       0.7120088                     
11.005                        800.0367                      0.7094065                     
11.02                         797.4365                      0.7057968                     
11.035                        793.9973                      0.7034463                     
11.05                         790.8937                      0.7010958                     
11.065                        788.2095                      0.6979058                     
11.08                         784.7703                      0.6954713                     
11.095                        782.0862                      0.6929529                     
11.11                         779.0665                      0.6899308                     
11.125                        775.9628                      0.6876643                     
11.14                         773.1948                      0.6839706                     
11.155                        770.2589                      0.6820399                     
11.17                         767.0714                      0.6792696                     
11.185                        764.3034                      0.6765833                     
11.2                          761.0319                      0.6737291                     
11.215                        758.0123                      0.6709589                     
11.23                         755.3281                      0.6680207                     
11.245                        751.9728                      0.6656702                     
11.26                         749.6241                      0.6632358                     
11.275                        746.5206                      0.6602976                     
11.29                         742.8298                      0.6568558                     
11.305                        740.565                       0.6546732                     
11.32                         737.1259                      0.6520708                     
11.335                        734.3578                      0.6494685                     
11.35                         731.338                       0.6467822                     
11.365                        728.0667                      0.6431725                     
11.38                         725.2986                      0.6410738                     
11.395                        722.2789                      0.6380517                     
11.41                         718.7559                      0.6355333                     
11.425                        716.4072                      0.632931                      
11.44                         712.8842                      0.6299928                     
11.455                        710.1161                      0.6275584                     
11.47                         707.0125                      0.6243684                     
11.485                        704.1606                      0.6221018                     
11.5                          701.0569                      0.6190798                     
11.515                        697.9534                      0.6165614                     
11.53                         694.7658                      0.6133714                     
11.545                        692.0817                      0.610853                      
11.56                         689.4813                      0.607663                      
11.575                        685.9584                      0.606068                      
11.59                         683.2741                      0.6026262                     
11.605                        680.1705                      0.6003596                     
11.62                         677.2347                      0.5971696                     
11.635                        674.2988                      0.5947352                     
11.65                         671.1113                      0.5920489                     
11.665                        668.2594                      0.5891947                     
11.68                         664.8203                      0.5865923                     
11.695                        661.9683                      0.584074                      
11.71                         658.9486                      0.580884                      
11.725                        655.761                       0.5783656                     
11.74                         653.0769                      0.5751756                     
11.755                        649.9733                      0.5728251                     
11.77                         647.2052                      0.5701388                     
11.785                        643.7661                      0.5676204                     
11.8                          640.9141                      0.5644304                     
11.815                        638.2299                      0.5618281                     
11.83                         634.9586                      0.5592257                     
11.845                        632.1905                      0.5561197                     
11.86                         628.9191                      0.5538531                     
11.875                        626.3188                      0.550831                      
11.89                         623.1313                      0.5478089                     
11.905                        620.1116                      0.5455424                     
11.92                         616.9241                      0.54294                       
11.935                        613.6528                      0.5403377                     
11.95                         610.7169                      0.5368119                     
11.965                        607.7811                      0.5346293                     
11.98                         604.8452                      0.5317751                     
11.995                        601.9932                      0.5290048                     
12.01                         598.9736                      0.5263186                     
12.025                        595.5344                      0.5235483                     
12.04                         592.9341                      0.520946                      
12.055                        590.2499                      0.5183436                     
12.07                         587.1463                      0.5156573                     
12.085                        584.1266                      0.5126352                     
12.1                          580.8552                      0.5096132                     
12.115                        578.0872                      0.506943                      
12.13                         574.8997                      0.5041335                     
12.145                        571.9638                      0.5015841                     
12.16                         568.9441                      0.4982378                     
12.175                        565.5049                      0.4959734                     
12.19                         563.0724                      0.493231                      
12.205                        560.0527                      0.4906144                     
12.22                         556.4458                      0.4877714                     
12.235                        554.0971                      0.4844755                     
12.25                         550.9935                      0.481993                      
12.265                        548.0577                      0.4793429                     
12.28                         545.2057                      0.4766005                     
12.295                        541.7666                      0.4737071                     
12.31                         538.663                       0.471166                      
12.325                        535.9788                      0.4684236                     
12.34                         532.959                       0.4658154                     
12.355                        529.8554                      0.4632659                     
12.37                         526.668                       0.4602886                     
12.385                        524.3193                      0.4576972                     
12.4                          520.7963                      0.4545523                     
12.415                        517.9443                      0.4520531                     
12.43                         514.7568                      0.4495874                     
12.445                        511.7371                      0.4464341                     
12.46                         508.8852                      0.4438846                     
12.475                        506.0332                      0.4412596                     
12.49                         503.2651                      0.4384585                     
12.505                        499.4905                      0.4359257                     
12.52                         496.974                       0.4327724                     
12.535                        494.0382                      0.4304661                     
12.55                         490.8507                      0.4276734                     
12.565                        487.831                       0.4244781                     
12.58                         484.6435                      0.4220628                     
12.595                        482.0432                      0.4193372                     
12.61                         478.9396                      0.4167289                     
12.625                        475.9199                      0.4138524                     
12.64                         473.0679                      0.4111267                     
12.655                        470.132                       0.4083508                     
12.67                         466.609                       0.4058684                     
12.685                        463.6732                      0.4031092                     
12.7                          460.5696                      0.4003416                     
12.715                        457.8015                      0.3976999                     
12.73                         454.614                       0.394471                      
12.745                        451.5943                      0.3917957                     
12.76                         448.8262                      0.3892294                     
12.775                        445.8904                      0.3867303                     
12.79                         442.619                       0.3841137                     
12.805                        439.7671                      0.3809771                     
12.82                         436.8312                      0.3784611                     
12.835                        433.7276                      0.3757103                     
12.85                         431.0434                      0.3732111                     
12.865                        427.7721                      0.3705107                     
12.88                         424.5846                      0.3674412                     
12.895                        421.6487                      0.3650678                     
12.91                         419.1323                      0.3620067                     
12.925                        415.8609                      0.3590798                     
12.94                         413.0089                      0.3565974                     
12.955                        410.2409                      0.3537544                     
12.97                         406.5501                      0.3512384                     
12.985                        403.6982                      0.3484457                     
13                            400.8462                      0.3456781                     
13.015                        397.5748                      0.3428435                     
13.03                         394.639                       0.3402269                     
13.045                        391.8709                      0.3373922                     
13.06                         388.5995                      0.3350356                     
13.075                        385.2443                      0.3319409                     
13.09                         382.4762                      0.3290392                     
13.105                        379.7081                      0.3262633                     
13.12                         376.6884                      0.3240576                     
13.135                        373.8365                      0.3212733                     
13.15                         370.3134                      0.3189502                     
13.165                        367.2098                      0.3154782                     
13.18                         364.945                       0.3132054                     
13.195                        361.5898                      0.3105469                     
13.21                         358.8217                      0.3081986                     
13.225                        355.5504                      0.3052382                     
13.24                         352.7823                      0.302219                      
13.255                        349.9303                      0.2994011                     
13.27                         346.7428                      0.2969355                     
13.285                        343.2198                      0.2941679                     
13.3                          341.1228                      0.2916268                     
13.315                        337.5159                      0.2884483                     
13.33                         334.2445                      0.2860582                     
13.345                        331.6442                      0.2829887                     
13.36                         328.96                        0.2807998                     
13.375                        325.6048                      0.2775374                     
13.39                         323.0883                      0.2751221                     
13.405                        319.4814                      0.2717507                     
13.42                         316.6295                      0.2694696                     
13.435                        313.9453                      0.2668278                     
13.45                         310.3384                      0.2642699                     
13.465                        307.9059                      0.2611249                     
13.48                         304.8022                      0.2589445                     
13.495                        301.3631                      0.2557324                     
13.51                         298.595                       0.2536106                     
13.525                        295.4076                      0.2501637                     
13.54                         292.7234                      0.2482181                     
13.555                        289.5359                      0.2450312                     
13.57                         286.6839                      0.2423642                     
13.585                        283.5803                      0.2395715                     
13.6                          280.3928                      0.2368795                     
13.615                        277.8764                      0.2339693                     
13.63                         274.4373                      0.2319314                     
13.645                        271.6692                      0.2283671                     
13.66                         268.8172                      0.2264969                     
13.675                        265.7975                      0.2227649                     
13.69                         262.61                        0.2208779                     
13.705                        259.2548                      0.2175401                     
13.72                         256.8222                      0.215586                      
13.735                        253.8025                      0.2117198                     
13.75                         250.3633                      0.2094219                     
13.765                        247.5953                      0.2064279                     
13.78                         244.7433                      0.2043564                     
13.795                        241.3042                      0.201027                      
13.81                         238.62                        0.1985278                     
13.825                        235.4325                      0.1955086                     
13.84                         232.4128                      0.1935378                     
13.855                        229.7286                      0.1901832                     
13.87                         226.7927                      0.1882794                     
13.885                        223.5214                      0.1847655                     
13.9                          220.6694                      0.1829372                     
13.915                        217.5658                      0.1791884                     
13.93                         214.3783                      0.177335                      
13.945                        211.5264                      0.1740391                     
13.96                         208.3389                      0.1718082                     
13.975                        205.7386                      0.1686465                     
13.99                         202.8866                      0.1664996                     
14.005                        199.5313                      0.162843                      
14.02                         196.5116                      0.1611406                     
14.035                        193.8274                      0.1573415                     
14.05                         190.3883                      0.1556809                     
14.065                        187.3686                      0.1520999                     
14.08                         184.4327                      0.1497432                     
14.095                        181.5808                      0.1466402                     
14.11                         178.3933                      0.1443591                     
14.125                        175.4575                      0.1410716                     
14.14                         172.3539                      0.1391343                     
14.155                        169.7535                      0.1356371                     
14.17                         166.9016                      0.1338423                     
14.185                        163.3786                      0.1300097                     
14.2                          160.6105                      0.1283492                     
14.215                        157.5908                      0.1250281                     
14.23                         154.2355                      0.1229147                     
14.245                        151.2158                      0.1191575                     
14.26                         148.8671                      0.1169602                     
14.275                        145.2602                      0.1138991                     
14.29                         142.4922                      0.1120122                     
14.305                        139.3885                      0.1084227                     
14.32                         136.2849                      0.1066951                     
14.335                        133.1814                      0.1028289                     
14.35                         130.1616                      0.1010006                     
14.365                        127.4774                      0.09747829                    
14.38                         124.7093                      0.09570872                    
14.395                        121.438                       0.09227862                    
14.41                         118.4183                      0.08966202                    
14.425                        115.6502                      0.08651707                    
14.44                         112.2949                      0.0846888                     
14.455                        109.3591                      0.08114968                    
14.47                         106.4232                      0.07924593                    
14.485                        103.1519                      0.07553907                    
14.5                          100.6354                      0.07370242                    
14.515                        97.6996                       0.07018846                    
14.53                         94.17659                      0.06842728                    
14.545                        91.49239                      0.06446883                    
14.56                         88.13715                      0.06238897                    
14.575                        85.28519                      0.05902597                    
14.59                         82.68488                      0.05702158                    
14.605                        79.49739                      0.05355794                    
14.62                         76.14214                      0.05141937                    
14.635                        73.12241                      0.0480312                     
14.65                         70.43822                      0.04645453                    
14.665                        67.67014                      0.04276445                    
14.68                         64.65041                      0.04106199                    
14.695                        61.54681                      0.03743061                    
14.71                         58.0238                       0.03526688                    
14.725                        55.50737                      0.03199613                    
14.74                         52.73929                      0.03020271                    
14.755                        49.63568                      0.02687132                    
14.77                         46.53208                      0.02450169                    
14.785                        43.59624                      0.02112418                    
14.8                          40.57652                      0.01928114                    
14.815                        36.88575                      0.01574264                    
14.83                         34.62095                      0.01398177                    
14.845                        31.34959                      0.01007516                    
14.86                         28.32987                      0.007897554                   
14.875                        25.0585                       0.004707869                   
14.89                         22.70983                      0.002721443                   
14.905                        19.77398                      -0.0006317507                 
14.92                         16.50262                      -0.002711251                  
14.935                        13.31513                      -0.006109725                  
14.95                         10.46317                      -0.008221088                  
14.965                        7.275689                      -0.01162879                   
14.98                         4.172085                      -0.01357832                   
14.995                        1.487887                      -0.01700278                   
15.01                         -1.699597                     -0.01926508                   
15.025                        -4.803201                     -0.02274237                   
15.04                         -7.487399                     -0.02451749                   
15.055                        -10.67488                     -0.02830084                   
15.07                         -13.61073                     -0.0299242                    
15.085                        -16.63045                     -0.0335499                    
15.1                          -19.48241                     -0.03531916                   
15.115                        -22.50213                     -0.03889959                   
15.13                         -25.94126                     -0.04089691                   
15.145                        -28.8771                      -0.04422663                   
15.16                         -31.47742                     -0.04610237                   
15.175                        -34.83266                     -0.04990333                   
15.19                         -37.68462                     -0.05209938                   
15.205                        -40.45271                     -0.05536034                   
15.22                         -43.5563                      -0.0572495                    
15.235                        -46.91156                     -0.06070918                   
15.25                         -49.76352                     -0.06255726                   
15.265                        -52.36383                     -0.06637415                   
15.28                         -55.97072                     -0.06819957                   
15.295                        -58.82268                     -0.0718387                    
15.31                         -61.59076                     -0.07347883                   
15.325                        -65.19765                     -0.07758751                   
15.34                         -67.96573                     -0.07957897                   
15.355                        -70.90157                     -0.08289192                   
15.37                         -74.17294                     -0.08480036                   
15.385                        -76.85713                     -0.08822902                   
15.4                          -79.79298                     -0.09055924                   
15.415                        -82.89658                     -0.09339926                   
15.43                         -85.9163                      -0.09524398                   
15.445                        -88.6005                      -0.09894767                   
15.46                         -91.95575                     -0.1006096                    
15.475                        -94.89159                     -0.1041942                    
15.49                         -97.91132                     -0.1060129                    
15.505                        -100.6794                     -0.1099546                    
15.52                         -103.6991                     -0.1117744                    
15.535                        -107.1382                     -0.1154729                    
15.55                         -109.7386                     -0.1172173                    
15.565                        -113.0099                     -0.1207229                    
15.58                         -116.2813                     -0.1227608                    
15.595                        -118.63                       -0.12604                      
15.61                         -121.398                      -0.1283546                    
15.625                        -124.8372                     -0.1316589                    
15.64                         -127.5214                     -0.1334956                    
15.655                        -130.8766                     -0.137496                     
15.67                         -133.9802                     -0.1390391                    
15.685                        -137.3355                     -0.1427879                    
15.7                          -140.1874                     -0.1446078                    
15.715                        -142.7039                     -0.1478953                    
15.73                         -145.2203                     -0.1499416                    
15.745                        -149.2466                     -0.1533885                    
15.76                         -151.6791                     -0.1555354                    
15.775                        -154.8666                     -0.1588146                    
15.79                         -157.8025                     -0.1607099                    
15.805                        -161.0738                     -0.1643245                    
15.82                         -163.8419                     -0.1664631                    
15.835                        -166.9455                     -0.1701196                    
15.85                         -169.5459                     -0.1718053                    
15.865                        -172.9011                     -0.1751851                    
15.88                         -175.9208                     -0.1772818                    
15.895                        -179.0244                     -0.1807873                    
15.91                         -181.6247                     -0.1828672                    
15.925                        -185.0638                     -0.1862637                    
15.94                         -187.5803                     -0.1881675                    
15.955                        -190.6                        -0.1915473                    
15.97                         -193.7875                     -0.1940297                    
15.985                        -196.7233                     -0.1974598                    
16                            -199.6592                     -0.1993719                    
16.015                        -202.8467                     -0.2025923                    
16.03                         -205.6148                     -0.2044625                    
16.045                        -208.7184                     -0.2082533                    
16.06                         -211.6542                     -0.2102493                    
16.075                        -215.0094                     -0.2137381                    
16.09                         -217.9453                     -0.2157676                    
16.105                        -220.965                      -0.2193319                    
16.12                         -224.3203                     -0.2210847                    
16.135                        -227.34                       -0.2245148                    
16.15                         -229.7725                     -0.2268043                    
16.165                        -232.8761                     -0.2298067                    
16.18                         -235.8959                     -0.231962                     
16.195                        -238.9995                     -0.2351741                    
16.21                         -241.8514                     -0.2372539                    
16.225                        -244.6195                     -0.2407344                    
16.24                         -247.8909                     -0.2429149                    
16.255                        -250.659                      -0.246043                     
16.27                         -253.8464                     -0.2481061                    
16.285                        -256.95                       -0.2514356                    
16.3                          -260.0536                     -0.2540354                    
16.315                        -263.0734                     -0.2576165                    
16.33                         -265.9253                     -0.2592183                    
16.345                        -269.0289                     -0.2625394                    
16.36                         -272.2164                     -0.2648037                    
16.375                        -274.649                      -0.2678061                    
16.39                         -277.6687                     -0.2705737                    
16.405                        -281.1917                     -0.2735425                    
16.42                         -284.2114                     -0.2757985                    
16.435                        -287.0634                     -0.2787673                    
16.45                         -289.8315                     -0.2809143                    
16.465                        -293.3545                     -0.2850572                    
16.48                         -295.9548                     -0.286961                     
16.495                        -299.1423                     -0.2899047                    
16.51                         -301.9942                     -0.2920013                    
16.525                        -304.9301                     -0.295163                     
16.54                         -307.9498                     -0.2977126                    
16.555                        -311.1373                     -0.3006814                    
16.57                         -313.8215                     -0.3029625                    
16.585                        -317.1767                     -0.3063842                    
16.6                          -320.1964                     -0.3082041                    
16.615                        -322.8806                     -0.3117768                    
16.63                         -326.3198                     -0.3140495                    
16.645                        -329.4234                     -0.3173538                    
16.66                         -332.1914                     -0.3196434                    
16.675                        -335.0434                     -0.3223522                    
16.69                         -337.8954                     -0.3249521                    
16.705                        -341.1667                     -0.3279544                    
16.72                         -344.2703                     -0.3303446                    
16.735                        -346.7868                     -0.3334057                    
16.75                         -350.3937                     -0.3358545                    
16.765                        -353.2456                     -0.3389156                    
16.78                         -356.2654                     -0.3411297                    
16.795                        -359.5367                     -0.3446018                    
16.81                         -362.1371                     -0.3469416                    
16.825                        -365.0729                     -0.3500865                    
16.84                         -368.512                      -0.3522838                    
16.855                        -370.9445                     -0.3552191                    
16.87                         -373.9643                     -0.357517                     
16.885                        -376.8163                     -0.3607878                    
16.9                          -380.0037                     -0.3633038                    
16.915                        -383.1073                     -0.3663061                    
16.93                         -386.2948                     -0.3685537                    
16.945                        -388.8112                     -0.3715309                    
16.96                         -392.502                      -0.3738708                    
16.975                        -395.354                      -0.3774854                    
16.99                         -398.2898                     -0.3796491                    
17.005                        -401.0579                     -0.3826599                    
17.02                         -404.7487                     -0.3849745                    
17.035                        -407.5168                     -0.3877421                    
17.05                         -410.2848                     -0.3906271                    
17.065                        -412.8013                     -0.3936295                    
17.08                         -416.2404                     -0.3959945                    
17.095                        -419.1762                     -0.3988627                    
17.11                         -422.1121                     -0.4013283                    
17.125                        -425.1318                     -0.4043727                    
17.14                         -428.3193                     -0.4069473                    
17.155                        -431.2551                     -0.4101342                    
17.17                         -433.9393                     -0.4123818                    
17.185                        -437.3784                     -0.4156777                    
17.2                          -440.3982                     -0.4178079                    
17.215                        -442.8307                     -0.4207516                    
17.23                         -446.186                      -0.4234604                    
17.245                        -449.4574                     -0.4263454                    
17.26                         -452.4771                     -0.4290375                    
17.275                        -455.2451                     -0.4318721                    
17.29                         -458.0132                     -0.4342539                    
17.305                        -461.0329                     -0.4369712                    
17.32                         -464.0527                     -0.4398142                    
17.335                        -467.0724                     -0.4428333                    
17.35                         -470.3438                     -0.4451396                    
17.365                        -473.3635                     -0.4479072                    
17.38                         -476.1316                     -0.45018                      
17.395                        -479.319                      -0.4535094                    
17.41                         -482.4226                     -0.4559331                    
17.425                        -485.2746                     -0.4590026                    
17.44                         -488.2943                     -0.4615437                    
17.455                        -491.0624                     -0.4639339                    
17.47                         -494.3338                     -0.4669698                    
17.485                        -497.689                      -0.4701903                    
17.5                          -500.541                      -0.4726307                    
17.515                        -503.1413                     -0.4753815                    
17.53                         -506.4127                     -0.477973                     
17.545                        -509.1807                     -0.4808663                    
17.56                         -512.2005                     -0.4834829                    
17.575                        -515.6396                     -0.4864518                    
17.59                         -518.2399                     -0.4887329                    
17.605                        -521.3435                     -0.4921043                    
17.62                         -524.2794                     -0.4943351                    
17.635                        -527.3829                     -0.497044                     
17.65                         -530.4866                     -0.499887                     
17.665                        -533.0869                     -0.5027804                    
17.68                         -536.0228                     -0.5055815                    
17.695                        -539.2102                     -0.5082065                    
17.71                         -542.2299                     -0.5107895                    
17.725                        -545.3336                     -0.5135236                    
17.74                         -548.1016                     -0.5162911                    
17.755                        -551.2052                     -0.5190167                    
17.77                         -553.8894                     -0.5216836                    
17.785                        -557.3286                     -0.5244344                    
17.8                          -560.0966                     -0.5267994                    
17.815                        -563.6196                     -0.5300031                    
17.83                         -566.4716                     -0.5326784                    
17.845                        -569.5752                     -0.5355047                    
17.86                         -572.5949                     -0.5380039                    
17.875                        -574.9436                     -0.5406121                    
17.89                         -578.0472                     -0.5435054                    
17.905                        -581.1508                     -0.5463066                    
17.92                         -584.506                      -0.5487638                    
17.935                        -587.0225                     -0.5515901                    
17.95                         -590.0422                     -0.5546176                    
17.965                        -592.978                      -0.5570497                    
17.98                         -596.1655                     -0.5597669                    
17.995                        -599.4369                     -0.5628113                    
18.01                         -602.5405                     -0.5652602                    
18.025                        -605.4764                     -0.5681955                    
18.04                         -608.496                      -0.5707366                    
18.055                        -611.4319                     -0.5735209                    
18.07                         -614.3677                     -0.5760453                    
18.085                        -617.2197                     -0.5792573                    
18.1                          -620.0717                     -0.581832                     
18.115                        -623.343                      -0.5845576                    
18.13                         -626.2789                     -0.5872916                    
18.145                        -629.2986                     -0.5896818                    
18.16                         -632.4022                     -0.5932964                    
18.175                        -635.6736                     -0.5957117                    
18.19                         -638.4417                     -0.5983031                    
18.205                        -641.713                      -0.600903                     
18.22                         -644.3133                     -0.6034608                    
18.235                        -647.7524                     -0.6065471                    
18.25                         -650.6044                     -0.6087779                    
18.265                        -653.2048                     -0.6117132                    
18.28                         -656.3922                     -0.6141537                    
18.295                        -659.412                      -0.6169884                    
18.31                         -661.9283                     -0.6196804                    
18.325                        -665.1158                     -0.6228086                    
18.34                         -667.9678                     -0.6254252                    
18.355                        -671.1553                     -0.6278321                    
18.37                         -674.5944                     -0.6310359                    
18.385                        -677.6142                     -0.6337112                    
18.4                          -680.55                       -0.6360677                    
18.415                        -683.6536                     -0.6390198                    
18.43                         -686.6733                     -0.6415693                    
18.445                        -689.6092                     -0.6445969                    
18.46                         -692.1256                     -0.6470038                    
18.475                        -695.5647                     -0.6498888                    
18.49                         -698.4167                     -0.6529583                    
18.505                        -701.1848                     -0.6556504                    
18.52                         -704.0367                     -0.6581663                    
18.535                        -707.4759                     -0.6607745                    
18.55                         -710.4117                     -0.6635253                    
18.565                        -713.3476                     -0.66636                      
18.58                         -716.4511                     -0.6691862                    
18.595                        -719.6386                     -0.6717609                    
18.61                         -722.5745                     -0.6743189                    
18.625                        -725.6781                     -0.6770864                    
18.64                         -728.2784                     -0.6795017                    
18.655                        -731.5498                     -0.6827053                    
18.67                         -734.5695                     -0.6855148                    
18.685                        -737.4214                     -0.688316                     
18.7                          -740.0217                     -0.6905803                    
18.715                        -743.4609                     -0.6934652                    
18.73                         -746.7322                     -0.6962329                    
18.745                        -749.4164                     -0.6990172                    
18.76                         -752.9395                     -0.7016674                    
18.775                        -755.8753                     -0.7044181                    
18.79                         -758.7272                     -0.7075547                    
18.805                        -761.4953                     -0.7098442                    
18.82                         -764.6829                     -0.7125279                    
18.835                        -767.9542                     -0.7156896                    
18.85                         -770.4706                     -0.7182475                    
18.865                        -773.6581                     -0.7211744                    
18.88                         -776.3423                     -0.7237491                    
18.895                        -779.5298                     -0.7266257                    
18.91                         -782.4656                     -0.7288565                    
18.925                        -785.6531                     -0.7319344                    
18.94                         -788.8406                     -0.73466                      
18.955                        -791.6087                     -0.7371675                    
18.97                         -794.7123                     -0.7396836                    
18.985                        -797.8159                     -0.7424176                    
19                            -800.5001                     -0.7458141                    
19.015                        -803.6876                     -0.7481623                    
19.03                         -806.7073                     -0.7506279                    
19.045                        -809.727                      -0.7534962                    
19.06                         -812.3273                     -0.7559031                    
19.075                        -815.5148                     -0.7592912                    
19.09                         -818.2829                     -0.7615808                    
19.105                        -821.722                      -0.7644658                    
19.12                         -824.8256                     -0.766965                     
19.135                        -827.5098                     -0.769808                     
19.15                         -830.3618                     -0.7727936                    
19.165                        -833.6331                     -0.7756535                    
19.18                         -836.4012                     -0.7780771                    
19.195                        -839.5048                     -0.7807022                    
19.21                         -842.6923                     -0.7837632                    
19.225                        -845.6281                     -0.7863714                    
19.24                         -848.7318                     -0.7887952                    
19.255                        -851.4998                     -0.7917976                    
19.27                         -854.7712                     -0.7942296                    
19.285                        -857.707                      -0.7973914                    
19.3                          -860.559                      -0.7998738                    
19.315                        -863.6626                     -0.8027169                    
19.33                         -866.8501                     -0.805367                     
19.345                        -869.6182                     -0.8079668                    
19.36                         -872.8057                     -0.8109189                    
19.375                        -875.8254                     -0.8134096                    
19.39                         -878.258                      -0.8162527                    
19.405                        -881.5293                     -0.819037                     
19.42                         -884.4651                     -0.8213937                    
19.435                        -887.3171                     -0.8243541                    
19.45                         -890.924                      -0.8270294                    
19.465                        -893.7759                     -0.830166                     
19.48                         -896.7118                     -0.8326735                    
19.495                        -899.6476                     -0.8354495                    
19.51                         -902.919                      -0.83815                      
19.525                        -905.7709                     -0.8408588                    
19.54                         -908.6229                     -0.8435761                    
19.555                        -911.6426                     -0.8463772                    
19.57                         -914.8301                     -0.8490525                    
19.585                        -917.9337                     -0.8517949                    
19.6                          -920.7018                     -0.8545624                    
19.615                        -923.8054                     -0.8576152                    
19.63                         -926.6574                     -0.8600556                    
19.645                        -929.6771                     -0.8631083                    
19.66                         -932.613                      -0.8655404                    
19.675                        -935.7166                     -0.8681319                    
19.69                         -938.904                      -0.8711594                    
19.705                        -942.0916                     -0.8737509                    
19.72                         -944.7757                     -0.8764597                    
19.735                        -948.1309                     -0.8790344                    
19.75                         -951.1507                     -0.8816845                    
19.765                        -953.5833                     -0.8848128                    
19.78                         -956.6868                     -0.8869681                    
19.795                        -959.8743                     -0.8897859                    
19.81                         -962.8102                     -0.8925115                    
19.825                        -965.5782                     -0.8951868                    
19.84                         -968.7657                     -0.8978203                    
19.855                        -971.7855                     -0.9006549                    
19.87                         -974.8052                     -0.9033889                    
19.885                        -977.741                      -0.90619                      
19.9                          -981.0124                     -0.9086809                    
19.915                        -984.116                      -0.9113225                    
19.93                         -986.9679                     -0.9147359                    
19.945                        -989.6522                     -0.9171093                    
19.96                         -992.7557                     -0.9197595                    
19.975                        -996.0272                     -0.9224767                    
19.99                         -998.6274                     -0.9243659                    
20.005                        -1001.983                     -0.9279757                    
20.02                         -1005.254                     -0.9304101                    
20.035                        -1007.519                     -0.9329285                    
20.05                         -1010.79                      -0.9357827                    
20.065                        -1014.062                     -0.9377974                    
20.08                         -1016.914                     -0.9412392                    
20.095                        -1019.598                     -0.9444292                    
20.11                         -1023.121                     -0.9466958                    
20.125                        -1026.057                     -0.9494661                    
20.14                         -1028.825                     -0.9514807                    
20.155                        -1031.593                     -0.9550905                    
20.17                         -1034.696                     -0.9578607                    
20.185                        -1037.884                     -0.9602113                    
20.2                          -1040.568                     -0.9631494                    
20.215                        -1043.755                     -0.9654999                    
20.23                         -1046.607                     -0.9687738                    
20.245                        -1049.879                     -0.971544                     
20.26                         -1052.563                     -0.9742303                    
20.275                        -1056.086                     -0.9761611                    
20.29                         -1058.77                      -0.9800227                    
20.305                        -1061.706                     -0.9823732                    
20.32                         -1064.977                     -0.9847237                    
20.335                        -1067.829                     -0.9877458                    
20.35                         -1070.346                     -0.9902642                    
20.365                        -1074.204                     -0.9932863                    
20.38                         -1076.805                     -0.9956368                    
20.395                        -1079.908                     -0.9989946                    
20.41                         -1082.928                     -1.001597                     
20.425                        -1086.283                     -1.003864                     
20.44                         -1089.051                     -1.006718                     
20.455                        -1091.903                     -1.009236                     
20.47                         -1095.091                     -1.012174                     
20.485                        -1098.194                     -1.014609                     
20.5                          -1101.046                     -1.017715                     
20.515                        -1103.898                     -1.020401                     
20.53                         -1106.834                     -1.022332                     
20.545                        -1109.686                     -1.026193                     
20.56                         -1113.041                     -1.028796                     
20.575                        -1115.893                     -1.03081                      
20.59                         -1119.081                     -1.034084                     
20.605                        -1121.849                     -1.036771                     
20.62                         -1124.869                     -1.039289                     
20.635                        -1128.14                      -1.042227                     
20.65                         -1130.824                     -1.044578                     
20.665                        -1134.179                     -1.047852                     
20.68                         -1136.78                      -1.049866                     
20.695                        -1140.219                     -1.052805                     
20.71                         -1142.568                     -1.056414                     
20.725                        -1146.174                     -1.058933                     
20.74                         -1149.026                     -1.061535                     
20.755                        -1151.711                     -1.063802                     
20.77                         -1154.982                     -1.066572                     
20.785                        -1157.75                      -1.069258                     
20.8                          -1161.021                     -1.072196                     
20.815                        -1164.041                     -1.074967                     
20.83                         -1167.061                     -1.077401                     
20.845                        -1169.913                     -1.079919                     
20.86                         -1173.1                       -1.083445                     
20.875                        -1176.12                      -1.085964                     
20.89                         -1179.14                      -1.088734                     
20.905                        -1181.656                     -1.091252                     
20.92                         -1184.927                     -1.094106                     
20.935                        -1188.367                     -1.096709                     
20.95                         -1190.799                     -1.099395                     
20.965                        -1193.903                     -1.102417                     
20.98                         -1197.174                     -1.105355                     
20.995                        -1200.11                      -1.10737                      
21.01                         -1203.13                      -1.110896                     
21.025                        -1206.066                     -1.11333                      
21.04                         -1209.169                     -1.116017                     
21.055                        -1212.357                     -1.118367                     
21.07                         -1215.209                     -1.121389                     
21.085                        -1217.725                     -1.124075                     
21.1                          -1221.164                     -1.126426                     
21.115                        -1224.1                       -1.12928                      
21.13                         -1227.288                     -1.132134                     
21.145                        -1229.804                     -1.134485                     
21.16                         -1233.159                     -1.137507                     
21.175                        -1236.263                     -1.140277                     
21.19                         -1238.863                     -1.143047                     
21.205                        -1242.302                     -1.14523                      
21.22                         -1245.406                     -1.148168                     
21.235                        -1247.671                     -1.151022                     
21.25                         -1250.942                     -1.153541                     
21.265                        -1254.297                     -1.156479                     
21.28                         -1257.149                     -1.159249                     
21.295                        -1260.001                     -1.161767                     
21.31                         -1263.021                     -1.165125                     
21.325                        -1266.041                     -1.167728                     
21.34                         -1268.809                     -1.170666                     
21.355                        -1272.164                     -1.172513                     
21.37                         -1275.184                     -1.175703                     
21.385                        -1277.952                     -1.178137                     
21.4                          -1281.559                     -1.181663                     
21.415                        -1283.907                     -1.183594                     
21.43                         -1287.095                     -1.186196                     
21.445                        -1289.863                     -1.18905                      
21.46                         -1293.134                     -1.192492                     
21.475                        -1296.49                      -1.194675                     
21.49                         -1299.006                     -1.197865                     
21.505                        -1302.277                     -1.200047                     
21.52                         -1305.045                     -1.203321                     
21.535                        -1307.813                     -1.205084                     
21.55                         -1311.336                     -1.208946                     
21.565                        -1314.104                     -1.210624                     
21.58                         -1317.292                     -1.213898                     
21.595                        -1319.808                     -1.216501                     
21.61                         -1323.164                     -1.218935                     
21.625                        -1326.183                     -1.221873                     
21.64                         -1329.119                     -1.225567                     
21.655                        -1332.139                     -1.227162                     
21.67                         -1335.41                      -1.230268                     
21.685                        -1337.843                     -1.232367                     
21.7                          -1341.282                     -1.235808                     
21.715                        -1344.302                     -1.237571                     
21.73                         -1347.154                     -1.241097                     
21.745                        -1350.006                     -1.243951                     
21.76                         -1353.78                      -1.246806                     
21.775                        -1356.045                     -1.248652                     
21.79                         -1359.652                     -1.25201                      
21.805                        -1362.336                     -1.254361                     
21.82                         -1365.272                     -1.257887                     
21.835                        -1368.124                     -1.260153                     
21.85                         -1371.144                     -1.263343                     
21.865                        -1374.247                     -1.265022                     
21.88                         -1377.603                     -1.268968                     
21.895                        -1380.371                     -1.270898                     
21.91                         -1383.558                     -1.274256                     
21.925                        -1386.242                     -1.276019                     
21.94                         -1389.094                     -1.279713                     
21.955                        -1392.534                     -1.281392                     
21.97                         -1395.218                     -1.28475                      
21.985                        -1398.154                     -1.286764                     
22                            -1401.257                     -1.290374                     
22.015                        -1404.277                     -1.292305                     
22.03                         -1407.297                     -1.29625                      
22.045                        -1410.316                     -1.297929                     
22.06                         -1413.252                     -1.301203                     
22.075                        -1416.104                     -1.30347                      
22.09                         -1419.292                     -1.306995                     
22.105                        -1422.227                     -1.30859                      
22.12                         -1425.331                     -1.312116                     
22.135                        -1428.015                     -1.314047                     
22.15                         -1431.538                     -1.317909                     
22.165                        -1434.306                     -1.319923                     
22.18                         -1437.578                     -1.323533                     
22.195                        -1440.01                      -1.325296                     
22.21                         -1443.785                     -1.328654                     
22.225                        -1446.217                     -1.331004                     
22.24                         -1449.321                     -1.33411                      
22.255                        -1452.425                     -1.335957                     
22.27                         -1455.36                      -1.339399                     
22.285                        -1458.632                     -1.341162                     
22.3                          -1461.484                     -1.345023                     
22.315                        -1464.084                     -1.347038                     
22.33                         -1467.775                     -1.350228                     
22.345                        -1470.04                      -1.352579                     
22.36                         -1473.563                     -1.355936                     
22.375                        -1476.247                     -1.357783                     
22.39                         -1479.183                     -1.361393                     
22.405                        -1482.454                     -1.363072                     
22.42                         -1485.558                     -1.366933                     
22.435                        -1488.074                     -1.368612                     
22.45                         -1491.597                     -1.372054                     
22.465                        -1494.365                     -1.374573                     
22.48                         -1497.301                     -1.377846                     
22.495                        -1500.237                     -1.379777                     
22.51                         -1503.173                     -1.383471                     
22.525                        -1506.36                      -1.384898                     
22.54                         -1509.212                     -1.388592                     
22.555                        -1512.232                     -1.390858                     
22.57                         -1515.168                     -1.393964                     
22.585                        -1518.691                     -1.396063                     
22.6                          -1521.543                     -1.400092                     
22.615                        -1524.395                     -1.401687                     
22.63                         -1527.498                     -1.405549                     
22.645                        -1530.099                     -1.40706                      
22.66                         -1533.37                      -1.410586                     
22.675                        -1536.138                     -1.412601                     
22.69                         -1539.577                     -1.415791                     
22.705                        -1542.345                     -1.417721                     
22.72                         -1545.365                     -1.421247                     
22.735                        -1548.72                      -1.423765                     
22.75                         -1551.153                     -1.427039                     
22.765                        -1554.844                     -1.428634                     
22.78                         -1557.36                      -1.432748                     
22.795                        -1560.212                     -1.434007                     
22.81                         -1563.735                     -1.438288                     
22.825                        -1566.251                     -1.440135                     
22.84                         -1569.103                     -1.443325                     
22.855                        -1572.458                     -1.445256                     
22.87                         -1575.73                      -1.448866                     
22.885                        -1577.995                     -1.451216                     
22.9                          -1581.434                     -1.454154                     
22.915                        -1584.621                     -1.455833                     
22.93                         -1587.557                     -1.459779                     
22.945                        -1590.325                     -1.46129                      
22.96                         -1593.177                     -1.465319                     
22.975                        -1596.449                     -1.46683                      
22.99                         -1599.301                     -1.470272                     
23.005                        -1602.488                     -1.472287                     
23.02                         -1605.843                     -1.476148                     
23.035                        -1608.276                     -1.477491                     
23.05                         -1611.463                     -1.481269                     
23.065                        -1614.483                     -1.482948                     
23.08                         -1617.587                     -1.486306                     
23.095                        -1620.187                     -1.488572                     
23.11                         -1623.626                     -1.49193                      
23.125                        -1626.394                     -1.493861                     
23.14                         -1629.666                     -1.497135                     
23.155                        -1632.517                     -1.499905                     
23.17                         -1635.118                     -1.503263                     
23.185                        -1638.389                     -1.504858                     
23.2                          -1641.661                     -1.508048                     
23.215                        -1644.513                     -1.509811                     
23.23                         -1647.448                     -1.51426                      
23.245                        -1650.552                     -1.515771                     
23.26                         -1653.32                      -1.519717                     
23.275                        -1656.172                     -1.520472                     
23.29                         -1659.611                     -1.525089                     
23.305                        -1662.547                     -1.526936                     
23.32                         -1665.734                     -1.530462                     
23.335                        -1668.838                     -1.532728                     
23.35                         -1671.774                     -1.53575                      
23.365                        -1674.794                     -1.537262                     
23.38                         -1677.646                     -1.540955                     
23.395                        -1680.581                     -1.543306                     
23.41                         -1683.433                     -1.546999                     
23.425                        -1686.705                     -1.548091                     
23.44                         -1689.389                     -1.551868                     
23.455                        -1692.912                     -1.554471                     
23.47                         -1696.016                     -1.558332                     
23.485                        -1698.7                       -1.559507                     
23.5                          -1701.636                     -1.563369                     
23.515                        -1704.655                     -1.565048                     
23.53                         -1708.011                     -1.569329                     
23.545                        -1710.611                     -1.57084                      
23.56                         -1713.463                     -1.573778                     
23.575                        -1716.231                     -1.575709                     
23.59                         -1719.502                     -1.579151                     
23.605                        -1722.69                      -1.581837                     
23.62                         -1725.542                     -1.584859                     
23.635                        -1728.645                     -1.587126                     
23.65                         -1731.749                     -1.590652                     
23.665                        -1734.349                     -1.592499                     
23.68                         -1737.872                     -1.595856                     
23.695                        -1740.724                     -1.597955                     
23.71                         -1743.912                     -1.601565                     
23.725                        -1746.596                     -1.603328                     
23.74                         -1749.699                     -1.606853                     
23.755                        -1752.132                     -1.6087                       
23.77                         -1755.739                     -1.612646                     
23.785                        -1758.423                     -1.614409                     
23.8                          -1761.611                     -1.617347                     
23.815                        -1764.379                     -1.620117                     
23.83                         -1767.902                     -1.622971                     
23.845                        -1770.67                      -1.624902                     
23.86                         -1773.689                     -1.628931                     
23.875                        -1776.542                     -1.630275                     
23.89                         -1779.813                     -1.634472                     
23.905                        -1782.581                     -1.635815                     
23.92                         -1785.852                     -1.639677                     
23.935                        -1788.788                     -1.641859                     
23.95                         -1791.64                      -1.645553                     
23.965                        -1794.995                     -1.646812                     
23.98                         -1797.596                     -1.650422                     
23.995                        -1800.867                     -1.652269                     
24.01                         -1803.803                     -1.65613                      
24.025                        -1806.99                      -1.658145                     
24.04                         -1809.339                     -1.661503                     
24.055                        -1812.694                     -1.66335                      
24.07                         -1815.63                      -1.667043                     
24.085                        -1818.482                     -1.66931                      
24.1                          -1821.921                     -1.672836                     
24.115                        -1824.773                     -1.674347                     
24.13                         -1827.961                     -1.677956                     
24.145                        -1830.729                     -1.679719                     
24.16                         -1834.084                     -1.683497                     
24.175                        -1836.6                       -1.685428                     
24.19                         -1839.788                     -1.688702                     
24.205                        -1842.975                     -1.690884                     
24.22                         -1845.911                     -1.69399                      
24.235                        -1848.679                     -1.695921                     
24.25                         -1852.202                     -1.699363                     
24.265                        -1854.467                     -1.701294                     
24.28                         -1857.571                     -1.705155                     
24.295                        -1860.507                     -1.706498                     
24.31                         -1863.946                     -1.710444                     
24.325                        -1866.63                      -1.712542                     
24.34                         -1869.65                      -1.715984                     
24.355                        -1872.753                     -1.717831                     
24.37                         -1875.605                     -1.721105                     
24.385                        -1878.96                      -1.723456                     
24.4                          -1881.896                     -1.727149                     
24.415                        -1884.58                      -1.728744                     
24.43                         -1887.516                     -1.732522                     
24.445                        -1891.039                     -1.734033                     
24.46                         -1893.807                     -1.737894                     
24.475                        -1896.659                     -1.739909                     
24.49                         -1899.763                     -1.743519                     
24.505                        -1902.783                     -1.745198                     
24.52                         -1905.802                     -1.748807                     
24.535                        -1909.325                     -1.750906                     
24.55                         -1912.01                      -1.754348                     
24.565                        -1914.945                     -1.756531                     
24.58                         -1917.714                     -1.759301                     
24.595                        -1921.069                     -1.762155                     
24.61                         -1924.089                     -1.765177                     
24.625                        -1926.857                     -1.76736                      
24.64                         -1929.625                     -1.770802                     
24.655                        -1932.812                     -1.772397                     
24.67                         -1935.832                     -1.776174                     
24.685                        -1938.935                     -1.777937                     
24.7                          -1941.62                      -1.781631                     
24.715                        -1944.723                     -1.783309                     
24.73                         -1947.911                     -1.787423                     
24.745                        -1951.014                     -1.789102                     
24.76                         -1953.782                     -1.792376                     
24.775                        -1956.886                     -1.794391                     
24.79                         -1959.654                     -1.797916                     
24.805                        -1963.093                     -1.799763                     
24.82                         -1966.281                     -1.803121                     
24.835                        -1968.713                     -1.80522                      
24.85                         -1971.565                     -1.808661                     
24.865                        -1974.837                     -1.811264                     
24.88                         -1977.605                     -1.814202                     
24.895                        -1980.792                     -1.81672                      
24.91                         -1984.147                     -1.819575                     
24.925                        -1987.083                     -1.821673                     
24.94                         -1990.187                     -1.825115                     
24.955                        -1992.955                     -1.82755                      
24.97                         -1995.975                     -1.830739                     
24.985                        -1998.911                     -1.832586                     
25                            -2002.014                     -1.835944                     
25.015                        -1999.33                      -1.806731                     
25.03                         -1996.059                     -1.79842                      
25.045                        -1992.955                     -1.792795                     
25.06                         -1990.187                     -1.789689                     
25.075                        -1987.083                     -1.786751                     
25.09                         -1984.483                     -1.784401                     
25.105                        -1981.212                     -1.780623                     
25.12                         -1978.024                     -1.778525                     
25.135                        -1975.172                     -1.774663                     
25.15                         -1971.985                     -1.773236                     
25.165                        -1968.881                     -1.769878                     
25.18                         -1966.029                     -1.767779                     
25.195                        -1962.842                     -1.764086                     
25.21                         -1960.157                     -1.761903                     
25.225                        -1957.138                     -1.758797                     
25.24                         -1954.118                     -1.756446                     
25.255                        -1951.182                     -1.753005                     
25.27                         -1948.33                      -1.750738                     
25.285                        -1945.31                      -1.747548                     
25.3                          -1941.871                     -1.744946                     
25.315                        -1939.019                     -1.741756                     
25.33                         -1936.251                     -1.739741                     
25.345                        -1932.98                      -1.736803                     
25.36                         -1930.128                     -1.734285                     
25.375                        -1926.773                     -1.73143                      
25.39                         -1924.34                      -1.728828                     
25.405                        -1920.901                     -1.725554                     
25.42                         -1918.217                     -1.723036                     
25.435                        -1914.694                     -1.720433                     
25.45                         -1912.01                      -1.718083                     
25.465                        -1908.99                      -1.715229                     
25.48                         -1906.306                     -1.712626                     
25.495                        -1903.286                     -1.70952                      
25.51                         -1899.763                     -1.707757                     
25.525                        -1897.079                     -1.70398                      
25.54                         -1893.807                     -1.701965                     
25.555                        -1891.291                     -1.698272                     
25.57                         -1888.103                     -1.696509                     
25.585                        -1885                         -1.693151                     
25.6                          -1882.148                     -1.69122                      
25.615                        -1879.296                     -1.687526                     
25.63                         -1876.109                     -1.684924                     
25.645                        -1872.669                     -1.682405                     
25.66                         -1869.985                     -1.679971                     
25.675                        -1866.798                     -1.677117                     
25.69                         -1863.946                     -1.674095                     
25.705                        -1861.094                     -1.671157                     
25.72                         -1858.074                     -1.668722                     
25.735                        -1854.803                     -1.666204                     
25.75                         -1852.202                     -1.663517                     
25.765                        -1848.679                     -1.660663                     
25.78                         -1845.995                     -1.657977                     
25.795                        -1842.891                     -1.654871                     
25.81                         -1839.956                     -1.652101                     
25.825                        -1837.02                      -1.649414                     
25.84                         -1833.665                     -1.647064                     
25.855                        -1831.232                     -1.644294                     
25.87                         -1827.961                     -1.641523                     
25.885                        -1824.941                     -1.638669                     
25.9                          -1821.921                     -1.635983                     
25.915                        -1818.901                     -1.632961                     
25.93                         -1816.05                      -1.630443                     
25.945                        -1812.778                     -1.627588                     
25.96                         -1809.507                     -1.625406                     
25.975                        -1807.158                     -1.62188                      
25.99                         -1803.719                     -1.619781                     
26.005                        -1801.035                     -1.616591                     
26.02                         -1797.931                     -1.614073                     
26.035                        -1795.079                     -1.611219                     
26.05                         -1792.059                     -1.608532                     
26.065                        -1788.704                     -1.60593                      
26.08                         -1785.852                     -1.603244                     
26.095                        -1782.581                     -1.59997                      
26.11                         -1779.813                     -1.597619                     
26.125                        -1777.045                     -1.594765                     
26.14                         -1773.941                     -1.592247                     
26.155                        -1770.67                      -1.58998                      
26.17                         -1767.566                     -1.587042                     
26.185                        -1764.63                      -1.583852                     
26.2                          -1762.114                     -1.581585                     
26.215                        -1758.255                     -1.578899                     
26.23                         -1755.655                     -1.576045                     
26.245                        -1752.635                     -1.572771                     
26.26                         -1749.867                     -1.570504                     
26.275                        -1747.015                     -1.56765                      
26.29                         -1744.079                     -1.564628                     
26.305                        -1740.724                     -1.56253                      
26.32                         -1737.705                     -1.559675                     
26.335                        -1735.188                     -1.557073                     
26.35                         -1731.413                     -1.554135                     
26.365                        -1728.645                     -1.551029                     
26.38                         -1725.793                     -1.54851                      
26.395                        -1722.774                     -1.54574                      
26.41                         -1719.922                     -1.543893                     
26.425                        -1717.07                      -1.540703                     
26.44                         -1713.966                     -1.537933                     
26.455                        -1710.946                     -1.535331                     
26.47                         -1707.759                     -1.532476                     
26.485                        -1704.655                     -1.529706                     
26.5                          -1701.468                     -1.526936                     
26.515                        -1699.035                     -1.524334                     
26.53                         -1695.596                     -1.521396                     
26.545                        -1692.66                      -1.519045                     
26.56                         -1690.06                      -1.515939                     
26.575                        -1686.621                     -1.513253                     
26.59                         -1684.104                     -1.510482                     
26.605                        -1680.581                     -1.507796                     
26.62                         -1677.981                     -1.505865                     
26.635                        -1674.542                     -1.502256                     
26.65                         -1671.606                     -1.499737                     
26.665                        -1668.586                     -1.496631                     
26.68                         -1665.818                     -1.493861                     
26.695                        -1662.463                     -1.491678                     
26.71                         -1659.863                     -1.488656                     
26.725                        -1656.675                     -1.485634                     
26.74                         -1653.823                     -1.482528                     
26.755                        -1650.804                     -1.48001                      
26.77                         -1647.532                     -1.477995                     
26.785                        -1644.932                     -1.474973                     
26.8                          -1641.661                     -1.472623                     
26.815                        -1638.725                     -1.469265                     
26.83                         -1635.705                     -1.466494                     
26.845                        -1632.601                     -1.46406                      
26.86                         -1629.666                     -1.461625                     
26.875                        -1626.646                     -1.458352                     
26.89                         -1623.71                      -1.456001                     
26.905                        -1620.858                     -1.453147                     
26.92                         -1617.587                     -1.450712                     
26.935                        -1614.567                     -1.448026                     
26.95                         -1611.799                     -1.445004                     
26.965                        -1608.527                     -1.44215                      
26.98                         -1605.759                     -1.439631                     
26.995                        -1602.656                     -1.436357                     
27.01                         -1599.804                     -1.433923                     
27.025                        -1596.532                     -1.431069                     
27.04                         -1593.597                     -1.428802                     
27.055                        -1590.828                     -1.425444                     
27.07                         -1587.557                     -1.423094                     
27.085                        -1584.705                     -1.420491                     
27.1                          -1581.937                     -1.417805                     
27.115                        -1578.917                     -1.414951                     
27.13                         -1575.73                      -1.411929                     
27.145                        -1572.458                     -1.409494                     
27.16                         -1569.774                     -1.406724                     
27.175                        -1566.671                     -1.40429                      
27.19                         -1563.483                     -1.401352                     
27.205                        -1560.799                     -1.398246                     
27.22                         -1557.444                     -1.396231                     
27.235                        -1554.508                     -1.393461                     
27.25                         -1551.488                     -1.390355                     
27.265                        -1548.385                     -1.387333                     
27.28                         -1545.449                     -1.384982                     
27.295                        -1542.345                     -1.38196                      
27.31                         -1539.577                     -1.379945                     
27.325                        -1536.474                     -1.376839                     
27.34                         -1533.454                     -1.373733                     
27.355                        -1531.021                     -1.371131                     
27.37                         -1527.75                      -1.368445                     
27.385                        -1524.898                     -1.36601                      
27.4                          -1521.291                     -1.363156                     
27.415                        -1518.691                     -1.360134                     
27.43                         -1515.755                     -1.357867                     
27.445                        -1512.484                     -1.355097                     
27.46                         -1510.051                     -1.351907                     
27.475                        -1506.696                     -1.34964                      
27.49                         -1503.34                      -1.346367                     
27.505                        -1500.74                      -1.343764                     
27.52                         -1497.804                     -1.341582                     
27.535                        -1494.281                     -1.338475                     
27.55                         -1491.597                     -1.335705                     
27.565                        -1488.745                     -1.332599                     
27.58                         -1485.558                     -1.330501                     
27.595                        -1482.37                      -1.32773                      
27.61                         -1479.686                     -1.32454                      
27.625                        -1476.918                     -1.32177                      
27.64                         -1473.143                     -1.319504                     
27.655                        -1470.711                     -1.316901                     
27.67                         -1467.775                     -1.314047                     
27.685                        -1464.336                     -1.311193                     
27.7                          -1461.819                     -1.308171                     
27.715                        -1458.716                     -1.305736                     
27.73                         -1455.025                     -1.303218                     
27.745                        -1452.425                     -1.300532                     
27.76                         -1449.656                     -1.297677                     
27.775                        -1446.385                     -1.294739                     
27.79                         -1443.617                     -1.292389                     
27.805                        -1440.597                     -1.289451                     
27.82                         -1437.242                     -1.28668                      
27.835                        -1434.055                     -1.283826                     
27.85                         -1431.37                      -1.281476                     
27.865                        -1428.351                     -1.27837                      
27.88                         -1425.415                     -1.276019                     
27.895                        -1422.311                     -1.272829                     
27.91                         -1419.543                     -1.270227                     
27.925                        -1416.356                     -1.26754                      
27.94                         -1413.336                     -1.264602                     
27.955                        -1410.484                     -1.262672                     
27.97                         -1407.716                     -1.259566                     
27.985                        -1404.445                     -1.256543                     
28                            -1401.509                     -1.253773                     
28.015                        -1398.405                     -1.250835                     
28.03                         -1395.302                     -1.248569                     
28.045                        -1392.45                      -1.245546                     
28.06                         -1389.682                     -1.24328                      
28.075                        -1386.075                     -1.24009                      
28.09                         -1383.39                      -1.237571                     
28.105                        -1380.622                     -1.235053                     
28.12                         -1377.267                     -1.232031                     
28.135                        -1374.415                     -1.229596                     
28.15                         -1371.563                     -1.226826                     
28.165                        -1368.795                     -1.223888                     
28.18                         -1365.608                     -1.22137                      
28.195                        -1362.42                      -1.218767                     
28.21                         -1359.568                     -1.215745                     
28.225                        -1356.381                     -1.212723                     
28.24                         -1353.697                     -1.210373                     
28.255                        -1350.09                      -1.207603                     
28.27                         -1347.657                     -1.205252                     
28.285                        -1344.47                      -1.202062                     
28.3                          -1341.366                     -1.199124                     
28.315                        -1338.262                     -1.196773                     
28.33                         -1335.41                      -1.193751                     
28.345                        -1332.139                     -1.191653                     
28.36                         -1328.952                     -1.188379                     
28.375                        -1326.351                     -1.185273                     
28.39                         -1323.499                     -1.183594                     
28.405                        -1319.892                     -1.180572                     
28.42                         -1317.627                     -1.177633                     
28.435                        -1314.272                     -1.174779                     
28.45                         -1311.336                     -1.171841                     
28.465                        -1308.233                     -1.169155                     
28.48                         -1305.297                     -1.16672                      
28.495                        -1302.11                      -1.164118                     
28.51                         -1299.006                     -1.16118                      
28.525                        -1296.657                     -1.15841                      
28.54                         -1293.05                      -1.155723                     
28.555                        -1290.198                     -1.153373                     
28.57                         -1287.179                     -1.150015                     
28.585                        -1284.243                     -1.147581                     
28.6                          -1281.726                     -1.145062                     
28.615                        -1278.287                     -1.14204                      
28.63                         -1275.267                     -1.139857                     
28.645                        -1272.332                     -1.136835                     
28.66                         -1268.641                     -1.134065                     
28.675                        -1266.628                     -1.131295                     
28.69                         -1263.608                     -1.128525                     
28.705                        -1260.588                     -1.12609                      
28.72                         -1257.317                     -1.1229                       
28.735                        -1254.381                     -1.120382                     
28.75                         -1251.697                     -1.117863                     
28.765                        -1248.258                     -1.114925                     
28.78                         -1245.322                     -1.113078                     
28.795                        -1242.386                     -1.109469                     
28.81                         -1239.115                     -1.106279                     
28.825                        -1236.347                     -1.104096                     
28.84                         -1233.159                     -1.101494                     
28.855                        -1230.307                     -1.098556                     
28.87                         -1227.455                     -1.095701                     
28.885                        -1224.1                       -1.093267                     
28.9                          -1221.08                      -1.090497                     
28.915                        -1218.396                     -1.088146                     
28.93                         -1215.293                     -1.084872                     
28.945                        -1212.021                     -1.082186                     
28.96                         -1209.085                     -1.078744                     
28.975                        -1206.569                     -1.076478                     
28.99                         -1203.381                     -1.074631                     
29.005                        -1200.446                     -1.071441                     
29.02                         -1197.51                      -1.068335                     
29.035                        -1194.322                     -1.065565                     
29.05                         -1191.051                     -1.062878                     
29.065                        -1188.031                     -1.060108                     
29.08                         -1185.095                     -1.05759                      
29.095                        -1182.076                     -1.054567                     
29.11                         -1178.888                     -1.052049                     
29.125                        -1176.204                     -1.048859                     
29.14                         -1172.849                     -1.046676                     
29.155                        -1169.913                     -1.043906                     
29.17                         -1166.977                     -1.041052                     
29.185                        -1164.544                     -1.037946                     
29.2                          -1161.105                     -1.03484                      
29.215                        -1157.918                     -1.032741                     
29.23                         -1155.234                     -1.030055                     
29.245                        -1152.214                     -1.027117                     
29.26                         -1149.446                     -1.024179                     
29.275                        -1146.007                     -1.021744                     
29.29                         -1143.239                     -1.019562                     
29.305                        -1140.303                     -1.01654                      
29.32                         -1137.283                     -1.013601                     
29.335                        -1134.431                     -1.010999                     
29.35                         -1131.244                     -1.008397                     
29.365                        -1128.056                     -1.005626                     
29.38                         -1125.204                     -1.00252                      
29.395                        -1121.933                     -1.000002                     
29.41                         -1118.997                     -0.9970639                    
29.425                        -1116.313                     -0.9948813                    
29.44                         -1113.041                     -0.992111                     
29.455                        -1110.189                     -0.9894248                    
29.47                         -1107.086                     -0.9862348                    
29.485                        -1104.15                      -0.9837164                    
29.5                          -1101.13                      -0.9807782                    
29.515                        -1098.278                     -0.9782598                    
29.53                         -1095.091                     -0.9752377                    
29.545                        -1091.987                     -0.9729711                    
29.56                         -1089.471                     -0.9691935                    
29.575                        -1085.948                     -0.9677664                    
29.59                         -1083.012                     -0.9646604                    
29.605                        -1079.992                     -0.9617223                    
29.62                         -1076.721                     -0.9587842                    
29.635                        -1073.953                     -0.9564337                    
29.65                         -1070.933                     -0.9538313                    
29.665                        -1068.333                     -0.951145                     
29.68                         -1065.229                     -0.9478711                    
29.695                        -1062.377                     -0.9455205                    
29.71                         -1059.106                     -0.9420787                    
29.725                        -1056.254                     -0.9406516                    
29.74                         -1053.318                     -0.9370419                    
29.755                        -1049.963                     -0.9349433                    
29.77                         -1047.195                     -0.9316694                    
29.785                        -1044.175                     -0.9291509                    
29.8                          -1041.407                     -0.9264646                    
29.815                        -1038.219                     -0.9238623                    
29.83                         -1034.948                     -0.9205045                    
29.845                        -1032.012                     -0.9182379                    
29.86                         -1028.657                     -0.91488                      
29.875                        -1026.057                     -0.9131171                    
29.89                         -1023.205                     -0.9097592                    
29.905                        -1019.933                     -0.9071569                    
29.92                         -1017.165                     -0.9042187                    
29.935                        -1014.062                     -0.9018682                    
29.95                         -1011.21                      -0.8982585                    
29.965                        -1008.106                     -0.8967475                    
29.98                         -1004.583                     -0.8935575                    
29.995                        -1001.899                     -0.8907872                    
30.01                         -998.8791                     -0.8873454                    
30.025                        -996.111                      -0.8857505                    
30.04                         -993.1752                     -0.8827283                    
30.055                        -990.2393                     -0.880126                     
30.07                         -986.9679                     -0.8766003                    
30.085                        -983.6127                     -0.8747534                    
30.1                          -980.6769                     -0.8711438                    
30.115                        -977.9088                     -0.8693808                    
30.13                         -974.8891                     -0.8661909                    
30.145                        -971.7855                     -0.8631688                    
30.16                         -968.6819                     -0.8602306                    
30.175                        -966.0815                     -0.8583838                    
30.19                         -963.0618                     -0.8547741                    
30.205                        -959.7905                     -0.8530952                    
30.22                         -957.274                      -0.8492336                    
30.235                        -954.0865                     -0.8472188                    
30.25                         -951.0668                     -0.8441968                    
30.265                        -948.0471                     -0.8420142                    
30.28                         -944.608                      -0.8386562                    
30.295                        -941.9238                     -0.8364737                    
30.31                         -938.4846                     -0.83278                      
30.325                        -935.8004                     -0.8314369                    
30.34                         -932.613                      -0.8274074                    
30.355                        -929.6771                     -0.8257285                    
30.37                         -926.5735                     -0.8222027                    
30.385                        -923.6376                     -0.8199362                    
30.4                          -920.7857                     -0.816914                     
30.415                        -918.0176                     -0.8144796                    
30.43                         -914.8301                     -0.8112057                    
30.445                        -911.9781                     -0.8089391                    
30.46                         -908.5391                     -0.8057492                    
30.475                        -905.9387                     -0.8035665                    
30.49                         -902.6674                     -0.8001247                    
30.505                        -899.9832                     -0.7984458                    
30.52                         -896.2924                     -0.7946681                    
30.535                        -893.5244                     -0.7935768                    
30.55                         -890.7563                     -0.7894635                    
30.565                        -888.072                      -0.787113                     
30.58                         -884.7168                     -0.7836711                    
30.595                        -881.5293                     -0.782328                     
30.61                         -878.7612                     -0.779138                     
30.625                        -875.9092                     -0.7770393                    
30.64                         -872.7218                     -0.772842                     
30.655                        -869.9537                     -0.7709112                    
30.67                         -866.7662                     -0.7671337                    
30.685                        -863.9142                     -0.7657905                    
30.7                          -861.1462                     -0.7620968                    
30.715                        -857.707                      -0.7599982                    
30.73                         -854.6874                     -0.7568082                    
30.745                        -851.8354                     -0.7544577                    
30.76                         -848.8157                     -0.7517713                    
30.775                        -845.8798                     -0.7491691                    
30.79                         -842.6085                     -0.7459791                    
30.805                        -839.5048                     -0.7438803                    
30.82                         -836.4851                     -0.7401027                    
30.835                        -833.8009                     -0.7388436                    
30.85                         -830.6973                     -0.7353178                    
30.865                        -827.8453                     -0.7326314                    
30.88                         -824.9095                     -0.7291897                    
30.895                        -821.8059                     -0.7275107                    
30.91                         -818.8701                     -0.7248245                    
30.925                        -816.102                      -0.7220542                    
30.94                         -812.6628                     -0.7188643                    
30.955                        -809.8948                     -0.7165977                    
30.97                         -806.8751                     -0.712988                     
30.985                        -803.5198                     -0.7115608                    
31                            -800.6678                     -0.7076154                    
31.015                        -797.9836                     -0.7058524                    
31.03                         -794.7961                     -0.7020748                    
31.045                        -791.8603                     -0.700312                     
31.06                         -789.1761                     -0.697122                     
31.075                        -785.8209                     -0.6948555                    
31.09                         -782.8011                     -0.6914136                    
31.105                        -779.7814                     -0.6894828                    
31.12                         -776.5101                     -0.6860411                    
31.135                        -773.9098                     -0.6839424                    
31.15                         -770.8062                     -0.6798289                    
31.165                        -767.8703                     -0.678318                     
31.18                         -765.0183                     -0.675044                     
31.195                        -761.9148                     -0.6732811                    
31.21                         -758.8112                     -0.6695035                    
31.225                        -755.5398                     -0.6677406                    
31.24                         -752.8555                     -0.6637951                    
31.255                        -749.752                      -0.6618643                    
31.27                         -746.7322                     -0.6586744                    
31.285                        -743.7964                     -0.6566596                    
31.3                          -740.9445                     -0.6526302                    
31.315                        -737.6731                     -0.6509513                    
31.33                         -734.5695                     -0.6476774                    
31.345                        -731.7175                     -0.6457466                    
31.36                         -728.8655                     -0.641969                     
31.375                        -725.6781                     -0.6399543                    
31.39                         -722.4905                     -0.6365964                    
31.405                        -719.5547                     -0.6344977                    
31.42                         -716.7866                     -0.6312237                    
31.435                        -713.4314                     -0.6290411                    
31.45                         -710.915                      -0.6255153                    
31.465                        -707.6436                     -0.6238365                    
31.48                         -704.54                       -0.6201428                    
31.495                        -701.6042                     -0.61838                      
31.51                         -698.92                       -0.6146023                    
31.525                        -695.8163                     -0.6130913                    
31.54                         -692.8805                     -0.6090618                    
31.555                        -690.1125                     -0.6074668                    
31.57                         -686.4216                     -0.6036893                    
31.585                        -683.4858                     -0.6015066                    
31.6                          -680.7177                     -0.5980648                    
31.615                        -677.6981                     -0.596134                     
31.63                         -674.8461                     -0.5932798                    
31.645                        -671.5747                     -0.591433                     
31.66                         -668.3872                     -0.5873196                    
31.675                        -665.1158                     -0.5853888                    
31.69                         -662.5994                     -0.5817791                    
31.705                        -659.5797                     -0.5804359                    
31.72                         -656.56                       -0.5766584                    
31.735                        -653.4564                     -0.5744758                    
31.75                         -650.856                      -0.5707821                    
31.765                        -647.3331                     -0.5688513                    
31.78                         -644.8166                     -0.5657453                    
31.795                        -641.1259                     -0.5640664                    
31.81                         -638.4417                     -0.5604566                    
31.825                        -635.3381                     -0.5584419                    
31.84                         -632.5699                     -0.5549161                    
31.855                        -629.4664                     -0.5536569                    
31.87                         -626.3627                     -0.5495436                    
31.885                        -623.5108                     -0.5471931                    
31.9                          -620.575                      -0.5435833                    
31.915                        -617.5552                     -0.5417365                    
31.93                         -614.6194                     -0.5386305                    
31.945                        -611.5997                     -0.5364478                    
31.96                         -608.496                      -0.533006                     
31.975                        -605.6441                     -0.5310752                    
31.99                         -602.2889                     -0.5274655                    
32.005                        -599.8563                     -0.5260384                    
32.02                         -596.501                      -0.5221769                    
32.035                        -593.4813                     -0.5199943                    
32.05                         -590.5455                     -0.5164685                    
32.065                        -587.6935                     -0.5147896                    
32.08                         -584.1705                     -0.5115157                    
32.095                        -581.6541                     -0.5088294                    
32.11                         -578.3827                     -0.5054715                    
32.125                        -575.7824                     -0.5038764                    
32.14                         -572.3433                     -0.5005999                    
32.155                        -569.8268                     -0.4989058                    
32.17                         -566.6393                     -0.4952409                    
32.185                        -563.0325                     -0.4931526                    
32.2                          -560.5999                     -0.4894793                    
32.215                        -557.5802                     -0.4883052                    
32.23                         -553.9733                     -0.4845228                    
32.245                        -551.4568                     -0.4822585                    
32.26                         -548.6049                     -0.4788536                    
32.275                        -545.7529                     -0.4768659                    
32.29                         -542.3977                     -0.4736288                    
32.305                        -539.1263                     -0.4713392                    
32.32                         -536.2744                     -0.4680265                    
32.335                        -533.1707                     -0.465586                     
32.35                         -530.2349                     -0.4628017                    
32.365                        -527.2991                     -0.4606967                    
32.38                         -524.6988                     -0.4570653                    
32.395                        -521.2596                     -0.4551951                    
32.41                         -518.4077                     -0.4513625                    
32.425                        -515.5557                     -0.4498026                    
32.44                         -512.6199                     -0.4462467                    
32.455                        -509.3485                     -0.4440746                    
32.47                         -506.5804                     -0.440569                     
32.485                        -503.1413                     -0.4384053                    
32.5                          -500.1216                     -0.4358054                    
32.515                        -497.6051                     -0.4333817                    
32.53                         -494.2499                     -0.4297755                    
32.545                        -491.5657                     -0.4276453                    
32.56                         -488.2104                     -0.4245842                    
32.575                        -485.4424                     -0.4223534                    
32.59                         -482.2549                     -0.4190156                    
32.605                        -479.2352                     -0.4167847                    
32.62                         -476.2154                     -0.4132456                    
32.635                        -473.5312                     -0.4120547                    
32.65                         -470.176                      -0.408155                     
32.665                        -467.0724                     -0.4058319                    
32.68                         -464.2204                     -0.4025024                    
32.695                        -461.0329                     -0.40054                      
32.71                         -458.5165                     -0.3972189                    
32.725                        -455.4968                     -0.3949546                    
32.74                         -452.4771                     -0.3916335                    
32.755                        -449.5412                     -0.3896207                    
32.77                         -446.6893                     -0.3868028                    
32.785                        -443.5018                     -0.3841695                    
32.8                          -440.4821                     -0.380798                     
32.815                        -437.5462                     -0.3788021                    
32.83                         -434.2749                     -0.3752797                    
32.845                        -431.4229                     -0.3733844                    
32.86                         -428.0677                     -0.369904                     
32.875                        -425.5512                     -0.3675389                    
32.89                         -422.0282                     -0.3643437                    
32.905                        -419.5956                     -0.3623812                    
32.92                         -416.2404                     -0.359253                     
32.935                        -413.7239                     -0.3571312                    
32.95                         -409.9493                     -0.3535921                    
32.965                        -407.5168                     -0.3513948                    
32.98                         -404.4131                     -0.3482751                    
32.995                        -400.8902                     -0.3461365                    
33.01                         -398.122                      -0.3426728                    
33.025                        -395.354                      -0.3402575                    
33.04                         -391.9987                     -0.3372467                    
33.055                        -389.4823                     -0.3355275                    
33.07                         -386.7142                     -0.3319045                    
33.085                        -383.1912                     -0.3296485                    
33.1                          -380.3392                     -0.3262771                    
33.115                        -377.3195                     -0.324407                     
33.13                         -374.0482                     -0.3212368                    
33.145                        -371.1962                     -0.3186622                    
33.16                         -368.0926                     -0.3155004                    
33.175                        -365.1567                     -0.3131186                    
33.19                         -362.6403                     -0.3106278                    
33.205                        -359.1173                     -0.3080532                    
33.22                         -356.0137                     -0.3045895                    
33.235                        -353.4973                     -0.3026187                    
33.25                         -350.2259                     -0.2992054                    
33.265                        -347.1223                     -0.2971758                    
33.28                         -344.1864                     -0.2938212                    
33.295                        -341.4184                     -0.291582                     
33.31                         -337.8115                     -0.288328                     
33.325                        -335.7145                     -0.2862062                    
33.34                         -332.4431                     -0.2832122                    
33.355                        -329.5072                     -0.2808053                    
33.37                         -326.4875                     -0.2775094                    
33.385                        -323.5517                     -0.2753205                    
33.4                          -320.3642                     -0.2723013                    
33.415                        -317.5122                     -0.2699614                    
33.43                         -314.3248                     -0.2667746                    
33.445                        -311.0534                     -0.2642251                    
33.46                         -307.9498                     -0.2610801                    
33.475                        -305.4333                     -0.2596125                    
33.49                         -302.2459                     -0.2561656                    
33.505                        -299.2261                     -0.2535406                    
33.52                         -296.0387                     -0.2502699                    
33.535                        -293.0189                     -0.2480223                    
33.55                         -290.2509                     -0.2452966                    
33.565                        -287.2311                     -0.2427136                    
33.58                         -284.3792                     -0.2393003                    
33.595                        -280.9401                     -0.2368598                    
33.61                         -278.0881                     -0.2337568                    
33.625                        -275.4039                     -0.2321382                    
33.64                         -272.3003                     -0.2285319                    
33.655                        -269.1128                     -0.2260747                    
33.67                         -266.0931                     -0.2229716                    
33.685                        -263.1572                     -0.2204725                    
33.7                          -260.3892                     -0.2177636                    
33.715                        -256.95                       -0.2151302                    
33.73                         -254.0142                     -0.212044                     
33.745                        -251.4139                     -0.2094945                    
33.76                         -248.2264                     -0.206425                     
33.775                        -245.5422                     -0.2048232                    
33.79                         -242.2708                     -0.2013511                    
33.805                        -239.0833                     -0.1986171                    
33.82                         -236.3153                     -0.1955644                    
33.835                        -233.1278                     -0.1932497                    
33.85                         -230.2758                     -0.1905912                    
33.865                        -227.1722                     -0.187723                     
33.88                         -224.1525                     -0.18462                      
33.895                        -221.0489                     -0.1820537                    
33.91                         -218.5325                     -0.1793952                    
33.925                        -215.0933                     -0.1773069                    
33.94                         -212.1575                     -0.1738684                    
33.955                        -209.0539                     -0.1712518                    
33.97                         -206.0341                     -0.1682159                    
33.985                        -203.3499                     -0.1657251                    
34                            -200.0786                     -0.1633181                    
34.015                        -196.975                      -0.1603745                    
34.03                         -193.7875                     -0.1572798                    
34.045                        -191.1872                     -0.1549484                    
34.06                         -188.2513                     -0.1521724                    
34.075                        -184.98                       -0.1499081                    
34.09                         -181.5408                     -0.1465786                    
34.105                        -179.0244                     -0.1439117                    
34.12                         -176.0886                     -0.1412112                    
34.135                        -173.1527                     -0.1386785                    
34.15                         -169.9652                     -0.135827                     
34.165                        -166.4422                     -0.1328582                    
34.18                         -163.6741                     -0.1303758                    
34.195                        -160.99                       -0.1280779                    
34.21                         -158.4735                     -0.1246478                    
34.225                        -154.7828                     -0.1224337                    
34.24                         -152.1824                     -0.1193559                    
34.255                        -149.4144                     -0.1167644                    
34.27                         -146.2269                     -0.1139885                    
34.285                        -143.3749                     -0.1111538                    
34.3                          -140.1874                     -0.1085456                    
34.315                        -137.5032                     -0.1059039                    
34.33                         -133.9802                     -0.1033376                    
34.345                        -131.0444                     -0.1007126                    
34.36                         -128.1085                     -0.09755085                   
34.375                        -125.2566                     -0.0950265                    
34.39                         -122.153                      -0.09203251                   
34.405                        -119.0494                     -0.08951654                   
34.42                         -116.1974                     -0.08679091                   
34.435                        -113.0099                     -0.08440914                   
34.45                         -109.9902                     -0.08107129                   
34.465                        -107.1382                     -0.07862242                   
34.48                         -103.783                      -0.07617355                   
34.495                        -101.3504                     -0.07300343                   
34.51                         -98.33072                     -0.07053779                   
34.525                        -94.72383                     -0.06763604                   
34.54                         -92.2074                      -0.06503621                   
34.555                        -89.35543                     -0.06218478                   
34.57                         -86.41959                     -0.05940045                   
34.585                        -83.31599                     -0.05664128                   
34.6                          -80.04462                     -0.05412531                   
34.615                        -77.27654                     -0.05167644                   
34.63                         -74.08906                     -0.04842247                   
34.645                        -70.98546                     -0.04605746                   
34.66                         -67.96573                     -0.04314733                   
34.675                        -64.86212                     -0.04057265                   
34.69                         -61.92628                     -0.03773238                   
34.705                        -59.07433                     -0.03519254                   
34.72                         -56.0546                      -0.03231142                   
34.735                        -53.11876                     -0.0295477                    
34.75                         -50.09904                     -0.02713951                   
34.765                        -46.65991                     -0.02414268                   
34.78                         -43.72407                     -0.02181331                   
34.795                        -41.12375                     -0.01894645                   
34.81                         -37.85239                     -0.01592865                   
34.825                        -34.74878                     -0.0132253                    
34.84                         -31.81294                     -0.0104423                    
34.855                        -28.8771                      -0.007971212                  
34.87                         -26.02514                     -0.004762242                  
34.885                        -22.92154                     -0.002538518                  
34.9                          -19.90181                     0.0001396768                  
34.915                        -17.21762                     0.002657717                   
34.93                         -13.94625                     0.005868365                   
34.945                        -11.09429                     0.00856836                    
34.96                         -8.158448                     0.01126165                    
34.975                        -5.138726                     0.01397758                    
34.99                         -2.454528                     0.01664068                    
35.005                        0.9846003                     0.01942536                    
35.02                         3.752679                      0.0223593                     
35.035                        6.940164                      0.02461237                    
35.05                         10.04377                      0.02760082                    
35.065                        13.31513                      0.03020355                    
35.08                         16.08321                      0.0331182                     
35.095                        19.01905                      0.03581149                    
35.11                         22.20654                      0.03862049                    
35.125                        24.97462                      0.04112428                    
35.14                         27.82658                      0.04388632                    
35.155                        30.93018                      0.04692676                    
35.17                         34.28543                      0.04949762                    
35.185                        37.05351                      0.05197961                    
35.2                          39.73771                      0.05456556                    
35.215                        43.26072                      0.05752131                    
35.23                         46.11267                      0.06046195                    
35.245                        49.04852                      0.0630739                     
35.26                         52.06824                      0.06587872                    
35.275                        54.75244                      0.06810999                    
35.29                         58.0238                       0.07147744                    
35.305                        61.37905                      0.07425374                    
35.32                         64.23101                      0.07662588                    
35.335                        67.33462                      0.07931832                    
35.35                         70.27045                      0.08193447                    
35.365                        73.37406                      0.08477283                    
35.38                         76.22602                      0.08760363                    
35.395                        79.24574                      0.09024996                    
35.41                         82.01382                      0.09305728                    
35.425                        85.20131                      0.09540762                    
35.44                         88.13715                      0.0985266                     
35.455                        91.15688                      0.1012942                     
35.47                         94.26048                      0.1039191                     
35.485                        97.2802                       0.1065358                     
35.5                          100.5516                      0.1090685                     
35.515                        103.4874                      0.1120205                     
35.53                         106.0877                      0.1148217                     
35.545                        108.9397                      0.1175724                     
35.56                         112.1272                      0.1203987                     
35.575                        115.2308                      0.1227637                     
35.59                         117.915                       0.1258332                     
35.605                        121.1024                      0.1286175                     
35.62                         124.0383                      0.1309238                     
35.635                        127.058                       0.1335069                     
35.65                         130.3294                      0.1364254                     
35.665                        133.3491                      0.1393775                     
35.68                         136.4527                      0.1421199                     
35.695                        139.4724                      0.1449461                     
35.71                         142.3244                      0.1473027                     
35.725                        145.428                       0.1504142                     
35.74                         148.6994                      0.1532153                     
35.755                        151.6352                      0.1559157                     
35.77                         154.1516                      0.1583646                     
35.785                        157.2552                      0.1609644                     
35.8                          160.1072                      0.1641513                     
35.815                        163.2947                      0.1667511                     
35.83                         166.1466                      0.1699213                     
35.845                        169.2502                      0.172194                      
35.86                         172.4377                      0.1751545                     
35.875                        175.2897                      0.1777543                     
35.89                         178.3094                      0.180807                      
35.905                        181.413                       0.1836668                     
35.92                         184.3489                      0.1855119                     
35.935                        187.3686                      0.1884807                     
35.95                         190.1367                      0.1916005                     
35.965                        192.9047                      0.1940577                     
35.98                         196.26                        0.1972111                     
35.995                        199.3636                      0.1993077                     
36.01                         202.4672                      0.2025617                     
36.025                        205.4869                      0.2051028                     
36.04                         208.3389                      0.2079123                     
36.055                        211.6102                      0.2107134                     
36.07                         214.2106                      0.2129359                     
36.085                        217.4819                      0.2158208                     
36.1                          220.25                        0.2185549                     
36.115                        223.2697                      0.2213308                     
36.13                         226.7088                      0.22409                       
36.145                        229.1414                      0.2267485                     
36.16                         232.245                       0.229558                      
36.175                        235.6003                      0.232292                      
36.19                         238.4522                      0.2352525                     
36.205                        240.8848                      0.2375001                     
36.22                         243.9884                      0.2400328                     
36.235                        247.3436                      0.2429849                     
36.25                         250.2795                      0.2459117                     
36.265                        253.7186                      0.2486877                     
36.28                         256.6544                      0.2511869                     
36.295                        259.5903                      0.2540132                     
36.31                         262.7778                      0.2567807                     
36.325                        265.7975                      0.2595315                     
36.34                         268.23                        0.2624333                     
36.355                        271.5014                      0.2649073                     
36.37                         274.4373                      0.2675658                     
36.385                        277.7925                      0.2703753                     
36.4                          280.4767                      0.2730842                     
36.415                        283.2448                      0.2757008                     
36.43                         286.0967                      0.2785941                     
36.445                        289.7036                      0.2813701                     
36.46                         292.2201                      0.2840538                     
36.475                        294.9881                      0.2868716                     
36.49                         298.3434                      0.2894631                     
36.505                        301.5309                      0.2923732                     
36.52                         304.4667                      0.2947215                     
36.535                        307.4026                      0.2974303                     
36.55                         310.5062                      0.300634                      
36.565                        313.442                       0.3030409                     
36.58                         316.8811                      0.305842                      
36.595                        319.9847                      0.3085425                     
36.61                         322.5012                      0.3114946                     
36.625                        325.6886                      0.3142537                     
36.64                         328.4567                      0.3168032                     
36.655                        331.6442                      0.3194114                     
36.67                         334.4962                      0.3220616                     
36.685                        337.6837                      0.3251227                     
36.7                          340.1162                      0.327907                      
36.715                        343.136                       0.3303391                     
36.73                         346.4073                      0.3332912                     
36.745                        349.5948                      0.3360252                     
36.76                         352.8661                      0.3387508                     
36.775                        355.2148                      0.3411997                     
36.79                         358.2346                      0.344244                      
36.805                        361.5059                      0.3468858                     
36.82                         364.4417                      0.3494101                     
36.835                        367.3776                      0.3522951                     
36.85                         370.2296                      0.3549033                     
36.865                        373.4171                      0.3579728                     
36.88                         376.4367                      0.3604804                     
36.895                        379.4565                      0.3633485                     
36.91                         382.3923                      0.3658981                     
36.925                        385.8315                      0.3687495                     
36.94                         388.3479                      0.3715674                     
36.955                        391.6193                      0.3738485                     
36.97                         394.7228                      0.3769264                     
36.985                        397.4909                      0.3793417                     
37                            400.5107                      0.3821512                     
37.015                        403.4465                      0.3851033                     
37.03                         406.634                       0.3876696                     
37.045                        409.486                       0.3907223                     
37.06                         412.5056                      0.3929783                     
37.075                        415.9448                      0.3962071                     
37.09                         418.629                       0.3988405                     
37.105                        421.5648                      0.4012222                     
37.12                         424.7523                      0.4041491                     
37.135                        427.6043                      0.4066735                     
37.15                         430.5401                      0.4097178                     
37.165                        433.5598                      0.412477                      
37.18                         436.3279                      0.4150181                     
37.195                        440.0187                      0.4180792                     
37.21                         442.5351                      0.4203184                     
37.225                        445.5549                      0.4236227                     
37.24                         448.8262                      0.4259206                     
37.255                        451.5943                      0.4285623                     
37.27                         454.1946                      0.4315312                     
37.285                        457.3821                      0.4342233                     
37.3                          460.6535                      0.4368315                     
37.315                        463.7571                      0.4397081                     
37.33                         466.9445                      0.442266                      
37.345                        470.132                       0.4452767                     
37.36                         472.9001                      0.4475746                     
37.375                        475.4166                      0.4509041                     
37.39                         478.8557                      0.4531433                     
37.405                        481.7077                      0.4559612                     
37.42                         484.7274                      0.4585527                     
37.435                        487.1599                      0.4614795                     
37.45                         490.8507                      0.4643226                     
37.465                        493.9543                      0.4671405                     
37.48                         496.303                       0.4695138                     
37.495                        499.7421                      0.4723317                     
37.51                         502.9296                      0.475049                      
37.525                        505.8654                      0.4783533                     
37.54                         508.969                       0.4804583                     
37.555                        511.9888                      0.4834858                     
37.57                         515.0923                      0.4855741                     
37.585                        517.8604                      0.4890209                     
37.6                          520.7963                      0.4914111                     
37.615                        523.4805                      0.4944638                     
37.63                         526.8358                      0.496963                      
37.645                        529.7716                      0.4998145                     
37.66                         532.6235                      0.5023304                     
37.675                        535.7271                      0.5056599                     
37.69                         538.8307                      0.5071275                     
37.705                        542.0182                      0.5106834                     
37.72                         544.4508                      0.512822                      
37.735                        547.9738                      0.5163443                     
37.75                         550.4902                      0.518441                      
37.765                        554.0971                      0.5215943                     
37.78                         556.7813                      0.5235148                     
37.795                        559.801                       0.5272133                     
37.81                         562.8207                      0.5296705                     
37.825                        565.8405                      0.5328155                     
37.84                         568.7763                      0.5347612                     
37.855                        571.6283                      0.5380991                     
37.87                         574.5641                      0.5405311                     
37.885                        577.9194                      0.5439612                     
37.9                          580.5197                      0.5459069                     
37.915                        583.7072                      0.5491693                     
37.93                         586.5591                      0.5515678                     
37.945                        589.9144                      0.5548973                     
37.96                         592.6824                      0.5571952                     
37.975                        595.8699                      0.5606337                     
37.99                         598.9736                      0.5619504                     
38.005                        601.9094                      0.5656573                     
38.02                         604.8452                      0.5678042                     
38.035                        607.8649                      0.5713936                     
38.05                         610.7169                      0.5730625                     
38.065                        613.6528                      0.5766939                     
38.08                         616.5886                      0.5787234                     
38.095                        620.1955                      0.5822458                     
38.11                         622.7119                      0.5845437                     
38.125                        625.9833                      0.5874538                     
38.14                         628.6675                      0.5896428                     
38.155                        631.9388                      0.5929974                     
38.17                         634.623                       0.5949849                     
38.185                        637.8943                      0.5982054                     
38.2                          640.4947                      0.6004698                     
38.215                        643.9338                      0.6040424                     
38.23                         646.7019                      0.6059881                     
38.245                        649.3862                      0.609544                      
38.26                         652.8252                      0.6112046                     
38.275                        656.0128                      0.6149953                     
38.29                         658.9486                      0.6170583                     
38.305                        662.136                       0.6199433                     
38.32                         664.6525                      0.6221741                     
38.335                        668.2594                      0.625621                      
38.35                         670.7758                      0.6278015                     
38.365                        673.8795                      0.631173                      
38.38                         676.8153                      0.6331857                     
38.395                        680.0027                      0.6365654                     
38.41                         682.9386                      0.6385279                     
38.425                        685.9584                      0.6422935                     
38.44                         689.062                       0.6440882                     
38.455                        691.9139                      0.6474512                     
38.47                         695.1852                      0.6490363                     
38.485                        697.8694                      0.6530031                     
38.5                          701.0569                      0.6550663                     
38.515                        703.6573                      0.6585634                     
38.53                         707.0125                      0.6606935                     
38.545                        710.3677                      0.6638385                     
38.56                         713.3875                      0.6658513                     
38.575                        715.9878                      0.6695749                     
38.59                         718.7559                      0.6715541                     
38.605                        721.8595                      0.6747494                     
38.62                         724.8792                      0.6766112                     
38.635                        728.0667                      0.6803013                     
38.65                         731.0025                      0.6822805                     
38.665                        733.9384                      0.6859035                     
38.68                         736.8742                      0.6874466                     
38.695                        739.9778                      0.6912793                     
38.71                         743.0814                      0.6932166                     
38.725                        746.1011                      0.6969486                     
38.74                         749.0369                      0.6986846                     
38.755                        752.1406                      0.7016954                     
38.77                         754.9926                      0.703943                      
38.785                        758.0123                      0.7077337                     
38.8                          760.7803                      0.7095872                     
38.815                        763.9678                      0.7132437                     
38.83                         766.652                       0.7148287                     
38.845                        769.8395                      0.7185272                     
38.86                         773.1108                      0.7204896                     
38.875                        776.7178                      0.7243558                     
38.89                         778.9825                      0.7255132                     
38.905                        782.17                        0.729304                      
38.92                         784.7703                      0.7313418                     
38.935                        788.0417                      0.7348977                     
38.95                         791.0615                      0.7370363                     
38.965                        794.3328                      0.7402483                     
38.98                         797.017                       0.7422611                     
38.995                        800.0367                      0.7459009                     
39.01                         802.9725                      0.7477794                     
39.025                        806.0762                      0.7515702                     
39.04                         809.3475                      0.7527276                     
39.055                        812.2834                      0.7566189                     
39.07                         814.9676                      0.7586401                     
39.085                        818.3228                      0.7621875                     
39.1                          821.007                       0.7642506                     
39.115                        823.7751                      0.7676221                     
39.13                         827.0464                      0.7696516                     
39.145                        830.4017                      0.7730565                     
39.16                         832.9182                      0.7752119                     
39.175                        835.9379                      0.7785833                     
39.19                         838.7899                      0.7803528                     
39.205                        841.8934                      0.783959                      
39.22                         845.1648                      0.785846                      
39.235                        848.0168                      0.78962                       
39.25                         851.2881                      0.7911379                     
39.265                        853.7207                      0.7949789                     
39.28                         857.0759                      0.7968827                     
39.295                        860.3473                      0.8004469                     
39.31                         863.3671                      0.8024765                     
39.325                        866.3867                      0.805764                      
39.34                         869.071                       0.8077768                     
39.355                        872.3423                      0.8111482                     
39.37                         875.1104                      0.8130436                     
39.385                        878.2979                      0.816784                      
39.4                          881.066                       0.8185284                     
39.415                        883.7501                      0.8223274                     
39.43                         887.1054                      0.8241557                     
39.445                        890.1251                      0.8276865                     
39.46                         893.1448                      0.8292715                     
39.475                        896.0807                      0.8332216                     
39.49                         898.8488                      0.835184                      
39.505                        902.1201                      0.8381277                     
39.52                         905.727                       0.8404844                     
39.535                        908.1595                      0.8436629                     
39.55                         911.0954                      0.8460279                     
39.565                        914.3668                      0.8495753                     
39.58                         917.051                       0.8514288                     
39.595                        920.3223                      0.8552614                     
39.61                         922.7549                      0.856729                      
39.625                        925.7747                      0.860436                      
39.64                         929.2137                      0.8624403                     
39.655                        932.1496                      0.8657194                     
39.67                         935.0016                      0.8676819                     
39.685                        938.0212                      0.871154                      
39.7                          941.4604                      0.873108                      
39.715                        944.0607                      0.8767981                     
39.73                         947.2482                      0.8787857                     
39.745                        950.3518                      0.8819475                     
39.76                         953.3715                      0.8841363                     
39.775                        956.3074                      0.8876252                     
39.79                         959.0755                      0.8897302                     
39.805                        962.4307                      0.8933867                     
39.82                         965.1149                      0.8945943                     
39.835                        967.9669                      0.8983012                     
39.85                         971.2382                      0.9004818                     
39.865                        974.0901                      0.9040962                     
39.88                         976.6905                      0.9056562                     
39.895                        980.4651                      0.9095057                     
39.91                         983.3171                      0.9113926                     
39.925                        986.5884                      0.9149233                     
39.94                         989.1049                      0.9169528                     
39.955                        992.6279                      0.920341                      
39.97                         995.1444                      0.9221777                     
39.985                        998.4996                      0.9255574                     
40                            1001.352                      0.9276876                     
40.015                        998.4158                      0.8997979                     
40.03                         995.396                       0.8902279                     
40.045                        992.1246                      0.8862824                     
40.06                         989.3566                      0.8825048                     
40.075                        986.6724                      0.8802382                     
40.09                         983.3171                      0.8762927                     
40.105                        980.549                       0.8746138                     
40.12                         977.4454                      0.8709201                     
40.135                        974.3419                      0.8682338                     
40.15                         971.4899                      0.8654636                     
40.165                        968.4702                      0.8635328                     
40.18                         965.1149                      0.8596712                     
40.195                        962.4307                      0.8574886                     
40.21                         959.3271                      0.8542147                     
40.225                        956.559                       0.8524519                     
40.24                         953.2038                      0.8490939                     
40.255                        950.5195                      0.8468274                     
40.27                         947.2482                      0.8432177                     
40.285                        944.1447                      0.841287                      
40.3                          941.4604                      0.8376772                     
40.315                        938.4406                      0.8359143                     
40.33                         935.5049                      0.8322206                     
40.345                        932.2335                      0.8302899                     
40.36                         929.3815                      0.8267641                     
40.375                        926.6973                      0.8244137                     
40.39                         923.5099                      0.8212236                     
40.405                        920.0707                      0.8192929                     
40.42                         917.6382                      0.8160189                     
40.435                        914.9539                      0.8141721                     
40.45                         911.1793                      0.8102266                     
40.465                        907.824                       0.8083798                     
40.48                         905.4753                      0.8050219                     
40.495                        902.5396                      0.8029233                     
40.51                         899.2682                      0.800069                      
40.525                        896.4162                      0.7972988                     
40.54                         893.3126                      0.7936891                     
40.555                        890.3767                      0.7920941                     
40.57                         887.1893                      0.7889041                     
40.585                        884.5889                      0.7867215                     
40.6                          881.1498                      0.7828599                     
40.615                        878.214                       0.7805934                     
40.63                         875.0265                      0.7775713                     
40.645                        872.6778                      0.7753887                     
40.66                         869.071                       0.7719468                     
40.675                        866.0512                      0.7701001                     
40.69                         863.2831                      0.7669101                     
40.705                        860.2634                      0.7644756                     
40.72                         857.3276                      0.7615375                     
40.735                        854.224                       0.7585993                     
40.75                         851.4559                      0.7558291                     
40.765                        848.52                        0.7528909                     
40.78                         845.3326                      0.7500368                     
40.795                        842.229                       0.748106                      
40.81                         839.5447                      0.7449999                     
40.825                        836.1895                      0.7426494                     
40.84                         833.3376                      0.7394595                     
40.855                        830.6534                      0.736941                      
40.87                         827.1304                      0.7341709                     
40.885                        824.6139                      0.7318203                     
40.9                          821.3425                      0.7283785                     
40.915                        818.6584                      0.7256922                     
40.93                         815.2192                      0.7232577                     
40.945                        812.0317                      0.7204874                     
40.96                         809.012                       0.7171296                     
40.975                        806.4956                      0.715031                      
40.99                         803.2242                      0.7120088                     
41.005                        800.2884                      0.7099102                     
41.02                         797.5203                      0.7056289                     
41.035                        794.165                       0.7042018                     
41.05                         791.2292                      0.7010118                     
41.065                        788.3773                      0.6983255                     
41.08                         785.4414                      0.6953034                     
41.095                        782.17                        0.6936245                     
41.11                         778.9825                      0.6902666                     
41.125                        775.9628                      0.6880001                     
41.14                         773.1108                      0.6844743                     
41.155                        770.175                       0.6821238                     
41.17                         766.9875                      0.6794375                     
41.185                        764.3872                      0.6770031                     
41.2                          761.5352                      0.6737291                     
41.215                        758.5156                      0.6712947                     
41.23                         755.0764                      0.6678529                     
41.245                        752.56                        0.6655863                     
41.26                         749.1208                      0.6625642                     
41.275                        746.1011                      0.6603816                     
41.29                         743.4169                      0.6570237                     
41.305                        740.1456                      0.655009                      
41.32                         737.2097                      0.6522387                     
41.335                        734.2739                      0.6498043                     
41.35                         731.0864                      0.6463625                     
41.365                        728.0667                      0.6435083                     
41.38                         725.2147                      0.6409899                     
41.395                        721.9434                      0.6384715                     
41.41                         719.1752                      0.6355333                     
41.425                        716.1556                      0.6330988                     
41.44                         713.3036                      0.6299089                     
41.455                        710.2                         0.6279781                     
41.47                         707.5997                      0.6251239                     
41.485                        704.58                        0.6222697                     
41.5                          701.0569                      0.6189119                     
41.515                        698.1211                      0.6167293                     
41.53                         695.1014                      0.6136232                     
41.545                        692.3333                      0.6113567                     
41.56                         689.062                       0.6084185                     
41.575                        686.21                        0.6058162                     
41.59                         683.1902                      0.6031299                     
41.605                        679.835                       0.6003596                     
41.62                         677.2347                      0.5974215                     
41.635                        673.8795                      0.5945673                     
41.65                         671.0275                      0.591881                      
41.665                        667.9239                      0.5896145                     
41.68                         665.5752                      0.5863405                     
41.695                        662.136                       0.58399                       
41.71                         658.8647                      0.5804642                     
41.725                        656.1805                      0.5781137                     
41.74                         653.1608                      0.5755953                     
41.755                        649.9733                      0.5730769                     
41.77                         646.9536                      0.5701388                     
41.785                        643.7661                      0.5672846                     
41.8                          640.7464                      0.5641785                     
41.815                        638.3976                      0.5618281                     
41.83                         634.9586                      0.5593096                     
41.845                        632.0228                      0.5562875                     
41.86                         629.003                       0.5536013                     
41.875                        626.1511                      0.5514186                     
41.89                         623.2991                      0.5486484                     
41.905                        620.0277                      0.5457103                     
41.92                         616.8403                      0.5426882                     
41.935                        613.8205                      0.5405895                     
41.95                         611.3041                      0.5368119                     
41.965                        607.8649                      0.5347132                     
41.98                         605.1807                      0.531943                      
41.995                        602.2449                      0.5291727                     
42.01                         599.1413                      0.5260667                     
42.025                        595.7861                      0.5236322                     
42.04                         593.1857                      0.5206102                     
42.055                        589.8305                      0.5184276                     
42.07                         586.8107                      0.5157412                     
42.085                        584.0427                      0.5126352                     
42.1                          581.1907                      0.5094453                     
42.115                        577.9194                      0.5066579                     
42.13                         574.8997                      0.5035632                     
42.145                        572.0477                      0.5010892                     
42.16                         569.1957                      0.4983804                     
42.175                        565.6727                      0.4957637                     
42.19                         563.5757                      0.4930549                     
42.205                        559.9688                      0.4901364                     
42.22                         557.1168                      0.4875533                     
42.235                        554.0132                      0.4847355                     
42.25                         550.4902                      0.4817415                     
42.265                        547.8899                      0.4793513                     
42.28                         545.038                       0.4763573                     
42.295                        541.8505                      0.4740677                     
42.31                         538.5791                      0.4710989                     
42.325                        535.811                       0.468583                      
42.34                         533.0429                      0.4652703                     
42.355                        530.1071                      0.4631149                     
42.37                         527.0874                      0.4602132                     
42.385                        523.4805                      0.4575127                     
42.4                          520.7124                      0.4542168                     
42.415                        517.7766                      0.451986                      
42.43                         515.0085                      0.4493526                     
42.445                        511.9888                      0.4464844                     
42.46                         509.1368                      0.4439936                     
42.475                        506.1171                      0.4412177                     
42.49                         502.9296                      0.4384837                     
42.505                        500.0776                      0.4358251                     
42.52                         497.0579                      0.4331246                     
42.535                        493.5349                      0.4305751                     
42.55                         490.9346                      0.4272457                     
42.565                        487.831                       0.424889                      
42.58                         484.8113                      0.4221466                     
42.595                        482.0432                      0.4197648                     
42.61                         479.1912                      0.416578                      
42.625                        476.0037                      0.4141039                     
42.64                         472.6485                      0.4112945                     
42.655                        469.8804                      0.4087617                     
42.67                         467.0284                      0.4062625                     
42.685                        464.0926                      0.4029415                     
42.7                          460.5696                      0.4003081                     
42.715                        457.6338                      0.3977921                     
42.73                         454.614                       0.3949491                     
42.745                        452.0137                      0.3925757                     
42.76                         448.5746                      0.3893049                     
42.775                        445.8065                      0.3868645                     
42.79                         443.1223                      0.3839879                     
42.805                        440.1865                      0.3814384                     
42.82                         436.9151                      0.3784695                     
42.835                        433.5598                      0.3754336                     
42.85                         430.7079                      0.3730853                     
42.865                        427.9398                      0.3704771                     
42.88                         424.7523                      0.3677012                     
42.895                        421.481                       0.3646904                     
42.91                         418.4612                      0.3621745                     
42.925                        415.5254                      0.3596417                     
42.94                         412.8412                      0.3566393                     
42.955                        410.2409                      0.3542156                     
42.97                         406.4662                      0.3505423                     
42.985                        403.9498                      0.3483115                     
43                            400.5945                      0.3456613                     
43.015                        397.5748                      0.3431622                     
43.03                         394.5551                      0.3404449                     
43.045                        391.4515                      0.3372245                     
43.06                         388.9351                      0.3347756                     
43.075                        386.0831                      0.3322513                     
43.09                         382.644                       0.3296514                     
43.105                        380.0436                      0.3267748                     
43.12                         376.5207                      0.3234957                     
43.135                        373.5009                      0.3211391                     
43.15                         370.4812                      0.3184302                     
43.165                        367.6292                      0.3157549                     
43.18                         364.7773                      0.3132138                     
43.195                        361.9253                      0.310203                      
43.21                         358.4862                      0.3075445                     
43.225                        356.0536                      0.3049027                     
43.24                         352.95                        0.302219                      
43.255                        349.7625                      0.2992586                     
43.27                         346.5751                      0.2963401                     
43.285                        343.4714                      0.2940505                     
43.3                          341.0389                      0.2913165                     
43.315                        337.5998                      0.2886328                     
43.33                         334.9156                      0.2856137                     
43.345                        331.7281                      0.2829803                     
43.36                         328.6245                      0.280414                      
43.375                        325.9403                      0.2778561                     
43.39                         322.5012                      0.275055                      
43.405                        319.7331                      0.2717423                     
43.42                         316.3778                      0.2692767                     
43.435                        313.442                       0.2666181                     
43.45                         310.6739                      0.2641189                     
43.465                        307.5703                      0.2611166                     
43.48                         304.4667                      0.2585167                     
43.495                        301.5309                      0.2557408                     
43.51                         298.6789                      0.2531829                     
43.525                        295.5753                      0.250734                      
43.54                         292.975                       0.2472452                     
43.555                        289.5359                      0.2448383                     
43.57                         286.6839                      0.2421965                     
43.585                        283.7481                      0.2394541                     
43.6                          280.6445                      0.2367872                     
43.615                        277.5408                      0.2338938                     
43.63                         274.1017                      0.2312018                     
43.645                        272.0886                      0.2285768                     
43.66                         268.8172                      0.2262034                     
43.675                        265.7975                      0.2229494                     
43.69                         262.61                        0.2201986                     
43.705                        259.6742                      0.2175317                     
43.72                         256.4867                      0.2149402                     
43.735                        253.5508                      0.2122817                     
43.75                         250.4472                      0.2092709                     
43.765                        247.763                       0.2068976                     
43.78                         244.4917                      0.2040294                     
43.795                        241.9752                      0.2012702                     
43.81                         238.5361                      0.1985529                     
43.825                        235.5164                      0.1958189                     
43.84                         232.4967                      0.1929507                     
43.855                        229.8963                      0.1904012                     
43.87                         226.5411                      0.1876924                     
43.885                        223.2697                      0.1845306                     
43.9                          220.5855                      0.1821824                     
43.915                        217.8174                      0.1794819                     
43.93                         214.3783                      0.1767395                     
43.945                        211.1908                      0.1743326                     
43.96                         208.5067                      0.1712967                     
43.975                        205.9902                      0.1684788                     
43.99                         202.4672                      0.1657783                     
44.005                        199.6152                      0.1630778                     
44.02                         196.5116                      0.1603942                     
44.035                        193.3241                      0.1575931                     
44.05                         190.9755                      0.1549345                     
44.065                        187.6202                      0.1522005                     
44.08                         184.5166                      0.1494497                     
44.095                        181.4969                      0.1467912                     
44.11                         178.3094                      0.1439397                     
44.125                        175.2897                      0.1409374                     
44.14                         172.6894                      0.1380943                     
44.155                        169.418                       0.136048                      
44.17                         166.3144                      0.1329198                     
44.185                        163.5463                      0.1301187                     
44.2                          160.0233                      0.127217                      
44.215                        157.3391                      0.1248604                     
44.23                         154.0677                      0.1218999                     
44.245                        151.803                       0.1190317                     
44.26                         148.3638                      0.1161635                     
44.275                        145.8474                      0.1137733                     
44.29                         142.576                       0.111358                      
44.305                        139.6402                      0.1080286                     
44.32                         136.2011                      0.1056132                     
44.335                        133.3491                      0.1029295                     
44.35                         130.4971                      0.1002207                     
44.365                        127.3935                      0.09792277                    
44.38                         124.1222                      0.09432494                    
44.395                        121.5219                      0.09188446                    
44.41                         118.4183                      0.08938526                    
44.425                        115.6502                      0.08640804                    
44.44                         112.1272                      0.08371596                    
44.455                        109.5268                      0.08114129                    
44.47                         106.1716                      0.07857501                    
44.485                        103.6552                      0.07553907                    
44.5                          99.96439                      0.07326632                    
44.515                        97.19631                      0.06977752                    
44.53                         94.26048                      0.06743767                    
44.545                        91.40851                      0.06476237                    
44.56                         88.89207                      0.06197803                    
44.575                        85.11742                      0.05955432                    
44.59                         82.68488                      0.05639259                    
44.605                        79.24574                      0.05383469                    
44.62                         76.39378                      0.05121809                    
44.635                        73.6257                       0.04854278                    
44.65                         70.10269                      0.04576683                    
44.665                        67.67014                      0.04264705                    
44.68                         64.56654                      0.04026526                    
44.695                        61.46293                      0.0374977                     
44.71                         58.27544                      0.03503206                    
44.725                        55.50737                      0.0321387                     
44.74                         52.40377                      0.02930718                    
44.755                        49.38404                      0.02665917                    
44.77                         46.4482                       0.02414784                    
44.785                        43.26072                      0.02085502                    
44.8                          40.49264                      0.01810807                    
44.815                        37.47291                      0.01551708                    
44.83                         34.20155                      0.01318099                    
44.845                        31.76899                      0.01030323                    
44.86                         28.41375                      0.007735722                   
44.875                        25.31014                      0.004533459                   
44.89                         22.54206                      0.002355854                   
44.905                        19.35458                      -0.000511844                  
44.92                         16.16709                      -0.003469262                  
44.935                        13.31513                      -0.006117271                  
44.95                         10.37929                      -0.008713292                  
44.965                        7.275689                      -0.01160531                   
44.98                         3.920442                      -0.0140286                    
44.995                        1.404006                      -0.01692732                   
45.01                         -2.202885                     -0.01985455                   
45.025                        -4.383795                     -0.02246818                   
45.04                         -7.739042                     -0.02492166                   
45.055                        -10.84265                     -0.02812056                   
45.07                         -13.86237                     -0.03038537                   
45.085                        -16.3788                      -0.03358848                   
45.1                          -19.56629                     -0.03597151                   
45.115                        -22.58601                     -0.03881909                   
45.13                         -25.52185                     -0.04117697                   
45.145                        -28.70934                     -0.04476411                   
45.16                         -31.5613                      -0.04666836                   
45.175                        -34.74878                     -0.04953271                   
45.19                         -37.51686                     -0.05230565                   
45.205                        -40.87211                     -0.05528571                   
45.22                         -43.5563                      -0.05778782                   
45.235                        -46.82767                     -0.06070499                   
45.25                         -49.8474                      -0.06305952                   
45.265                        -52.86712                     -0.06615194                   
45.28                         -55.80296                     -0.06884941                   
45.295                        -58.65492                     -0.07164165                   
45.31                         -61.50688                     -0.07368929                   
45.325                        -64.77824                     -0.07728481                   
45.34                         -67.37856                     -0.07957142                   
45.355                        -70.64993                     -0.08274937                   
45.37                         -73.66965                     -0.08488672                   
45.385                        -77.0249                      -0.08808479                   
45.4                          -79.7091                      -0.09024228                   
45.415                        -82.56105                     -0.09345041                   
45.43                         -86.08407                     -0.09580746                   
45.445                        -88.85215                     -0.09877745                   
45.46                         -91.87186                     -0.101002                     
45.475                        -94.8077                      -0.104517                     
45.49                         -98.07907                     -0.1068851                    
45.505                        -100.8472                     -0.1098204                    
45.52                         -104.1185                     -0.1118415                    
45.535                        -106.8027                     -0.1152716                    
45.55                         -109.403                      -0.117167                     
45.565                        -112.926                      -0.1208571                    
45.58                         -115.6941                     -0.1227776                    
45.595                        -118.63                       -0.1259477                    
45.61                         -121.8174                     -0.1279772                    
45.625                        -124.5855                     -0.1319273                    
45.64                         -127.8569                     -0.1337472                    
45.655                        -130.7927                     -0.1370263                    
45.67                         -133.7286                     -0.1391146                    
45.685                        -136.8322                     -0.1426872                    
45.7                          -139.6841                     -0.1444736                    
45.715                        -142.7039                     -0.1478366                    
45.73                         -145.5558                     -0.1498913                    
45.745                        -149.0788                     -0.1532291                    
45.76                         -151.5953                     -0.1557032                    
45.775                        -154.7828                     -0.1589739                    
45.79                         -157.6347                     -0.1609364                    
45.805                        -161.2416                     -0.1643748                    
45.82                         -163.758                      -0.1666728                    
45.835                        -166.9455                     -0.1696081                    
45.85                         -170.0491                     -0.1718053                    
45.865                        -172.9011                     -0.1752103                    
45.88                         -176.0886                     -0.1768624                    
45.895                        -178.7728                     -0.1805777                    
45.91                         -181.8764                     -0.1829762                    
45.925                        -184.8961                     -0.186247                     
45.94                         -187.9158                     -0.1881507                    
45.955                        -190.8517                     -0.1918072                    
45.97                         -193.6197                     -0.1936271                    
45.985                        -196.6395                     -0.1969734                    
46                            -199.3237                     -0.1991874                    
46.015                        -202.9306                     -0.2022066                    
46.03                         -205.6986                     -0.2044206                    
46.045                        -209.2216                     -0.2082113                    
46.06                         -212.2413                     -0.2100983                    
46.075                        -215.0933                     -0.2133187                    
46.09                         -217.8614                     -0.2154741                    
46.105                        -220.965                      -0.2188371                    
46.12                         -224.0686                     -0.2207492                    
46.135                        -227.0883                     -0.2241458                    
46.15                         -229.6886                     -0.2259153                    
46.165                        -232.8761                     -0.2297731                    
46.18                         -236.0636                     -0.2320123                    
46.195                        -239.1672                     -0.2353334                    
46.21                         -241.7675                     -0.2371114                    
46.225                        -244.955                      -0.2404912                    
46.24                         -248.0586                     -0.2429316                    
46.255                        -251.1622                     -0.2461353                    
46.27                         -253.7625                     -0.2481481                    
46.285                        -256.6984                     -0.2514356                    
46.3                          -259.7181                     -0.2532387                    
46.315                        -262.9895                     -0.2574236                    
46.33                         -265.6737                     -0.2589499                    
46.345                        -269.0289                     -0.2624723                    
46.36                         -271.9648                     -0.2642586                    
46.375                        -274.9845                     -0.2679906                    
46.39                         -277.8365                     -0.2699699                    
46.405                        -280.8562                     -0.2734419                    
46.42                         -284.2114                     -0.2751779                    
46.435                        -286.644                      -0.27839                      
46.45                         -289.9992                     -0.281451                     
46.465                        -293.0189                     -0.2844786                    
46.48                         -295.9548                     -0.2862901                    
46.495                        -298.8067                     -0.2897286                    
46.51                         -301.7426                     -0.2916574                    
46.525                        -305.0978                     -0.2953978                    
46.54                         -308.1176                     -0.2970248                    
46.555                        -310.8018                     -0.3005724                    
46.57                         -313.7376                     -0.3024761                    
46.585                        -317.3445                     -0.3066694                    
46.6                          -319.6931                     -0.3082041                    
46.615                        -323.3                        -0.3115503                    
46.63                         -326.3198                     -0.3134876                    
46.645                        -329.2556                     -0.3169681                    
46.66                         -331.772                      -0.3192576                    
46.675                        -334.9595                     -0.3224696                    
46.69                         -338.2309                     -0.3241386                    
46.705                        -341.1667                     -0.3278705                    
46.72                         -344.3542                     -0.3300091                    
46.735                        -347.1223                     -0.3335986                    
46.75                         -350.0581                     -0.335343                     
46.765                        -352.994                      -0.3389492                    
46.78                         -355.9298                     -0.3407439                    
46.795                        -358.9496                     -0.3439895                    
46.81                         -362.0532                     -0.3463881                    
46.825                        -364.9051                     -0.3496336                    
46.84                         -367.9248                     -0.3515961                    
46.855                        -371.364                      -0.3554958                    
46.87                         -374.0482                     -0.3571312                    
46.885                        -377.3195                     -0.3608129                    
46.9                          -379.9199                     -0.3625741                    
46.915                        -383.1073                     -0.3662055                    
46.93                         -385.5399                     -0.3680757                    
46.945                        -389.3984                     -0.3718832                    
46.96                         -391.831                      -0.3733592                    
46.975                        -394.9346                     -0.376739                     
46.99                         -397.7865                     -0.3790453                    
47.005                        -400.8902                     -0.3823999                    
47.02                         -403.9937                     -0.3845888                    
47.035                        -406.9296                     -0.3879098                    
47.05                         -409.9493                     -0.3897884                    
47.065                        -413.0529                     -0.3934031                    
47.08                         -416.0726                     -0.3950804                    
47.095                        -418.9246                     -0.3986698                    
47.11                         -422.196                      -0.4007077                    
47.125                        -425.2157                     -0.4045236                    
47.14                         -427.8999                     -0.406117                     
47.155                        -431.0874                     -0.4100923                    
47.17                         -434.2749                     -0.4116941                    
47.185                        -437.5462                     -0.4152332                    
47.2                          -439.9788                     -0.4170699                    
47.215                        -442.9985                     -0.4205671                    
47.23                         -446.0182                     -0.4224876                    
47.245                        -449.2896                     -0.4261609                    
47.26                         -452.0577                     -0.4281737                    
47.275                        -454.9096                     -0.4312347                    
47.29                         -458.4326                     -0.4336249                    
47.305                        -461.2846                     -0.437055                     
47.32                         -464.0527                     -0.4388917                    
47.335                        -467.324                      -0.4424727                    
47.35                         -470.3438                     -0.4446281                    
47.365                        -473.2796                     -0.4478233                    
47.38                         -476.2993                     -0.4500039                    
47.395                        -479.7385                     -0.4535765                    
47.41                         -482.0871                     -0.4551029                    
47.425                        -485.1907                     -0.4589439                    
47.44                         -488.2104                     -0.4608225                    
47.455                        -491.2302                     -0.4643113                    
47.47                         -494.2499                     -0.4661899                    
47.485                        -497.1018                     -0.4699135                    
47.5                          -499.786                      -0.4715153                    
47.515                        -503.4768                     -0.4754822                    
47.53                         -506.3288                     -0.4772937                    
47.545                        -509.4324                     -0.4806315                    
47.56                         -512.3682                     -0.4827701                    
47.575                        -515.4718                     -0.486066                     
47.59                         -518.2399                     -0.4880536                    
47.605                        -521.008                      -0.4915089                    
47.62                         -524.1116                     -0.4933874                    
47.635                        -527.2991                     -0.4971027                    
47.65                         -530.4866                     -0.4992077                    
47.665                        -533.674                      -0.5025707                    
47.68                         -535.9388                     -0.5042732                    
47.695                        -539.1263                     -0.5080891                    
47.71                         -542.1461                     -0.5099928                    
47.725                        -545.2496                     -0.5135487                    
47.74                         -548.2694                     -0.5151254                    
47.755                        -551.373                      -0.5189748                    
47.77                         -554.2249                     -0.5209876                    
47.785                        -557.4963                     -0.5245602                    
47.8                          -560.4321                     -0.526313                     
47.815                        -563.2002                     -0.5296341                    
47.83                         -566.4716                     -0.5318817                    
47.845                        -569.4913                     -0.5354124                    
47.86                         -572.511                      -0.5372658                    
47.875                        -575.2791                     -0.5404947                    
47.89                         -578.3827                     -0.5427842                    
47.905                        -580.983                      -0.5463233                    
47.92                         -584.4222                     -0.5483277                    
47.935                        -587.1064                     -0.5516824                    
47.95                         -590.1261                     -0.5534435                    
47.965                        -593.3975                     -0.5571504                    
47.98                         -596.0817                     -0.5590876                    
47.995                        -599.6885                     -0.5625764                    
48.01                         -601.8694                     -0.5644718                    
48.025                        -605.3925                     -0.5679522                    
48.04                         -608.1605                     -0.5702921                    
48.055                        -611.348                      -0.5735712                    
48.07                         -614.0322                     -0.5754582                    
48.085                        -617.4714                     -0.5787709                    
48.1                          -620.7427                     -0.5811275                    
48.115                        -623.5947                     -0.5842557                    
48.13                         -626.2789                     -0.5863187                    
48.145                        -629.5502                     -0.5897656                    
48.16                         -632.2344                     -0.5915855                    
48.175                        -635.3381                     -0.5952756                    
48.19                         -638.19                       -0.5973638                    
48.205                        -641.3774                     -0.6008191                    
48.22                         -644.4811                     -0.6026222                    
48.235                        -647.2491                     -0.6061194                    
48.25                         -650.4366                     -0.6081154                    
48.265                        -653.2886                     -0.6116713                    
48.28                         -656.0567                     -0.6137512                    
48.295                        -659.5797                     -0.6168374                    
48.31                         -662.18                       -0.618976                     
48.325                        -665.3675                     -0.622708                     
48.34                         -668.3033                     -0.624704                     
48.355                        -671.4908                     -0.6280335                    
48.37                         -674.175                      -0.6298449                    
48.385                        -677.2787                     -0.6336776                    
48.4                          -680.3822                     -0.6355646                    
48.415                        -683.402                      -0.6387766                    
48.43                         -686.3378                     -0.6407977                    
48.445                        -689.6092                     -0.6442279                    
48.46                         -692.545                      -0.6465425                    
48.475                        -695.8163                     -0.6498385                    
48.49                         -698.2489                     -0.6518512                    
48.505                        -701.3525                     -0.6551723                    
48.52                         -704.4561                     -0.6572941                    
48.535                        -707.1403                     -0.6608416                    
48.55                         -710.4955                     -0.6626699                    
48.565                        -713.3476                     -0.6663096                    
48.58                         -716.2833                     -0.6679283                    
48.595                        -719.7225                     -0.671719                     
48.61                         -721.9034                     -0.6739163                    
48.625                        -725.5103                     -0.6772205                    
48.64                         -728.614                      -0.6792501                    
48.655                        -731.2142                     -0.6821686                    
48.67                         -734.6533                     -0.6849361                    
48.685                        -737.2537                     -0.6879134                    
48.7                          -740.2734                     -0.6901274                    
48.715                        -743.377                      -0.693155                     
48.73                         -746.5645                     -0.6953858                    
48.745                        -749.4164                     -0.6993527                    
48.76                         -752.4362                     -0.7011138                    
48.775                        -755.8753                     -0.7045019                    
48.79                         -758.7272                     -0.7064058                    
48.805                        -761.4115                     -0.7102132                    
48.82                         -764.3473                     -0.7118654                    
48.835                        -767.4509                     -0.7154129                    
48.85                         -770.2189                     -0.7174508                    
48.865                        -773.1548                     -0.7205454                    
48.88                         -776.5939                     -0.7230279                    
48.895                        -779.6976                     -0.7263909                    
48.91                         -782.5496                     -0.7285882                    
48.925                        -785.5692                     -0.731666                     
48.94                         -788.5889                     -0.7342071                    
48.955                        -791.5248                     -0.7370753                    
48.97                         -794.7123                     -0.7392223                    
48.985                        -797.3126                     -0.7426273                    
49                            -800.6678                     -0.7443967                    
49.015                        -803.9392                     -0.7479023                    
49.03                         -806.204                      -0.7505105                    
49.045                        -809.3076                     -0.7536387                    
49.06                         -812.6628                     -0.755794                     
49.075                        -815.6826                     -0.7588719                    
49.09                         -818.3668                     -0.7611028                    
49.105                        -821.6381                     -0.7644993                    
49.12                         -824.4901                     -0.7666044                    
49.135                        -827.5937                     -0.7697829                    
49.15                         -830.4457                     -0.7720808                    
49.165                        -833.8848                     -0.7757037                    
49.18                         -836.3174                     -0.7776662                    
49.195                        -839.1693                     -0.7806686                    
49.21                         -842.6085                     -0.782891                     
49.225                        -845.5443                     -0.7864805                    
49.24                         -848.7318                     -0.7884262                    
49.255                        -851.9193                     -0.7915543                    
49.27                         -854.855                      -0.7939025                    
49.285                        -857.1199                     -0.7970475                    
49.3                          -860.7267                     -0.7998318                    
49.315                        -863.6626                     -0.8025575                    
49.33                         -866.4307                     -0.8049392                    
49.345                        -869.3665                     -0.8080758                    
49.36                         -872.9734                     -0.8101976                    
49.375                        -875.4898                     -0.813678                     
49.39                         -878.7612                     -0.8159004                    
49.405                        -881.7809                     -0.8190622                    
49.42                         -884.4651                     -0.8211001                    
49.435                        -887.5687                     -0.8248238                    
49.45                         -890.4207                     -0.8269287                    
49.465                        -893.1049                     -0.8300822                    
49.48                         -896.7957                     -0.8323969                    
49.495                        -899.8154                     -0.8353992                    
49.51                         -902.6674                     -0.8382506                    
49.525                        -905.4354                     -0.8411104                    
49.54                         -908.6229                     -0.8432322                    
49.555                        -911.9781                     -0.84657                      
49.57                         -914.9979                     -0.8486751                    
49.585                        -917.5982                     -0.852231                     
49.6                          -920.5341                     -0.8543192                    
49.615                        -924.1409                     -0.8570616                    
49.63                         -926.4896                     -0.8596447                    
49.645                        -929.6771                     -0.8628316                    
49.66                         -932.8646                     -0.8651463                    
49.675                        -935.4649                     -0.8676371                    
49.69                         -938.7363                     -0.8708575                    
49.705                        -941.4205                     -0.8734573                    
49.72                         -944.3563                     -0.8762836                    
49.735                        -947.376                      -0.8787408                    
49.75                         -950.7313                     -0.8811395                    
49.765                        -953.751                      -0.8843934                    
49.78                         -956.2674                     -0.8865655                    
49.795                        -959.5388                     -0.8898866                    
49.81                         -962.4746                     -0.8920671                    
49.825                        -965.9976                     -0.895514                     
49.84                         -968.5141                     -0.8977447                    
49.855                        -971.9532                     -0.9008813                    
49.87                         -974.218                      -0.9032128                    
49.885                        -977.5732                     -0.9061061                    
49.9                          -981.0124                     -0.9085383                    
49.915                        -983.4449                     -0.9116329                    
49.93                         -987.0518                     -0.9144424                    
49.945                        -989.9877                     -0.9170171                    
49.96                         -992.5041                     -0.919575                     
49.975                        -996.1949                     -0.9229044                    
49.99                         -998.6274                     -0.9244499                    
50.005                        -1001.647                     -0.9275559                    
50.02                         -1004.835                     -0.9299904                    
50.035                        -1007.854                     -0.9330965                    
50.05                         -1010.455                     -0.9358667                    
50.065                        -1013.894                     -0.938553                     
50.08                         -1016.914                     -0.9407356                    
50.095                        -1019.598                     -0.9437577                    
50.11                         -1022.953                     -0.9469476                    
50.125                        -1025.721                     -0.9494661                    
50.14                         -1028.825                     -0.9521524                    
50.155                        -1032.096                     -0.9550905                    
50.17                         -1034.948                     -0.957525                     
50.185                        -1037.8                       -0.9602113                    
50.2                          -1040.987                     -0.9627296                    
50.215                        -1043.923                     -0.9657518                    
50.23                         -1046.859                     -0.968438                     
50.245                        -1049.963                     -0.9712083                    
50.26                         -1052.479                     -0.9737267                    
50.275                        -1056.086                     -0.9769166                    
50.29                         -1058.519                     -0.9793511                    
50.305                        -1061.958                     -0.9817855                    
50.32                         -1064.474                     -0.9844719                    
50.335                        -1067.913                     -0.9871582                    
50.35                         -1070.598                     -0.9900963                    
50.365                        -1074.037                     -0.9932023                    
50.38                         -1076.721                     -0.9958887                    
50.395                        -1080.076                     -0.998575                     
50.41                         -1082.928                     -1.000841                     
50.425                        -1085.696                     -1.003612                     
50.44                         -1089.219                     -1.006634                     
50.455                        -1091.819                     -1.009572                     
50.47                         -1094.504                     -1.011587                     
50.485                        -1098.11                      -1.014945                     
50.5                          -1100.879                     -1.017715                     
50.515                        -1103.731                     -1.020317                     
50.53                         -1106.918                     -1.023003                     
50.545                        -1109.686                     -1.025774                     
50.56                         -1113.377                     -1.028292                     
50.575                        -1116.48                      -1.031146                     
50.59                         -1118.829                     -1.034001                     
50.605                        -1121.849                     -1.036519                     
50.62                         -1125.12                      -1.039289                     
50.635                        -1128.056                     -1.042395                     
50.65                         -1130.74                      -1.044914                     
50.665                        -1133.928                     -1.047348                     
50.68                         -1137.199                     -1.050034                     
50.695                        -1139.883                     -1.053056                     
50.71                         -1143.239                     -1.055743                     
50.725                        -1145.587                     -1.058849                     
50.74                         -1149.026                     -1.060947                     
50.755                        -1151.543                     -1.064137                     
50.77                         -1154.814                     -1.066908                     
50.785                        -1158.086                     -1.069594                     
50.8                          -1160.938                     -1.071944                     
50.815                        -1163.957                     -1.074631                     
50.83                         -1167.145                     -1.077653                     
50.845                        -1169.913                     -1.080759                     
50.86                         -1172.849                     -1.082941                     
50.875                        -1175.785                     -1.086131                     
50.89                         -1178.972                     -1.088902                     
50.905                        -1182.327                     -1.09142                      
50.92                         -1184.844                     -1.093855                     
50.935                        -1188.199                     -1.096961                     
50.95                         -1190.799                     -1.099395                     
50.965                        -1194.071                     -1.102585                     
50.98                         -1196.923                     -1.105187                     
50.995                        -1199.858                     -1.107622                     
51.01                         -1203.13                      -1.110476                     
51.025                        -1205.814                     -1.113414                     
51.04                         -1208.918                     -1.115681                     
51.055                        -1212.021                     -1.118619                     
51.07                         -1214.957                     -1.121221                     
51.085                        -1218.312                     -1.124495                     
51.1                          -1220.996                     -1.127349                     
51.115                        -1223.765                     -1.129448                     
51.13                         -1227.204                     -1.13247                      
51.145                        -1229.804                     -1.13566                      
51.16                         -1233.411                     -1.137255                     
51.175                        -1236.179                     -1.140697                     
51.19                         -1238.947                     -1.142963                     
51.205                        -1242.051                     -1.145818                     
51.22                         -1245.49                      -1.148336                     
51.235                        -1247.755                     -1.151778                     
51.25                         -1251.026                     -1.154128                     
51.265                        -1253.626                     -1.156647                     
51.28                         -1257.065                     -1.159669                     
51.295                        -1260.001                     -1.162019                     
51.31                         -1263.021                     -1.164874                     
51.325                        -1266.292                     -1.167896                     
51.34                         -1269.06                      -1.170498                     
51.355                        -1272.164                     -1.172932                     
51.37                         -1275.184                     -1.176206                     
51.385                        -1278.203                     -1.178977                     
51.4                          -1280.888                     -1.181495                     
51.415                        -1283.656                     -1.184013                     
51.43                         -1287.263                     -1.1867                       
51.445                        -1290.198                     -1.18989                      
51.46                         -1293.05                      -1.192324                     
51.475                        -1296.238                     -1.195262                     
51.49                         -1298.838                     -1.197445                     
51.505                        -1302.11                      -1.200551                     
51.52                         -1304.71                      -1.203657                     
51.535                        -1308.065                     -1.205672                     
51.55                         -1310.833                     -1.208778                     
51.565                        -1313.937                     -1.211464                     
51.58                         -1317.376                     -1.214234                     
51.595                        -1320.228                     -1.21692                      
51.61                         -1322.912                     -1.219607                     
51.625                        -1326.016                     -1.222377                     
51.64                         -1329.203                     -1.224812                     
51.655                        -1332.223                     -1.228169                     
51.67                         -1335.41                      -1.230352                     
51.685                        -1338.011                     -1.233122                     
51.7                          -1341.198                     -1.235976                     
51.715                        -1343.715                     -1.238831                     
51.73                         -1346.818                     -1.241601                     
51.745                        -1350.425                     -1.243951                     
51.76                         -1353.277                     -1.246806                     
51.775                        -1356.213                     -1.249324                     
51.79                         -1359.652                     -1.252514                     
51.805                        -1362.252                     -1.254948                     
51.82                         -1365.272                     -1.257551                     
51.835                        -1367.872                     -1.260573                     
51.85                         -1370.976                     -1.263343                     
51.865                        -1374.415                     -1.266197                     
51.88                         -1377.519                     -1.268464                     
51.895                        -1379.951                     -1.271402                     
51.91                         -1383.307                     -1.27434                      
51.925                        -1386.075                     -1.276942                     
51.94                         -1389.01                      -1.279713                     
51.955                        -1392.198                     -1.282063                     
51.97                         -1395.385                     -1.285001                     
51.985                        -1398.154                     -1.287772                     
52                            -1400.922                     -1.289954                     
52.015                        -1404.445                     -1.293648                     
52.03                         -1407.38                      -1.296166                     
52.045                        -1410.484                     -1.298601                     
52.06                         -1413.336                     -1.301371                     
52.075                        -1416.356                     -1.303638                     
52.09                         -1419.04                      -1.306828                     
52.105                        -1422.311                     -1.309682                     
52.12                         -1425.163                     -1.312284                     
52.135                        -1428.351                     -1.314803                     
52.15                         -1431.286                     -1.317657                     
52.165                        -1433.971                     -1.320511                     
52.18                         -1437.578                     -1.323113                     
52.195                        -1440.43                      -1.325716                     
52.21                         -1443.282                     -1.328486                     
52.225                        -1446.469                     -1.331508                     
52.24                         -1449.405                     -1.333858                     
52.255                        -1452.76                      -1.336964                     
52.27                         -1455.36                      -1.339483                     
52.285                        -1458.129                     -1.341917                     
52.3                          -1461.148                     -1.345191                     
52.315                        -1464.587                     -1.347794                     
52.33                         -1467.607                     -1.349976                     
52.345                        -1470.208                     -1.353082                     
52.36                         -1473.563                     -1.355181                     
52.375                        -1476.582                     -1.358455                     
52.39                         -1479.77                      -1.361729                     
52.405                        -1482.37                      -1.363827                     
52.42                         -1485.642                     -1.366933                     
52.435                        -1488.41                      -1.369452                     
52.45                         -1491.094                     -1.372222                     
52.465                        -1494.701                     -1.37516                      
52.48                         -1497.637                     -1.377511                     
52.495                        -1500.237                     -1.380281                     
52.51                         -1502.921                     -1.383639                     
52.525                        -1506.276                     -1.386157                     
52.54                         -1509.464                     -1.389179                     
52.555                        -1512.064                     -1.391446                     
52.57                         -1515.587                     -1.394048                     
52.585                        -1518.439                     -1.396902                     
52.6                          -1521.543                     -1.399253                     
52.615                        -1524.562                     -1.402443                     
52.63                         -1527.33                      -1.404709                     
52.645                        -1530.266                     -1.407899                     
52.66                         -1533.706                     -1.410082                     
52.675                        -1536.725                     -1.413104                     
52.69                         -1539.829                     -1.416126                     
52.705                        -1542.513                     -1.418561                     
52.72                         -1545.617                     -1.421415                     
52.735                        -1548.552                     -1.423933                     
52.75                         -1551.32                      -1.426536                     
52.765                        -1554.34                      -1.429306                     
52.78                         -1557.192                     -1.432412                     
52.795                        -1560.631                     -1.434679                     
52.81                         -1563.651                     -1.437617                     
52.825                        -1566.839                     -1.440471                     
52.84                         -1570.11                      -1.443409                     
52.855                        -1572.458                     -1.445927                     
52.87                         -1575.394                     -1.448446                     
52.885                        -1578.414                     -1.451216                     
52.9                          -1581.518                     -1.453986                     
52.915                        -1584.454                     -1.457092                     
52.93                         -1587.641                     -1.459443                     
52.945                        -1590.325                     -1.462129                     
52.96                         -1593.429                     -1.464732                     
52.975                        -1596.532                     -1.467754                     
52.99                         -1599.133                     -1.470608                     
53.005                        -1602.74                      -1.472874                     
53.02                         -1605.592                     -1.475896                     
53.035                        -1608.695                     -1.478499                     
53.05                         -1611.715                     -1.481773                     
53.065                        -1614.818                     -1.483955                     
53.08                         -1617.251                     -1.487061                     
53.095                        -1620.522                     -1.489412                     
53.11                         -1623.71                      -1.492266                     
53.125                        -1626.478                     -1.495456                     
53.14                         -1629.33                      -1.498058                     
53.155                        -1632.266                     -1.500493                     
53.17                         -1635.286                     -1.503179                     
53.185                        -1638.473                     -1.506117                     
53.2                          -1641.744                     -1.508384                     
53.215                        -1644.429                     -1.510986                     
53.23                         -1647.952                     -1.513924                     
53.245                        -1650.636                     -1.516863                     
53.26                         -1653.74                      -1.519969                     
53.275                        -1656.34                      -1.522403                     
53.29                         -1659.359                     -1.525089                     
53.305                        -1662.799                     -1.527524                     
53.32                         -1665.399                     -1.530462                     
53.335                        -1668.586                     -1.5334                       
53.35                         -1671.606                     -1.536002                     
53.365                        -1674.542                     -1.538353                     
53.38                         -1677.646                     -1.540955                     
53.395                        -1680.581                     -1.544145                     
53.41                         -1683.517                     -1.54658                      
53.425                        -1686.201                     -1.549098                     
53.44                         -1689.725                     -1.552036                     
53.455                        -1692.744                     -1.55489                      
53.47                         -1695.848                     -1.557745                     
53.485                        -1698.951                     -1.560179                     
53.5                          -1701.719                     -1.562362                     
53.515                        -1704.488                     -1.565719                     
53.53                         -1707.675                     -1.568742                     
53.545                        -1710.863                     -1.57126                      
53.56                         -1713.798                     -1.573862                     
53.575                        -1716.399                     -1.576884                     
53.59                         -1719.335                     -1.579823                     
53.605                        -1722.522                     -1.582425                     
53.62                         -1725.29                      -1.584859                     
53.635                        -1728.813                     -1.588049                     
53.65                         -1731.833                     -1.590148                     
53.665                        -1734.685                     -1.593254                     
53.68                         -1737.705                     -1.595856                     
53.695                        -1740.808                     -1.598794                     
53.71                         -1743.66                      -1.601481                     
53.725                        -1746.931                     -1.604251                     
53.74                         -1749.867                     -1.606601                     
53.755                        -1752.468                     -1.60954                      
53.77                         -1755.739                     -1.612562                     
53.785                        -1758.843                     -1.61508                      
53.8                          -1761.695                     -1.618102                     
53.815                        -1764.882                     -1.620453                     
53.83                         -1767.818                     -1.623307                     
53.845                        -1770.586                     -1.625322                     
53.86                         -1773.606                     -1.628512                     
53.875                        -1776.458                     -1.630946                     
53.89                         -1780.065                     -1.63422                      
53.905                        -1782.581                     -1.636822                     
53.92                         -1785.685                     -1.639509                     
53.935                        -1788.704                     -1.642279                     
53.95                         -1791.724                     -1.645469                     
53.965                        -1794.492                     -1.648155                     
53.98                         -1797.847                     -1.649834                     
53.995                        -1800.615                     -1.65336                      
54.01                         -1803.635                     -1.656634                     
54.025                        -1806.571                     -1.658732                     
54.04                         -1810.178                     -1.660999                     
54.055                        -1812.778                     -1.664105                     
54.07                         -1815.63                      -1.667043                     
54.085                        -1818.398                     -1.669646                     
54.1                          -1821.67                      -1.67208                      
54.115                        -1824.857                     -1.674682                     
54.13                         -1827.961                     -1.677872                     
54.145                        -1831.064                     -1.680391                     
54.16                         -1833.916                     -1.682741                     
54.175                        -1836.768                     -1.685679                     
54.19                         -1839.536                     -1.688785                     
54.205                        -1842.556                     -1.691304                     
54.22                         -1845.995                     -1.694074                     
54.235                        -1848.763                     -1.696257                     
54.25                         -1851.699                     -1.699782                     
54.265                        -1854.803                     -1.701965                     
54.28                         -1857.403                     -1.705155                     
54.295                        -1860.423                     -1.707841                     
54.31                         -1863.778                     -1.710612                     
54.325                        -1867.217                     -1.712878                     
54.34                         -1870.069                     -1.715565                     
54.355                        -1872.753                     -1.718503                     
54.37                         -1876.192                     -1.721021                     
54.385                        -1878.457                     -1.723959                     
54.4                          -1881.645                     -1.726645                     
54.415                        -1884.832                     -1.7295                       
54.43                         -1888.103                     -1.732186                     
54.445                        -1890.871                     -1.734704                     
54.46                         -1893.64                      -1.737391                     
54.475                        -1896.911                     -1.739909                     
54.49                         -1899.595                     -1.743183                     
54.505                        -1902.699                     -1.745114                     
54.52                         -1905.719                     -1.748807                     
54.535                        -1908.738                     -1.751242                     
54.55                         -1912.345                     -1.754096                     
54.565                        -1914.778                     -1.756279                     
54.58                         -1917.797                     -1.75972                      
54.595                        -1920.733                     -1.761735                     
54.61                         -1923.921                     -1.765261                     
54.625                        -1927.024                     -1.767528                     
54.64                         -1930.044                     -1.770466                     
54.655                        -1932.812                     -1.7729                       
54.67                         -1935.916                     -1.776426                     
54.685                        -1938.516                     -1.778776                     
54.7                          -1942.123                     -1.781715                     
54.715                        -1944.639                     -1.783981                     
54.73                         -1947.827                     -1.787339                     
54.745                        -1950.931                     -1.789438                     
54.76                         -1954.37                      -1.79246                      
54.775                        -1957.054                     -1.794223                     
54.79                         -1959.99                      -1.798084                     
54.805                        -1962.422                     -1.800435                     
54.82                         -1965.694                     -1.803121                     
54.835                        -1968.63                      -1.806059                     
54.85                         -1971.901                     -1.809081                     
54.865                        -1975.256                     -1.811012                     
54.88                         -1977.94                      -1.814286                     
54.895                        -1980.792                     -1.816385                     
54.91                         -1984.315                     -1.819071                     
54.925                        -1987.251                     -1.822429                     
54.94                         -1989.516                     -1.825115                     
54.955                        -1992.871                     -1.82755                      
54.97                         -1996.059                     -1.830907                     
54.985                        -1999.162                     -1.83309                      
55                            -2001.93                      -1.835944                     
55.015                        -1999.498                     -1.806479                     
55.03                         -1996.478                     -1.797581                     
55.045                        -1993.123                     -1.792124                     
55.06                         -1990.271                     -1.790277                     
55.075                        -1986.916                     -1.786416                     
55.09                         -1983.98                      -1.784317                     
55.105                        -1981.128                     -1.780791                     
55.12                         -1978.276                     -1.778525                     
55.135                        -1974.753                     -1.775586                     
55.15                         -1972.152                     -1.7729                       
55.165                        -1969.133                     -1.769542                     
55.18                         -1966.448                     -1.767192                     
55.195                        -1963.093                     -1.764254                     
55.21                         -1960.241                     -1.762323                     
55.225                        -1957.222                     -1.758713                     
55.24                         -1954.034                     -1.756195                     
55.255                        -1951.098                     -1.753173                     
55.27                         -1948.162                     -1.75141                      
55.285                        -1944.891                     -1.747548                     
55.3                          -1942.207                     -1.745366                     
55.315                        -1939.187                     -1.742176                     
55.33                         -1936.503                     -1.739993                     
55.345                        -1933.315                     -1.736635                     
55.36                         -1930.128                     -1.734704                     
55.375                        -1926.94                      -1.731263                     
55.39                         -1924.089                     -1.728744                     
55.405                        -1920.733                     -1.725722                     
55.42                         -1917.965                     -1.723875                     
55.435                        -1915.281                     -1.72035                      
55.45                         -1912.429                     -1.717831                     
55.465                        -1908.906                     -1.714641                     
55.48                         -1905.97                      -1.712374                     
55.495                        -1903.034                     -1.709017                     
55.51                         -1900.015                     -1.707338                     
55.525                        -1897.163                     -1.703896                     
55.54                         -1893.807                     -1.701461                     
55.555                        -1891.039                     -1.698272                     
55.57                         -1888.02                      -1.696005                     
55.585                        -1884.832                     -1.692647                     
55.6                          -1882.4                       -1.690464                     
55.615                        -1878.541                     -1.68719                      
55.63                         -1876.025                     -1.685176                     
55.645                        -1872.921                     -1.681902                     
55.66                         -1869.901                     -1.679803                     
55.675                        -1867.049                     -1.676361                     
55.69                         -1864.281                     -1.674263                     
55.705                        -1860.758                     -1.670905                     
55.72                         -1857.906                     -1.66847                      
55.735                        -1855.222                     -1.665616                     
55.75                         -1851.783                     -1.66293                      
55.765                        -1848.847                     -1.659992                     
55.78                         -1846.079                     -1.658145                     
55.795                        -1843.227                     -1.654703                     
55.81                         -1839.704                     -1.653024                     
55.825                        -1837.104                     -1.648995                     
55.84                         -1833.665                     -1.647148                     
55.855                        -1831.064                     -1.643454                     
55.87                         -1827.961                     -1.641943                     
55.885                        -1824.941                     -1.637914                     
55.9                          -1822.173                     -1.635815                     
55.915                        -1818.65                      -1.632373                     
55.93                         -1815.966                     -1.630862                     
55.945                        -1812.862                     -1.62742                      
55.96                         -1809.842                     -1.625238                     
55.975                        -1807.074                     -1.621964                     
55.99                         -1803.719                     -1.620117                     
56.005                        -1800.951                     -1.615752                     
56.02                         -1798.015                     -1.614409                     
56.035                        -1794.576                     -1.610463                     
56.05                         -1792.059                     -1.608616                     
56.065                        -1788.872                     -1.605594                     
56.08                         -1786.104                     -1.603831                     
56.095                        -1783                         -1.599886                     
56.11                         -1779.645                     -1.598291                     
56.125                        -1776.877                     -1.594261                     
56.14                         -1773.941                     -1.591995                     
56.155                        -1771.005                     -1.589141                     
56.17                         -1768.153                     -1.587042                     
56.185                        -1764.798                     -1.583264                     
56.2                          -1762.03                      -1.581082                     
56.215                        -1759.01                      -1.57764                      
56.23                         -1755.907                     -1.576381                     
56.245                        -1752.887                     -1.572435                     
56.26                         -1750.035                     -1.570337                     
56.275                        -1746.596                     -1.567147                     
56.29                         -1743.744                     -1.565216                     
56.305                        -1740.892                     -1.561606                     
56.32                         -1737.872                     -1.559423                     
56.335                        -1734.685                     -1.555898                     
56.35                         -1732.252                     -1.554387                     
56.365                        -1728.813                     -1.550357                     
56.38                         -1725.709                     -1.548846                     
56.395                        -1722.438                     -1.54532                      
56.41                         -1719.838                     -1.54297                      
56.425                        -1716.567                     -1.539864                     
56.44                         -1714.218                     -1.537597                     
56.455                        -1710.946                     -1.534239                     
56.47                         -1707.759                     -1.532057                     
56.485                        -1704.739                     -1.529287                     
56.5                          -1701.384                     -1.526516                     
56.515                        -1699.203                     -1.52341                      
56.53                         -1696.183                     -1.521396                     
56.545                        -1692.577                     -1.518038                     
56.56                         -1689.976                     -1.516107                     
56.575                        -1686.705                     -1.512665                     
56.59                         -1683.517                     -1.51065                      
56.605                        -1680.498                     -1.507125                     
56.62                         -1677.981                     -1.505026                     
56.635                        -1674.71                      -1.501164                     
56.65                         -1671.858                     -1.499569                     
56.665                        -1668.67                      -1.496379                     
56.68                         -1665.734                     -1.494701                     
56.695                        -1663.05                      -1.491007                     
56.71                         -1660.031                     -1.488488                     
56.725                        -1656.675                     -1.485298                     
56.74                         -1653.823                     -1.483116                     
56.755                        -1650.552                     -1.47959                      
56.77                         -1647.952                     -1.478163                     
56.785                        -1644.429                     -1.473966                     
56.8                          -1641.577                     -1.471699                     
56.815                        -1639.06                      -1.468845                     
56.83                         -1635.37                      -1.466578                     
56.845                        -1632.685                     -1.46364                      
56.86                         -1629.833                     -1.461458                     
56.875                        -1626.73                      -1.457596                     
56.89                         -1624.213                     -1.455497                     
56.905                        -1620.69                      -1.452559                     
56.92                         -1617.671                     -1.450041                     
56.935                        -1614.651                     -1.446851                     
56.95                         -1611.463                     -1.44492                      
56.965                        -1608.611                     -1.441562                     
56.98                         -1605.759                     -1.439463                     
56.995                        -1602.656                     -1.43577                      
57.01                         -1599.804                     -1.434091                     
57.025                        -1596.365                     -1.430145                     
57.04                         -1594.184                     -1.428718                     
57.055                        -1590.577                     -1.425109                     
57.07                         -1587.977                     -1.42301                      
57.085                        -1584.789                     -1.41982                      
57.1                          -1581.686                     -1.417553                     
57.115                        -1578.666                     -1.414279                     
57.13                         -1575.982                     -1.412349                     
57.145                        -1572.542                     -1.408823                     
57.16                         -1569.523                     -1.406808                     
57.175                        -1566.671                     -1.403618                     
57.19                         -1563.735                     -1.401435                     
57.205                        -1560.547                     -1.397238                     
57.22                         -1557.947                     -1.396231                     
57.235                        -1554.424                     -1.392369                     
57.25                         -1551.32                      -1.390774                     
57.265                        -1548.552                     -1.386745                     
57.28                         -1545.113                     -1.384982                     
57.295                        -1543.016                     -1.381372                     
57.31                         -1539.745                     -1.379442                     
57.325                        -1536.977                     -1.375916                     
57.34                         -1533.538                     -1.373817                     
57.355                        -1530.35                      -1.370711                     
57.37                         -1527.75                      -1.368696                     
57.385                        -1524.562                     -1.365422                     
57.4                          -1521.794                     -1.363324                     
57.415                        -1518.439                     -1.359294                     
57.43                         -1515.503                     -1.357699                     
57.445                        -1512.232                     -1.354173                     
57.46                         -1509.38                      -1.352411                     
57.475                        -1506.444                     -1.348129                     
57.49                         -1503.34                      -1.346367                     
57.505                        -1500.656                     -1.343176                     
57.52                         -1497.385                     -1.341582                     
57.535                        -1494.449                     -1.337888                     
57.55                         -1491.597                     -1.336125                     
57.565                        -1488.326                     -1.332347                     
57.58                         -1485.558                     -1.330333                     
57.595                        -1482.874                     -1.326891                     
57.61                         -1479.854                     -1.324792                     
57.625                        -1476.834                     -1.321434                     
57.64                         -1473.311                     -1.31942                      
57.655                        -1470.459                     -1.315894                     
57.67                         -1467.691                     -1.313879                     
57.685                        -1464.671                     -1.310269                     
57.7                          -1461.652                     -1.308423                     
57.715                        -1458.464                     -1.305149                     
57.73                         -1455.528                     -1.302798                     
57.745                        -1452.676                     -1.299272                     
57.76                         -1449.573                     -1.297509                     
57.775                        -1446.553                     -1.294068                     
57.79                         -1443.533                     -1.292473                     
57.805                        -1440.43                      -1.288695                     
57.82                         -1437.494                     -1.286512                     
57.835                        -1434.642                     -1.282987                     
57.85                         -1431.622                     -1.281392                     
57.865                        -1428.267                     -1.278118                     
57.88                         -1425.415                     -1.275851                     
57.895                        -1422.479                     -1.272158                     
57.91                         -1419.375                     -1.269975                     
57.925                        -1416.524                     -1.267372                     
57.94                         -1413.504                     -1.26519                      
57.955                        -1410.316                     -1.261245                     
57.97                         -1407.548                     -1.259314                     
57.985                        -1404.78                      -1.256124                     
58                            -1401.593                     -1.253941                     
58.015                        -1398.657                     -1.250583                     
58.03                         -1395.469                     -1.248652                     
58.045                        -1392.701                     -1.245043                     
58.06                         -1389.598                     -1.243616                     
58.075                        -1386.326                     -1.239754                     
58.09                         -1383.558                     -1.237152                     
58.105                        -1380.119                     -1.233794                     
58.12                         -1377.854                     -1.232367                     
58.135                        -1374.499                     -1.228757                     
58.15                         -1371.647                     -1.226994                     
58.165                        -1368.46                      -1.222881                     
58.18                         -1366.027                     -1.221202                     
58.195                        -1362.756                     -1.218432                     
58.21                         -1359.568                     -1.215913                     
58.225                        -1356.297                     -1.212219                     
58.24                         -1353.109                     -1.209869                     
58.255                        -1350.341                     -1.206847                     
58.27                         -1347.825                     -1.20458                      
58.285                        -1344.386                     -1.201222                     
58.3                          -1341.03                      -1.199628                     
58.315                        -1338.262                     -1.196018                     
58.33                         -1335.41                      -1.194339                     
58.345                        -1332.223                     -1.190393                     
58.36                         -1329.203                     -1.188547                     
58.375                        -1326.435                     -1.185273                     
58.39                         -1323.415                     -1.183006                     
58.405                        -1320.06                      -1.179564                     
58.42                         -1316.873                     -1.177549                     
58.435                        -1314.021                     -1.173772                     
58.45                         -1311.672                     -1.172261                     
58.465                        -1308.568                     -1.169071                     
58.48                         -1305.129                     -1.16672                      
58.495                        -1302.11                      -1.162859                     
58.51                         -1299.174                     -1.16076                      
58.525                        -1296.573                     -1.158074                     
58.54                         -1293.134                     -1.155639                     
58.555                        -1290.534                     -1.152449                     
58.57                         -1287.263                     -1.150015                     
58.585                        -1284.495                     -1.147581                     
58.6                          -1281.223                     -1.144642                     
58.615                        -1278.203                     -1.141284                     
58.63                         -1275.351                     -1.139354                     
58.645                        -1272.416                     -1.135912                     
58.66                         -1269.144                     -1.133729                     
58.675                        -1266.125                     -1.130288                     
58.69                         -1263.021                     -1.128692                     
58.705                        -1260.588                     -1.124831                     
58.72                         -1257.904                     -1.123068                     
58.735                        -1254.297                     -1.119794                     
58.75                         -1251.194                     -1.117779                     
58.765                        -1248.006                     -1.114002                     
58.78                         -1245.238                     -1.112155                     
58.795                        -1242.135                     -1.108965                     
58.81                         -1239.366                     -1.106782                     
58.825                        -1236.263                     -1.103257                     
58.84                         -1233.243                     -1.100906                     
58.855                        -1230.307                     -1.098556                     
58.87                         -1227.204                     -1.095114                     
58.885                        -1224.436                     -1.09226                      
58.9                          -1221.416                     -1.090077                     
58.915                        -1218.145                     -1.087223                     
58.93                         -1215.125                     -1.084788                     
58.945                        -1211.853                     -1.081179                     
58.96                         -1209.337                     -1.07908                      
58.975                        -1206.401                     -1.076226                     
58.99                         -1203.633                     -1.074463                     
59.005                        -1200.026                     -1.070769                     
59.02                         -1197.258                     -1.068503                     
59.035                        -1193.987                     -1.065229                     
59.05                         -1191.302                     -1.063382                     
59.065                        -1188.283                     -1.060444                     
59.08                         -1185.095                     -1.057422                     
59.095                        -1182.411                     -1.054484                     
59.11                         -1179.391                     -1.052637                     
59.125                        -1176.204                     -1.049111                     
59.14                         -1173.436                     -1.046173                     
59.155                        -1170.416                     -1.04357                      
59.17                         -1167.145                     -1.041304                     
59.185                        -1164.209                     -1.038366                     
59.2                          -1161.105                     -1.035679                     
59.215                        -1158.169                     -1.032741                     
59.23                         -1155.066                     -1.030559                     
59.245                        -1152.214                     -1.027117                     
59.26                         -1149.362                     -1.024766                     
59.275                        -1146.007                     -1.021912                     
59.29                         -1142.903                     -1.019646                     
59.305                        -1140.051                     -1.01612                      
59.32                         -1137.283                     -1.014021                     
59.335                        -1134.096                     -1.010999                     
59.35                         -1131.244                     -1.008229                     
59.365                        -1128.308                     -1.005459                     
59.38                         -1125.288                     -1.003192                     
59.395                        -1122.1                       -1.000338                     
59.41                         -1119.249                     -0.9971479                    
59.425                        -1116.313                     -0.9942097                    
59.44                         -1113.041                     -0.9920271                    
59.455                        -1110.022                     -0.9893408                    
59.47                         -1106.834                     -0.9868224                    
59.485                        -1103.982                     -0.9836324                    
59.5                          -1100.962                     -0.9811979                    
59.515                        -1098.362                     -0.9782598                    
59.53                         -1095.678                     -0.9759093                    
59.545                        -1091.987                     -0.9728033                    
59.56                         -1088.884                     -0.9702849                    
59.575                        -1086.283                     -0.966927                     
59.59                         -1083.18                      -0.9644086                    
59.605                        -1080.328                     -0.9618902                    
59.62                         -1077.056                     -0.9595397                    
59.635                        -1073.953                     -0.9566016                    
59.65                         -1071.017                     -0.9539152                    
59.665                        -1068.081                     -0.9510611                    
59.68                         -1065.229                     -0.9485427                    
59.695                        -1061.958                     -0.9454367                    
59.71                         -1059.19                      -0.9430861                    
59.725                        -1055.918                     -0.9398961                    
59.74                         -1052.982                     -0.9372098                    
59.755                        -1049.963                     -0.9347754                    
59.77                         -1046.859                     -0.9323409                    
59.785                        -1044.007                     -0.929067                     
59.8                          -1040.987                     -0.9268844                    
59.815                        -1038.219                     -0.9232746                    
59.83                         -1035.451                     -0.921092                     
59.845                        -1032.516                     -0.91807                      
59.86                         -1029.16                      -0.9156355                    
59.875                        -1026.308                     -0.9127813                    
59.89                         -1022.869                     -0.9106826                    
59.905                        -1019.849                     -0.907073                     
59.92                         -1016.746                     -0.9045545                    
59.935                        -1014.145                     -0.902204                     
59.95                         -1011.042                     -0.8992659                    
59.965                        -1008.274                     -0.8962438                    
59.98                         -1005.17                      -0.8939772                    
59.995                        -1002.067                     -0.8907033                    
60.01                         -999.1307                     -0.8884367                    
60.025                        -996.2787                     -0.8857505                    
60.04                         -992.9235                     -0.8828963                    
60.055                        -989.9037                     -0.8795384                    
60.07                         -987.1357                     -0.8777755                    
60.085                        -984.1998                     -0.8743336                    
60.1                          -981.0124                     -0.8718992                    
60.115                        -978.0765                     -0.8693808                    
60.13                         -974.7213                     -0.8661909                    
60.145                        -972.2048                     -0.8640082                    
60.16                         -968.6819                     -0.8616577                    
60.175                        -966.1654                     -0.8582159                    
60.19                         -962.9779                     -0.8558654                    
60.205                        -959.9583                     -0.8529272                    
60.22                         -956.8546                     -0.8499891                    
60.235                        -953.751                      -0.8475546                    
60.25                         -950.8152                     -0.8447005                    
60.265                        -947.8793                     -0.8416784                    
60.28                         -944.8596                     -0.8399155                    
60.295                        -942.1754                     -0.8365576                    
60.31                         -939.2396                     -0.8340393                    
60.325                        -936.1359                     -0.8309332                    
60.34                         -933.1162                     -0.8284148                    
60.355                        -930.0126                     -0.8256446                    
60.37                         -926.9929                     -0.8228743                    
60.385                        -924.2249                     -0.8200201                    
60.4                          -920.7857                     -0.8176696                    
60.415                        -918.1854                     -0.8149833                    
60.43                         -914.7463                     -0.8121291                    
60.445                        -911.6426                     -0.8091909                    
60.46                         -909.3779                     -0.8067565                    
60.475                        -906.0226                     -0.8037345                    
60.49                         -902.8351                     -0.8013839                    
60.505                        -899.9832                     -0.7982779                    
60.52                         -896.7957                     -0.7955916                    
60.535                        -894.0276                     -0.7927374                    
60.55                         -891.0918                     -0.790051                     
60.565                        -888.1559                     -0.7879524                    
60.58                         -884.8846                     -0.7846785                    
60.595                        -881.8648                     -0.7822441                    
60.61                         -878.8451                     -0.7789701                    
60.625                        -875.8254                     -0.7767875                    
60.64                         -872.7218                     -0.7741012                    
60.655                        -869.7859                     -0.7707433                    
60.67                         -867.2695                     -0.7684768                    
60.685                        -863.6626                     -0.7652868                    
60.7                          -860.4752                     -0.7628524                    
60.715                        -857.6231                     -0.7607537                    
60.73                         -855.1068                     -0.7575637                    
60.745                        -851.9193                     -0.7545416                    
60.76                         -849.319                      -0.7519392                    
60.775                        -846.0476                     -0.7492529                    
60.79                         -842.5245                     -0.7469864                    
60.805                        -839.9242                     -0.7434607                    
60.82                         -836.9883                     -0.7411101                    
60.835                        -833.8848                     -0.7385078                    
60.85                         -830.7812                     -0.7355696                    
60.865                        -827.6776                     -0.7331352                    
60.88                         -824.9095                     -0.7303649                    
60.895                        -821.722                      -0.7275107                    
60.91                         -818.7861                     -0.7244047                    
60.925                        -815.9342                     -0.7219703                    
60.94                         -812.7468                     -0.7192                       
60.955                        -810.0625                     -0.7164298                    
60.97                         -807.2106                     -0.7140792                    
60.985                        -803.9392                     -0.7109732                    
61                            -800.8356                     -0.7083709                    
61.015                        -797.5642                     -0.7055166                    
61.03                         -794.7961                     -0.7029143                    
61.045                        -791.7764                     -0.700312                     
61.06                         -789.0084                     -0.6973739                    
61.075                        -785.9886                     -0.6942678                    
61.09                         -782.5496                     -0.6917495                    
61.105                        -779.7814                     -0.6893989                    
61.12                         -776.6779                     -0.6866286                    
61.135                        -773.9936                     -0.6835226                    
61.15                         -770.5546                     -0.6810042                    
61.165                        -767.9542                     -0.678318                     
61.18                         -764.6829                     -0.6754637                    
61.195                        -761.8309                     -0.6722738                    
61.21                         -758.8112                     -0.6703429                    
61.225                        -756.0431                     -0.667153                     
61.24                         -752.8555                     -0.6648865                    
61.255                        -749.6681                     -0.6615285                    
61.27                         -746.5645                     -0.6591781                    
61.285                        -744.1319                     -0.6566596                    
61.3                          -740.9445                     -0.6539733                    
61.315                        -737.3376                     -0.6510352                    
61.33                         -734.6533                     -0.6486008                    
61.345                        -732.1369                     -0.6454947                    
61.36                         -728.614                      -0.6425566                    
61.375                        -725.5103                     -0.6406258                    
61.39                         -722.4905                     -0.6376037                    
61.405                        -719.6386                     -0.6347495                    
61.42                         -716.8705                     -0.6318954                    
61.435                        -713.5153                     -0.629293                     
61.45                         -711.0827                     -0.626187                     
61.465                        -707.3081                     -0.6235006                    
61.48                         -705.0433                     -0.6211501                    
61.495                        -701.4364                     -0.6178762                    
61.51                         -698.8361                     -0.6155257                    
61.525                        -695.397                      -0.6131752                    
61.54                         -693.1322                     -0.6101531                    
61.555                        -689.777                      -0.6073829                    
61.57                         -686.8411                     -0.6044447                    
61.585                        -683.8214                     -0.6017584                    
61.6                          -680.7177                     -0.5990722                    
61.615                        -677.6981                     -0.5965537                    
61.63                         -674.5944                     -0.5940353                    
61.645                        -671.8264                     -0.5911812                    
61.66                         -668.555                      -0.5884948                    
61.675                        -665.6191                     -0.5853049                    
61.69                         -662.4316                     -0.5832062                    
61.705                        -659.8314                     -0.5800162                    
61.72                         -656.56                       -0.577162                     
61.735                        -653.9597                     -0.5743918                    
61.75                         -650.6883                     -0.5720413                    
61.765                        -647.5008                     -0.5691032                    
61.78                         -644.565                      -0.5666687                    
61.795                        -641.4614                     -0.5638984                    
61.81                         -638.861                      -0.5608764                    
61.825                        -635.9252                     -0.5581061                    
61.84                         -632.5699                     -0.5553359                    
61.855                        -629.6342                     -0.5530693                    
61.87                         -626.7822                     -0.5497954                    
61.885                        -623.2592                     -0.5474449                    
61.9                          -620.4911                     -0.5445067                    
61.915                        -617.3875                     -0.5422402                    
61.93                         -614.4516                     -0.539386                     
61.945                        -611.6835                     -0.5362799                    
61.96                         -608.9155                     -0.5337616                    
61.975                        -605.6441                     -0.5307394                    
61.99                         -602.4566                     -0.5287247                    
62.005                        -599.9402                     -0.525199                     
62.02                         -596.6688                     -0.5232682                    
62.035                        -593.733                      -0.5200782                    
62.05                         -590.6293                     -0.5182314                    
62.065                        -587.5258                     -0.5149575                    
62.08                         -584.8416                     -0.5118514                    
62.095                        -581.6541                     -0.5094169                    
62.11                         -578.4666                     -0.5068986                    
62.125                        -575.6146                     -0.5038764                    
62.14                         -572.7627                     -0.5016063                    
62.155                        -569.7429                     -0.4988387                    
62.17                         -566.4716                     -0.4965911                    
62.185                        -563.4518                     -0.4936558                    
62.2                          -560.9354                     -0.4908044                    
62.215                        -557.7479                     -0.4879446                    
62.23                         -554.3088                     -0.485588                     
62.245                        -551.7085                     -0.4825185                    
62.26                         -548.6888                     -0.4799187                    
62.275                        -545.5013                     -0.4769163                    
62.29                         -542.7332                     -0.474568                     
62.305                        -539.7135                     -0.4719766                    
62.32                         -536.3582                     -0.4690245                    
62.335                        -533.5063                     -0.4663325                    
62.35                         -530.9059                     -0.4634643                    
62.365                        -527.4669                     -0.4608392                    
62.38                         -524.7827                     -0.4579962                    
62.395                        -521.2596                     -0.4552706                    
62.41                         -518.4915                     -0.4524527                    
62.425                        -515.8074                     -0.4500374                    
62.44                         -512.536                      -0.4473285                    
62.455                        -509.4324                     -0.4443513                    
62.47                         -506.6643                     -0.4418605                    
62.485                        -504.064                      -0.4387407                    
62.5                          -500.1216                     -0.4361996                    
62.515                        -497.6051                     -0.4334823                    
62.53                         -494.3338                     -0.430807                     
62.545                        -491.4818                     -0.4277208                    
62.56                         -488.7976                     -0.4253977                    
62.575                        -485.694                      -0.4226469                    
62.59                         -482.5065                     -0.4197116                    
62.605                        -479.319                      -0.4170028                    
62.62                         -476.6349                     -0.414143                     
62.635                        -473.4474                     -0.4116521                    
62.65                         -470.5954                     -0.4088091                    
62.665                        -467.2402                     -0.4059409                    
62.68                         -464.3882                     -0.4030476                    
62.695                        -461.5362                     -0.4009174                    
62.71                         -458.3488                     -0.3980324                    
62.725                        -455.2451                     -0.3952061                    
62.74                         -452.4771                     -0.3922373                    
62.755                        -449.4574                     -0.3899226                    
62.77                         -446.2699                     -0.3871215                    
62.785                        -443.6696                     -0.3841611                    
62.8                          -440.1465                     -0.3813348                    
62.815                        -437.7979                     -0.3788021                    
62.83                         -434.4426                     -0.3765461                    
62.845                        -431.2551                     -0.3733592                    
62.86                         -428.7387                     -0.3705581                    
62.875                        -425.1318                     -0.3677318                    
62.89                         -422.196                      -0.3653501                    
62.905                        -419.5117                     -0.3624399                    
62.92                         -416.2404                     -0.3596053                    
62.935                        -413.4723                     -0.3569048                    
62.95                         -410.6204                     -0.3546152                    
62.965                        -407.7684                     -0.351789                     
62.98                         -404.3293                     -0.3487447                    
62.995                        -401.5612                     -0.3460945                    
63.01                         -398.7092                     -0.3431593                    
63.025                        -395.5218                     -0.3407942                    
63.04                         -392.4182                     -0.3376241                    
63.055                        -389.6501                     -0.3350327                    
63.07                         -386.127                      -0.332198                     
63.085                        -383.7784                     -0.330135                     
63.1                          -380.6748                     -0.3269648                    
63.115                        -377.655                      -0.3244237                    
63.13                         -374.2998                     -0.3213458                    
63.145                        -371.5317                     -0.3186454                    
63.16                         -368.3442                     -0.316121                     
63.175                        -365.0729                     -0.3134541                    
63.19                         -362.5564                     -0.3105272                    
63.205                        -359.5367                     -0.3075332                    
63.22                         -356.4331                     -0.3055288                    
63.235                        -353.2456                     -0.302669                     
63.25                         -350.5614                     -0.2998511                    
63.265                        -347.3739                     -0.2969913                    
63.28                         -344.1864                     -0.2940812                    
63.295                        -341.2506                     -0.2917581                    
63.31                         -338.4825                     -0.2888648                    
63.325                        -335.2112                     -0.2860385                    
63.34                         -332.3592                     -0.2828851                    
63.355                        -329.675                      -0.2814007                    
63.37                         -326.5714                     -0.278088                     
63.385                        -323.4678                     -0.2752953                    
63.4                          -320.8675                     -0.2722426                    
63.415                        -317.5961                     -0.2698776                    
63.43                         -314.4925                     -0.2668417                    
63.445                        -311.2212                     -0.2641664                    
63.46                         -308.4531                     -0.261122                     
63.475                        -305.5172                     -0.2584887                    
63.49                         -302.2459                     -0.2561908                    
63.505                        -299.6455                     -0.2534232                    
63.52                         -296.2903                     -0.250186                     
63.535                        -292.8512                     -0.2478881                    
63.55                         -290.3347                     -0.244718                     
63.565                        -287.0634                     -0.2422272                    
63.58                         -284.3792                     -0.2391074                    
63.595                        -280.8562                     -0.2368095                    
63.61                         -278.172                      -0.2334213                    
63.625                        -275.4878                     -0.2313247                    
63.64                         -272.2164                     -0.2281462                    
63.655                        -269.0289                     -0.2260663                    
63.67                         -266.4286                     -0.2224852                    
63.685                        -263.4089                     -0.220657                     
63.7                          -259.9698                     -0.2171765                    
63.715                        -257.2856                     -0.2149122                    
63.73                         -254.2658                     -0.2116834                    
63.745                        -251.0783                     -0.2094106                    
63.76                         -248.1425                     -0.2060812                    
63.775                        -245.2905                     -0.2039594                    
63.79                         -242.2708                     -0.2008228                    
63.805                        -239.1672                     -0.1985249                    
63.82                         -236.3153                     -0.1954638                    
63.835                        -232.7922                     -0.1931072                    
63.85                         -230.2758                     -0.1896519                    
63.865                        -227.34                       -0.187614                     
63.88                         -224.1525                     -0.1840329                    
63.895                        -221.0489                     -0.1822214                    
63.91                         -218.1969                     -0.1786655                    
63.925                        -215.2611                     -0.1770386                    
63.94                         -212.1575                     -0.1735749                    
63.955                        -209.0539                     -0.1712434                    
63.97                         -205.9503                     -0.1679811                    
63.985                        -202.8467                     -0.165918                     
64                            -200.0786                     -0.1624124                    
64.015                        -197.1427                     -0.1604332                    
64.03                         -193.7875                     -0.157087                     
64.045                        -191.0194                     -0.1550658                    
64.06                         -188.4191                     -0.1516441                    
64.075                        -185.1478                     -0.1498326                    
64.09                         -181.8764                     -0.1461593                    
64.105                        -179.1922                     -0.1444652                    
64.12                         -176.0047                     -0.1408758                    
64.135                        -173.0688                     -0.1386701                    
64.15                         -170.133                      -0.1352735                    
64.165                        -167.1133                     -0.1330846                    
64.18                         -163.8419                     -0.1300319                    
64.19501                      -161.3255                     -0.1276753                    
64.21001                      -158.2219                     -0.1243375                    
64.22501                      -154.9505                     -0.1226602                    
64.24001                      -151.763                      -0.1187269                    
64.255                        -148.8272                     -0.1170412                    
64.27                         -145.8075                     -0.1132589                    
64.285                        -143.1233                     -0.1113887                    
64.3                          -139.9358                     -0.1077908                    
64.315                        -137.0838                     -0.1061135                    
64.33                         -134.0641                     -0.1024654                    
64.345                        -130.7088                     -0.1002765                    
64.36                         -128.0247                     -0.09712314                   
64.375                        -125.2566                     -0.09532003                   
64.39                         -122.3207                     -0.09182284                   
64.405                        -119.1333                     -0.08951654                   
64.42                         -115.9458                     -0.08611999                   
64.435                        -112.5905                     -0.08407367                   
64.45                         -110.3257                     -0.08076099                   
64.465                        -106.7188                     -0.07858887                   
64.48                         -104.2024                     -0.07509168                   
64.495                        -101.0149                     -0.07306214                   
64.51                         -98.33072                     -0.06964881                   
64.525                        -95.14323                     -0.06823988                   
64.54                         -91.87186                     -0.06418078                   
64.555                        -88.93603                     -0.06233574                   
64.57001                      -85.9163                      -0.05873792                   
64.58501                      -83.06435                     -0.05668321                   
64.60001                      -80.38015                     -0.05349633                   
64.61501                      -76.85713                     -0.0513326                    
64.63                         -73.83742                     -0.04767606                   
64.645                        -70.90157                     -0.04605746                   
64.66                         -67.79797                     -0.04271122                   
64.675                        -65.19765                     -0.04053911                   
64.69                         -61.92628                     -0.03698779                   
64.705                        -59.07433                     -0.03512127                   
64.72                         -55.6352                      -0.03158276                   
64.735                        -53.28653                     -0.03007429                   
64.75                         -50.01516                     -0.02613414                   
64.765                        -47.07932                     -0.02398085                   
64.78                         -44.14347                     -0.02053374                   
64.795                        -40.78823                     -0.01883912                   
64.81                         -37.60074                     -0.01555552                   
64.825                        -34.74878                     -0.01319428                   
64.84                         -31.81294                     -0.009722018                  
64.855                        -29.12874                     -0.007915032                  
64.87                         -26.44455                     -0.004302739                  
64.885                        -22.75377                     -0.0023465                    
64.9                          -19.65017                     0.001282564                   
64.915                        -16.79821                     0.003248027                   
64.93                         -14.03013                     0.006353861                   
64.94501                      -11.09429                     0.008092927                   
64.96001                      -8.326211                     0.01210854                    
64.97501                      -4.887083                     0.01401783                    
64.99001                      -2.035122                     0.01742217                    
65.005                        0.9846003                     0.01975322                    
65.02                         4.004323                      0.02289176                    
65.035                        7.191808                      0.02500396                    
65.05                         10.21153                      0.02856846                    
65.065                        13.06349                      0.03029662                    
65.08                         15.74769                      0.03358106                    
65.095                        19.10294                      0.03552556                    
65.11                         22.12266                      0.0393827                     
65.125                        25.56179                      0.04137248                    
65.14                         28.24598                      0.04492524                    
65.155                        30.93018                      0.04655781                    
65.17                         34.03379                      0.05031433                    
65.185                        37.30515                      0.05221187                    
65.2                          40.15711                      0.05601199                    
65.215                        43.51236                      0.05760851                    
65.23                         46.36432                      0.06077975                    
65.245                        49.30016                      0.0630127                     
65.26                         51.81659                      0.06675076                    
65.275                        55.25573                      0.06854434                    
65.29                         58.19157                      0.07225809                    
65.305                        60.708                        0.0738152                     
65.32001                      64.06325                      0.07752392                    
65.33501                      67.08297                      0.07935355                    
65.35001                      70.01881                      0.08310503                    
65.36501                      73.12241                      0.08461434                    
65.38                         76.56155                      0.08812014                    
65.395                        79.24574                      0.09031285                    
65.41                         82.0977                       0.09385051                    
65.425                        84.69802                      0.09588557                    
65.44                         88.05326                      0.09898786                    
65.455                        91.40851                      0.1010761                     
65.47                         94.34436                      0.1048333                     
65.485                        97.19631                      0.1067286                     
65.5                          100.1322                      0.1102007                     
65.515                        103.1519                      0.1118109                     
65.53                         106.1716                      0.1155681                     
65.545                        108.9397                      0.1174466                     
65.56                         112.5466                      0.1210361                     
65.575                        115.2308                      0.1225289                     
65.59                         118.4183                      0.1264035                     
65.605                        121.3541                      0.1283827                     
65.62                         124.3738                      0.1318464                     
65.635                        127.3935                      0.1341694                     
65.65                         129.9939                      0.1371802                     
65.665                        133.0975                      0.1390252                     
65.68                         136.2011                      0.1426734                     
65.69501                      139.4724                      0.1446107                     
65.71001                      142.3244                      0.1480575                     
65.72501                      145.3441                      0.1502464                     
65.74001                      148.1122                      0.1536765                     
65.755                        151.2158                      0.1555048                     
65.77                         154.2355                      0.1595052                     
65.785                        157.0875                      0.1611657                     
65.8                          160.3588                      0.1644029                     
65.815                        163.1269                      0.1663654                     
65.83                         166.0628                      0.1702064                     
65.845                        169.5019                      0.1719173                     
65.86                         172.1861                      0.1755319                     
65.875                        175.0381                      0.1773434                     
65.89                         177.89                        0.1811844                     
65.905                        181.413                       0.1833733                     
65.92                         184.6005                      0.1865434                     
65.935                        187.2008                      0.188162                      
65.95                         190.4722                      0.1919443                     
65.965                        193.4919                      0.1941584                     
65.98                         196.5955                      0.1970601                     
65.995                        199.0281                      0.199249                      
66.01                         202.2155                      0.2030146                     
66.025                        205.2353                      0.204868                      
66.04                         208.1711                      0.2082226                     
66.055                        211.4425                      0.2102354                     
66.07001                      214.2106                      0.2137074                     
66.08501                      217.1464                      0.2155021                     
66.10001                      220.25                        0.2192258                     
66.11501                      223.3536                      0.2206263                     
66.13                         226.2895                      0.2247441                     
66.145                        229.2253                      0.2268492                     
66.16                         232.3289                      0.2300193                     
66.175                        235.6003                      0.2321159                     
66.19                         238.4522                      0.2357473                     
66.205                        241.3042                      0.2378439                     
66.22                         244.24                        0.2408966                     
66.235                        247.3436                      0.2429094                     
66.25                         250.3633                      0.2465575                     
66.265                        253.1314                      0.2486625                     
66.28                         256.6544                      0.2522268                     
66.295                        259.3387                      0.2539125                     
66.31                         262.7778                      0.2576445                     
66.325                        265.2942                      0.2592463                     
66.34                         268.23                        0.2633725                     
66.355                        271.4175                      0.2650666                     
66.37                         274.4373                      0.2682619                     
66.385                        277.3731                      0.2706269                     
66.4                          280.225                       0.2738473                     
66.415                        283.7481                      0.2758937                     
66.43                         286.3484                      0.2793825                     
66.44501                      289.1165                      0.2814791                     
66.46001                      292.3878                      0.2849176                     
66.47501                      295.1559                      0.2869388                     
66.49001                      298.6789                      0.2903018                     
66.505                        301.447                       0.2920965                     
66.52                         304.4667                      0.2957698                     
66.535                        307.3187                      0.2975309                     
66.55                         310.5062                      0.3011204                     
66.565                        313.6098                      0.3032254                     
66.58                         316.965                       0.3066639                     
66.595                        319.3137                      0.3085425                     
66.61                         322.2495                      0.3121068                     
66.625                        325.2692                      0.3142621                     
66.64                         328.2051                      0.3171303                     
66.655                        331.057                       0.3196211                     
66.67                         334.2445                      0.3225228                     
66.685                        337.1804                      0.3249801                     
66.7                          340.7873                      0.328318                      
66.715                        343.5553                      0.3303056                     
66.73                         346.5751                      0.3334505                     
66.745                        349.427                       0.3359917                     
66.76                         352.1112                      0.3393882                     
66.775                        355.131                       0.3407972                     
66.79                         358.8217                      0.3446801                     
66.805                        361.3381                      0.3465671                     
66.82001                      364.6934                      0.3500307                     
66.83501                      367.6292                      0.3521525                     
66.85001                      370.3134                      0.3554736                     
66.86501                      373.5009                      0.3577044                     
66.88                         376.7723                      0.3610423                     
66.895                        379.2888                      0.3632647                     
66.91                         382.644                       0.3662084                     
66.925                        385.5798                      0.3685901                     
66.94                         388.5995                      0.371668                      
66.955                        391.5354                      0.373815                      
66.97                         394.3035                      0.3773876                     
66.985                        397.2393                      0.3795514                     
67                            400.8462                      0.3827047                     
67.015                        403.4465                      0.3849188                     
67.03                         407.0534                      0.3884411                     
67.045                        409.2343                      0.3903868                     
67.06                         412.254                       0.3935821                     
67.075                        415.777                       0.3956368                     
67.09                         418.629                       0.3991507                     
67.105                        421.2293                      0.401348                      
67.12                         424.7523                      0.4047362                     
67.135                        427.1849                      0.4063716                     
67.15                         430.7917                      0.4099861                     
67.165                        433.476                       0.4123847                     
67.18                         436.4957                      0.4154374                     
67.19501                      439.5154                      0.4171231                     
67.21001                      442.619                       0.4206958                     
67.22501                      445.7226                      0.4231782                     
67.24001                      448.6584                      0.426298                      
67.255                        451.3427                      0.4287804                     
67.27                         454.614                       0.4315815                     
67.285                        457.3821                      0.4340975                     
67.3                          460.9051                      0.4372089                     
67.315                        463.4216                      0.4395823                     
67.33                         466.609                       0.4424337                     
67.345                        469.7126                      0.4448239                     
67.36                         472.7324                      0.4480778                     
67.375                        475.6682                      0.4503422                     
67.39                         478.604                       0.4537639                     
67.405                        481.7915                      0.4558354                     
67.42                         484.8951                      0.4589971                     
67.435                        487.7471                      0.461337                      
67.45                         491.0185                      0.4647335                     
67.465                        493.2832                      0.4665534                     
67.48                         496.3868                      0.4697487                     
67.495                        499.5743                      0.472164                      
67.51                         502.5941                      0.4754516                     
67.525                        505.8654                      0.4774727                     
67.54                         508.7174                      0.4807938                     
67.555                        511.821                       0.4830917                     
67.57001                      514.7568                      0.4863876                     
67.58501                      517.5249                      0.4889958                     
67.60001                      520.3769                      0.4914531                     
67.61501                      523.9838                      0.4939187                     
67.63                         526.668                       0.4970888                     
67.645                        529.2683                      0.4996803                     
67.66                         532.8752                      0.5020536                     
67.675                        535.6432                      0.504838                      
67.69                         538.5791                      0.5079997                     
67.705                        541.2633                      0.5103647                     
67.72                         544.8702                      0.5137948                     
67.735                        547.4705                      0.5155141                     
67.75                         550.658                       0.518768                      
67.765                        553.7616                      0.5213594                     
67.78                         556.6135                      0.5243703                     
67.795                        559.5494                      0.5265256                     
67.81                         562.7369                      0.5297209                     
67.825                        565.8405                      0.5323962                     
67.84                         568.4408                      0.5352309                     
67.855                        571.7122                      0.5377719                     
67.87                         574.648                       0.5402879                     
67.885                        577.5839                      0.5430639                     
67.9                          580.6036                      0.5461333                     
67.915                        583.4555                      0.5486242                     
67.93                         586.643                       0.5513666                     
67.94501                      589.8305                      0.5538909                     
67.96001                      593.018                       0.5570191                     
67.97501                      595.5344                      0.559577                      
67.99001                      598.638                       0.562202                      
68.005                        601.7416                      0.5646508                     
68.02                         604.8452                      0.5678964                     
68.035                        607.9488                      0.5703621                     
68.05                         610.3813                      0.573398                      
68.065                        614.0721                      0.5757378                     
68.08                         616.8403                      0.5785977                     
68.095                        619.6922                      0.5813988                     
68.11                         622.7119                      0.5842334                     
68.125                        625.8156                      0.5866236                     
68.14                         628.9191                      0.5892822                     
68.155                        631.7711                      0.5922425                     
68.17                         635.0424                      0.5950772                     
68.185                        637.8943                      0.5975932                     
68.2                          640.8302                      0.6005452                     
68.215                        643.85                        0.6029019                     
68.23                         647.0374                      0.6062733                     
68.245                        649.8895                      0.6084706                     
68.26                         652.8252                      0.6114058                     
68.275                        655.761                       0.6139386                     
68.29                         658.6969                      0.6166558                     
68.30501                      661.8845                      0.6195827                     
68.32001                      664.4847                      0.622258                      
68.33501                      667.7561                      0.6250927                     
68.35001                      670.8597                      0.6277345                     
68.36501                      673.7956                      0.6300911                     
68.38                         676.6475                      0.6329761                     
68.395                        679.5834                      0.6357855                     
68.41                         682.7708                      0.6388802                     
68.425                        685.8745                      0.6410522                     
68.44                         688.978                       0.6441385                     
68.455                        691.9139                      0.6467049                     
68.47                         694.5981                      0.6496233                     
68.485                        697.7017                      0.6525083                     
68.5                          700.8053                      0.6546468                     
68.515                        703.7411                      0.6575654                     
68.53                         706.6769                      0.6605426                     
68.545                        709.9484                      0.6631928                     
68.56                         712.6325                      0.6657255                     
68.575                        715.9878                      0.668535                      
68.59                         718.8397                      0.671487                      
68.605                        721.9434                      0.6741791                     
68.62                         724.7953                      0.6771228                     
68.635                        727.815                       0.6789762                     
68.65                         731.0864                      0.6821547                     
68.665                        733.6028                      0.6849474                     
68.68001                      736.8742                      0.6878241                     
68.69501                      740.0617                      0.6904657                     
68.71001                      742.8298                      0.6934095                     
68.72501                      746.1011                      0.6957493                     
68.74001                      748.9531                      0.6989446                     
68.755                        752.0567                      0.7016283                     
68.77                         754.9926                      0.7038256                     
68.785                        758.0961                      0.7066603                     
68.8                          760.6965                      0.70952                       
68.815                        763.8839                      0.7124134                     
68.83                         767.2391                      0.7149126                     
68.845                        770.3428                      0.7176801                     
68.86                         772.8593                      0.7203554                     
68.875                        775.5434                      0.723232                      
68.89                         778.9825                      0.7261925                     
68.905                        781.9184                      0.7281466                     
68.92                         784.5187                      0.7312915                     
68.935                        788.0417                      0.7339249                     
68.95                         790.5582                      0.7370782                     
68.965                        793.8295                      0.7390994                     
68.98                         797.2687                      0.7421521                     
68.995                        799.869                       0.7450035                     
69.01                         803.2242                      0.7478969                     
69.025                        806.2439                      0.7504883                     
69.04                         808.7604                      0.7527863                     
69.05501                      812.535                       0.7558976                     
69.07001                      814.8837                      0.7587239                     
69.08501                      817.8195                      0.7613992                     
69.10001                      821.4265                      0.7638565                     
69.11501                      824.2784                      0.7666743                     
69.13                         826.5432                      0.7696348                     
69.145                        829.9823                      0.7722347                     
69.16                         833.0021                      0.7751699                     
69.175                        836.1056                      0.7771575                     
69.19                         838.8738                      0.780378                      
69.205                        842.229                       0.7831959                     
69.22                         845.1648                      0.7858963                     
69.235                        847.7651                      0.788731                      
69.25                         851.3721                      0.7911966                     
69.265                        854.0562                      0.794157                      
69.28                         856.9081                      0.796891                      
69.295                        859.844                       0.7993567                     
69.31                         862.7798                      0.8019817                     
69.325                        866.219                       0.8047325                     
69.34                         868.9032                      0.8077348                     
69.355                        872.3423                      0.8102676                     
69.37                         875.1943                      0.8131191                     
69.385                        877.7107                      0.8155428                     
69.4                          881.066                       0.8185871                     
69.415                        884.0856                      0.8212121                     
69.43001                      887.1893                      0.8239209                     
69.44501                      889.7896                      0.8264872                     
69.46001                      893.3965                      0.829196                      
69.47501                      895.9968                      0.8321481                     
69.49001                      898.8488                      0.8349241                     
69.505                        902.2879                      0.837591                      
69.52                         905.4753                      0.8403417                     
69.535                        907.7401                      0.8432184                     
69.55                         910.8438                      0.846204                      
69.565                        913.9473                      0.8484516                     
69.58                         917.051                       0.8513784                     
69.595                        920.2385                      0.8539112                     
69.61                         923.2582                      0.8569555                     
69.625                        926.194                       0.8598908                     
69.64                         928.9621                      0.8624236                     
69.655                        932.0657                      0.8652582                     
69.67                         935.2532                      0.8677742                     
69.685                        938.0212                      0.8708101                     
69.7                          941.2927                      0.8733345                     
69.715                        944.1447                      0.8758001                     
69.73                         946.9966                      0.8788779                     
69.745                        950.5195                      0.8814527                     
69.76                         952.9521                      0.8844131                     
69.775                        955.9719                      0.8867949                     
69.79                         959.6626                      0.8897385                     
69.80501                      962.179                       0.8922042                     
69.82001                      964.9471                      0.8952317                     
69.83501                      968.4702                      0.8977309                     
69.85001                      970.9866                      0.9003643                     
69.86501                      974.1741                      0.9034002                     
69.88                         977.1099                      0.9057736                     
69.895                        980.2136                      0.9087341                     
69.91                         983.1493                      0.9114513                     
69.925                        986.3369                      0.9142608                     
69.94                         989.4404                      0.9172044                     
69.955                        992.0408                      0.9195191                     
69.97                         994.8927                      0.922597                      
69.985                        997.9125                      0.9248446                     
70                            1001.268                      0.9278386                     
70.01                         998.4158                      0.08936849                    
70.02                         996.6542                      0.08889046                    
70.03                         994.3055                      0.08866403                    
70.04                         992.6279                      0.08843759                    
70.05                         990.3631                      0.08821114                    
70.06                         988.7694                      0.08795955                    
70.07                         986.3369                      0.08787569                    
70.08                         984.4915                      0.08761571                    
70.09                         982.5622                      0.08745636                    
70.1                          980.7168                      0.08726346                    
70.11                         979.123                       0.08702026                    
70.12                         976.4388                      0.08693639                    
70.13                         974.4257                      0.08672673                    
70.14                         972.4965                      0.08650868                    
70.15                         970.3994                      0.08637449                    
70.16                         968.6379                      0.08615644                    
70.17                         966.3731                      0.08598872                    
70.18                         964.6116                      0.08577905                    
70.19                         962.2629                      0.08562809                    
70.2                          960.3337                      0.08546036                    
70.21                         958.3205                      0.08523392                    
70.22                         956.3074                      0.08506619                    
70.23                         954.3781                      0.08488169                    
70.24                         952.7005                      0.08470558                    
70.25                         950.8551                      0.08455461                    
70.26                         948.3387                      0.08430301                    
70.27                         946.4094                      0.08415206                    
70.28                         944.6479                      0.0840011                     
70.29                         942.5508                      0.0838166                     
70.3                          940.2861                      0.08362371                    
70.31                         938.4406                      0.08346436                    
70.32                         936.6791                      0.08328824                    
70.33                         934.2466                      0.08301149                    
70.34                         932.7368                      0.08291924                    
70.35                         930.2203                      0.08268441                    
70.36                         928.7944                      0.08252507                    
70.37                         926.6973                      0.08234895                    
70.38                         924.097                       0.08219799                    
70.39                         922                           0.08195478                    
70.4                          920.3223                      0.08183737                    
70.41                         918.3931                      0.0816361                     
70.42                         916.4638                      0.08140966                    
70.43                         914.7023                      0.08126709                    
70.44                         912.5214                      0.08101549                    
70.45                         910.5921                      0.08088969                    
70.46                         908.3273                      0.0807639                     
70.47                         906.5659                      0.08053745                    
70.48                         904.6366                      0.08032779                    
70.49                         902.7912                      0.08016006                    
70.5                          900.5264                      0.07998394                    
70.51                         898.1777                      0.07978267                    
70.52                         896.4162                      0.07963172                    
70.53                         894.5709                      0.07942204                    
70.54                         892.5577                      0.0792627                     
70.55                         890.2929                      0.07906143                    
70.56                         888.4474                      0.0788937                     
70.57                         886.3505                      0.07870919                    
70.58                         884.5889                      0.07853307                    
70.59                         882.1564                      0.07831502                    
70.6                          880.3949                      0.07817245                    
70.61                         878.9689                      0.07797118                    
70.62                         876.4525                      0.07778667                    
70.63                         874.1877                      0.07760216                    
70.64                         872.6778                      0.07741766                    
70.65                         870.413                       0.07719961                    
70.66                         868.316                       0.07704027                    
70.67                         866.4706                      0.07688092                    
70.68                         864.2059                      0.07670481                    
70.69                         862.4443                      0.07649514                    
70.7                          860.3473                      0.07634418                    
70.71                         858.2502                      0.07616807                    
70.72                         856.6566                      0.07596679                    
70.73                         854.3917                      0.07576551                    
70.74                         852.6302                      0.07565648                    
70.75                         850.5332                      0.07543005                    
70.76                         848.4362                      0.07522877                    
70.77                         846.2552                      0.07499395                    
70.78                         844.4938                      0.07485977                    
70.79                         842.0612                      0.07472558                    
70.8                          840.4675                      0.07451592                    
70.81                         838.5381                      0.07429787                    
70.82                         836.4412                      0.07418045                    
70.83                         834.2603                      0.07398757                    
70.84                         832.4149                      0.07376952                    
70.85                         830.4017                      0.07361016                    
70.86                         828.3885                      0.07342567                    
70.87                         826.2076                      0.07321601                    
70.88                         824.3623                      0.07305666                    
70.89                         822.2653                      0.07288893                    
70.9                          820.1682                      0.07268765                    
70.91                         818.1551                      0.07253669                    
70.92                         816.3936                      0.07232703                    
70.93                         813.961                       0.07210898                    
70.94                         812.4511                      0.07199157                    
70.95                         810.6057                      0.07177351                    
70.96                         808.5087                      0.07158901                    
70.97                         806.4117                      0.07143805                    
70.98                         804.5663                      0.07127032                    
70.99                         802.3854                      0.07106066                    
71                            800.1206                      0.07085939                    
71.01                         799.0302                      0.07070003                    
71.02                         796.3459                      0.07052392                    
71.03                         794.165                       0.07032264                    
71.04                         792.4035                      0.07014653                    
71.05                         790.2227                      0.06996202                    
71.06                         788.3773                      0.06976913                    
71.07                         786.3641                      0.06957624                    
71.08                         784.351                       0.06942528                    
71.09                         782.4217                      0.06922401                    
71.1                          780.4085                      0.06906466                    
71.11                         778.4792                      0.06888855                    
71.12                         776.6339                      0.06867049                    
71.13                         774.2852                      0.06851115                    
71.14                         772.356                       0.06832664                    
71.15                         770.2589                      0.06815053                    
71.16                         768.3297                      0.06797441                    
71.17                         766.4003                      0.06777313                    
71.18                         764.555                       0.06762218                    
71.19                         761.9547                      0.0673622                     
71.2                          760.361                       0.06724478                    
71.21                         758.4317                      0.06701834                    
71.22                         755.9991                      0.06690094                    
71.23                         753.7344                      0.06670804                    
71.24                         752.4761                      0.06652354                    
71.25                         750.1274                      0.06633065                    
71.26                         748.4498                      0.06617969                    
71.27                         746.4366                      0.06594487                    
71.28                         744.2557                      0.06583584                    
71.29                         742.5781                      0.0656094                     
71.3                          739.9778                      0.06541651                    
71.31                         737.7969                      0.06528233                    
71.32                         736.7064                      0.06510621                    
71.33                         734.4417                      0.06487978                    
71.34                         732.093                       0.06470366                    
71.35                         730.0798                      0.06450238                    
71.36                         728.4022                      0.06432626                    
71.37                         726.4729                      0.06419208                    
71.38                         724.2921                      0.06397403                    
71.39                         722.2789                      0.06377275                    
71.4                          720.1818                      0.06364695                    
71.41                         718.1687                      0.06341213                    
71.42                         715.9878                      0.06330311                    
71.43                         714.3102                      0.06305151                    
71.44                         712.4647                      0.06294248                    
71.45                         710.6194                      0.06270766                    
71.46                         708.1868                      0.06254832                    
71.47                         706.0898                      0.06230511                    
71.48                         704.1606                      0.06217092                    
71.49                         702.2313                      0.06194448                    
71.5                          700.4697                      0.06182707                    
71.51                         698.2889                      0.06159225                    
71.52                         696.6112                      0.06144129                    
71.53                         694.1786                      0.06126517                    
71.54                         691.9977                      0.06108906                    
71.55                         690.0685                      0.06083746                    
71.56                         687.9714                      0.06072843                    
71.57                         686.5455                      0.0605607                     
71.58                         684.1968                      0.06036782                    
71.59                         682.1837                      0.06014976                    
71.6                          680.4222                      0.06003235                    
71.61                         678.4929                      0.05979753                    
71.62                         676.5636                      0.05963818                    
71.63                         673.8795                      0.05936982                    
71.64                         672.2018                      0.05926917                    
71.65                         669.8531                      0.05907629                    
71.66                         668.0917                      0.0588834                     
71.67                         666.2463                      0.05871566                    
71.68                         664.4847                      0.05853116                    
71.69                         662.3878                      0.05836343                    
71.7                          660.1229                      0.05817892                    
71.71                         658.3615                      0.05798604                    
71.72                         656.0967                      0.05777637                    
71.73                         653.9157                      0.0576338                     
71.74                         652.4058                      0.05747446                    
71.75                         650.225                       0.05728156                    
71.76                         648.2957                      0.05712222                    
71.77                         646.1147                      0.05692933                    
71.78                         644.3533                      0.05669451                    
71.79                         641.7529                      0.05657709                    
71.8                          640.4108                      0.05637582                    
71.81                         637.9783                      0.05615777                    
71.82                         635.7135                      0.05600681                    
71.83                         634.4553                      0.05583908                    
71.84                         632.4421                      0.05564619                    
71.85                         630.2612                      0.0554533                     
71.86                         628.3319                      0.05529395                    
71.87                         626.2349                      0.05508429                    
71.88                         624.3895                      0.05494172                    
71.89                         622.2086                      0.05471528                    
71.9                          620.1116                      0.05453917                    
71.91                         618.0146                      0.05435466                    
71.92                         616.337                       0.0542037                     
71.93                         613.9044                      0.05400243                    
71.94                         612.2268                      0.05381792                    
71.95                         610.2136                      0.05367535                    
71.96                         608.2844                      0.0534573                     
71.97                         606.0196                      0.05327279                    
71.98                         604.0064                      0.05311345                    
71.99                         602.0771                      0.05290379                    
72                            600.3156                      0.05274444                    
72.01                         598.0508                      0.05259348                    
72.02                         596.2054                      0.05240898                    
72.03                         594.0245                      0.05214061                    
72.04                         592.3469                      0.05206513                    
72.05                         590.0822                      0.05180515                    
72.06                         588.4884                      0.0515871                     
72.07                         585.8881                      0.05145291                    
72.08                         583.9588                      0.05131034                    
72.09                         581.9457                      0.05108391                    
72.1                          580.4358                      0.05094133                    
72.11                         578.0872                      0.1070386                     
72.12                         576.2417                      0.1070419                     
72.13                         574.1447                      0.1070411                     
72.14                         572.0477                      0.1070361                     
72.15                         570.0345                      0.1070394                     
72.16                         568.0214                      0.9482431                     
72.17                         566.3438                      0.6625218                     
72.18                         564.1628                      0.560533                      
72.19                         562.1497                      0.520915                      
72.2                          560.3043                      0.5039323                     
72.21                         557.7879                      0.4957619                     
72.22                         555.9425                      0.4916485                     
72.23                         554.3488                      0.4882067                     
72.24                         552.1678                      0.4852686                     
72.25                         549.9869                      0.4832538                     
72.26                         548.1415                      0.4805841                     
72.27                         545.7928                      0.4782107                     
72.28                         543.8636                      0.4768521                     
72.29                         542.2699                      0.4748729                     
72.3                          540.3406                      0.4728601                     
72.31                         538.4113                      0.4712583                     
72.32                         535.811                       0.469279                      
72.33                         534.3011                      0.4671237                     
72.34                         532.1202                      0.4656057                     
72.35                         530.1071                      0.4638362                     
72.36                         527.9261                      0.4618234                     
72.37                         526.1647                      0.4603558                     
72.38                         523.8999                      0.458083                      
72.39                         522.0545                      0.456456                      
72.4                          520.5446                      0.4546529                     
72.41                         518.196                       0.4531601                     
72.42                         516.1828                      0.4508035                     
72.43                         513.918                       0.449101                      
72.44                         512.6598                      0.446996                      
72.45                         510.0595                      0.4455535                     
72.46                         507.7947                      0.4437756                     
72.47                         506.201                       0.4420647                     
72.48                         503.7684                      0.4397081                     
72.49                         502.0069                      0.4381482                     
72.5                          500.2454                      0.4367812                     
72.51                         498.3161                      0.4345                        
72.52                         495.9674                      0.4326214                     
72.53                         494.2898                      0.431137                      
72.54                         492.3605                      0.4289565                     
72.55                         489.928                       0.4274469                     
72.56                         488.2504                      0.4257864                     
72.57                         486.0695                      0.4236478                     
72.58                         484.2241                      0.4218867                     
72.59                         482.0432                      0.4200668                     
72.6                          479.9461                      0.4177856                     
72.61                         478.1846                      0.4166451                     
72.62                         476.0037                      0.4148                        
72.63                         474.2422                      0.4125524                     
72.64                         472.313                       0.4112357                     
72.65                         470.0482                      0.4091727                     
72.66                         468.035                       0.4074534                     
72.67                         465.938                       0.4055497                     
72.68                         463.7571                      0.4039478                     
72.69                         461.9117                      0.4018261                     
72.7                          460.318                       0.4000313                     
72.71                         458.3048                      0.3980605                     
72.72                         455.8723                      0.396249                      
72.73                         453.8591                      0.3948317                     
72.74                         452.2654                      0.3929363                     
72.75                         449.9167                      0.3907474                     
72.76                         447.9035                      0.3890114                     
72.77                         446.4775                      0.3876947                     
72.78                         443.8772                      0.3854555                     
72.79                         442.0319                      0.3839795                     
72.8                          440.0187                      0.3822183                     
72.81                         438.0894                      0.3799623                     
72.82                         436.1602                      0.3785618                     
72.83                         434.147                       0.3768509                     
72.84                         431.8822                      0.3745949                     
72.85                         429.7852                      0.3729008                     
72.86                         427.6882                      0.3709049                     
72.87                         426.3461                      0.3693617                     
72.88                         423.7458                      0.3674496                     
72.89                         422.152                       0.3656549                     
72.9                          419.8033                      0.3634157                     
72.91                         418.2935                      0.3622499                     
72.92                         415.777                       0.3601281                     
72.93                         413.8478                      0.3583334                     
72.94                         411.6669                      0.356371                      
72.95                         410.157                       0.3549788                     
72.96                         407.8922                      0.3528234                     
72.97                         405.8791                      0.3510958                     
72.98                         404.3692                      0.3492592                     
72.99                         402.2722                      0.3475232                     
73                            400.0074                      0.3457117                     
73.01                         397.8264                      0.3440008                     
73.02                         395.5617                      0.3417448                     
73.03                         393.6324                      0.3400172                     
73.04                         392.2064                      0.3387592                     
73.05                         389.9416                      0.3361845                     
73.06                         388.1801                      0.3348008                     
73.07                         385.9992                      0.3330731                     
73.08                         384.07                        0.3307501                     
73.09                         382.3923                      0.3294334                     
73.1                          379.6242                      0.3277561                     
73.11                         378.1144                      0.325542                      
73.12                         375.7657                      0.3238815                     
73.13                         374.0881                      0.32181                       
73.14                         371.6555                      0.3200488                     
73.15                         369.7263                      0.3183632                     
73.16                         368.2164                      0.3166942                     
73.17                         365.8677                      0.3145892                     
73.18                         363.6868                      0.3132138                     
73.19                         361.8414                      0.3109578                     
73.2                          359.7444                      0.3091547                     
73.21                         358.0668                      0.3073768                     
73.22                         355.802                       0.3058839                     
73.23                         354.1244                      0.3038209                     
73.24                         352.1951                      0.302001                      
73.25                         349.7625                      0.3003153                     
73.26                         348.0011                      0.2982438                     
73.27                         345.7362                      0.2966588                     
73.28                         343.3876                      0.294864                      
73.29                         341.3744                      0.2925158                     
73.3                          339.8646                      0.2913836                     
73.31                         338.1031                      0.2894463                     
73.32                         336.1738                      0.2872658                     
73.33                         333.4896                      0.2857311                     
73.34                         332.1475                      0.2838777                     
73.35                         330.0504                      0.2818062                     
73.36                         327.8695                      0.2802463                     
73.37                         325.7725                      0.2786612                     
73.38                         323.9272                      0.2764975                     
73.39                         322.3334                      0.2748202                     
73.4                          319.817                       0.2727906                     
73.41                         317.8877                      0.2712727                     
73.42                         316.0423                      0.2692935                     
73.43                         314.1131                      0.2678007                     
73.44                         311.5127                      0.2654273                     
73.45                         310.1706                      0.2638087                     
73.46                         307.7381                      0.2622152                     
73.47                         306.2282                      0.2601018                     
73.48                         303.7118                      0.2582651                     
73.49                         302.118                       0.256831                      
73.5                          299.7694                      0.2544828                     
73.51                         298.0917                      0.2533171                     
73.52                         295.5753                      0.2508766                     
73.53                         294.0655                      0.2492328                     
73.54                         291.7168                      0.2474046                     
73.55                         290.0392                      0.2457189                     
73.56                         287.5227                      0.2437313                     
73.57                         285.8451                      0.2423726                     
73.58                         283.7481                      0.2404605                     
73.59                         281.7349                      0.2383136                     
73.6                          279.8895                      0.2365021                     
73.61                         277.7086                      0.2350009                     
73.62                         276.031                       0.2329713                     
73.63                         273.8501                      0.2312689                     
73.64                         271.5014                      0.2296335                     
73.65                         269.9077                      0.2274026                     
73.66                         268.0623                      0.2257757                     
73.67                         265.7136                      0.2240397                     
73.68                         263.7843                      0.2219346                     
73.69                         261.6873                      0.2201902                     
73.7                          259.9258                      0.2184542                     
73.71                         257.9127                      0.2161898                     
73.72                         255.9834                      0.2152338                     
73.73                         253.8864                      0.2131623                     
73.74                         251.5377                      0.2109399                     
73.75                         249.8601                      0.2092793                     
73.76                         247.6792                      0.2075936                     
73.77                         245.8338                      0.2056312                     
73.78                         243.569                       0.2041552                     
73.79                         241.8075                      0.2020669                     
73.8                          240.046                       0.2001631                     
73.81                         237.6973                      0.1985278                     
73.82                         235.9358                      0.1965821                     
73.83                         233.5871                      0.1946448                     
73.84                         231.9934                      0.1931856                     
73.85                         229.7286                      0.1913573                     
73.86                         227.7993                      0.1891013                     
73.87                         225.87                        0.1870885                     
73.88                         223.5214                      0.1860989                     
73.89                         221.676                       0.1837087                     
73.9                          219.6628                      0.1821908                     
73.91                         217.8174                      0.1802703                     
73.92                         215.7204                      0.178291                      
73.93                         213.875                       0.176706                      
73.94                         211.6941                      0.174819                      
73.95                         209.5132                      0.1726385                     
73.96                         207.7517                      0.171305                      
73.97                         205.8224                      0.1694852                     
73.98                         203.306                       0.1670699                     
73.99                         201.6284                      0.165619                      
74                            199.9508                      0.1641597                     
74.01                         197.7699                      0.161996                      
74.02                         196.0083                      0.1602767                     
74.03                         193.7435                      0.1580208                     
74.04                         192.0659                      0.1567376                     
74.05                         189.9689                      0.1548171                     
74.06                         187.2847                      0.1531565                     
74.07                         185.6909                      0.1508754                     
74.08                         183.8456                      0.1493491                     
74.09                         181.6647                      0.1475124                     
74.1                          179.6515                      0.1456254                     
74.11                         177.4706                      0.1437385                     
74.12                         175.6252                      0.1421702                     
74.13                         173.6121                      0.1401658                     
74.14                         171.6828                      0.1382369                     
74.15                         169.5019                      0.136526                      
74.16                         167.9081                      0.1346726                     
74.17                         165.8111                      0.1331127                     
74.18                         163.3786                      0.131318                      
74.19                         161.6171                      0.1288356                     
74.2                          159.8555                      0.1277789                     
74.21                         157.5908                      0.1257326                     
74.22                         155.5776                      0.123854                      
74.23                         153.7322                      0.122185                      
74.24                         151.6352                      0.1203232                     
74.25                         149.7898                      0.1182853                     
74.26                         148.28                        0.1167002                     
74.27                         145.9313                      0.1149894                     
74.28                         144.002                       0.1129011                     
74.29                         141.7372                      0.1113077                     
74.3                          139.6402                      0.1090685                     
74.31                         137.9626                      0.1074499                     
74.32                         135.6978                      0.1057977                     
74.33                         133.6846                      0.1039611                     
74.34                         131.336                       0.1019315                     
74.35                         129.6583                      0.1001033                     
74.36                         127.8968                      0.0987782                     
74.37                         126.1353                      0.09667318                    
74.38                         123.4511                      0.09476943                    
74.39                         121.8574                      0.09319275                    
74.4                          120.012                       0.0908613                     
74.41                         117.8311                      0.08965363                    
74.42                         115.8179                      0.08773311                    
74.43                         113.5531                      0.08579582                    
74.44                         111.8755                      0.08396755                    
74.45                         109.6946                      0.0822567                     
74.46                         107.5137                      0.08005103                    
74.47                         105.4167                      0.07887692                    
74.48                         103.739                       0.07662933                    
74.49                         101.1387                      0.07475074                    
74.5                          99.46111                      0.07288054                    
74.51                         98.03513                      0.07107744                    
74.52                         95.9381                       0.06954269                    
74.53                         93.84106                      0.06779829                    
74.54                         91.49239                      0.0656765                     
74.55                         89.98253                      0.06396565                    
74.56                         87.21445                      0.06201158                    
74.57                         85.95624                      0.06035943                    
74.58                         83.94309                      0.05822924                    
74.59                         82.01382                      0.05692095                    
74.6                          79.83291                      0.05491656                    
74.61                         77.652                        0.05287863                    
74.62                         75.80661                      0.05069813                    
74.63                         73.54182                      0.04956594                    
74.64                         71.44479                      0.04751962                    
74.65                         69.85105                      0.04591779                    
74.66                         67.8379                       0.04372891                    
74.67                         65.32146                      0.04183355                    
74.68                         64.23101                      0.04055879                    
74.69                         61.46293                      0.038437                      
74.7                          59.61755                      0.03649132                    
74.71                         57.77216                      0.03503                       
74.72                         55.50737                      0.0328264                     
74.73                         53.82974                      0.03122234                    
74.74                         51.48107                      0.02927532                    
74.75                         49.71957                      0.02756812                    
74.76                         47.95806                      0.02569489                    
74.77                         45.35774                      0.02389042                    
74.78                         43.68012                      0.02165999                    
74.79                         41.49921                      0.02045421                    
74.8                          39.56994                      0.01859524                    
74.81                         37.89232                      0.01671363                    
74.82                         35.62753                      0.01447397                    
74.83                         33.36274                      0.01303593                    
74.84                         31.60123                      0.01124991                    
74.85                         29.58808                      0.009364944                   
74.86                         27.99434                      0.007383549                   
74.87                         25.56179                      0.005750135                   
74.88                         23.46476                      0.003635417                   
74.89                         21.36773                      0.002379332                   
74.9                          19.60622                      -9.577622E-06                 
74.91                         17.59307                      -0.001529793                  
74.92                         15.16052                      -0.003238672                  
74.93                         13.9023                       -0.005266185                  
74.94                         11.46975                      -0.007286151                  
74.95                         9.540481                      -0.008518758                  
74.96                         7.443451                      -0.01063599                   
74.97                         5.598065                      -0.01256037                   
74.98                         3.668798                      -0.01427176                   
74.99                         1.907293                      -0.0161953                    
75                            -0.3574986                    -0.01786225                   
75.01                         -2.202885                     -0.01965666                   
75.02                         -4.551558                     -0.02195418                   
75.03                         -6.313063                     -0.02355656                   
75.04                         -8.326211                     -0.02528641                   
75.05                         -10.42324                     -0.02689466                   
75.06                         -12.60415                     -0.02896494                   
75.07                         -14.44954                     -0.03050109                   
75.08                         -16.54657                     -0.03253028                   
75.09                         -18.30807                     -0.03450245                   
75.1                          -20.32122                     -0.03623145                   
75.11                         -22.25049                     -0.03784474                   
75.12                         -24.59916                     -0.03979763                   
75.13                         -26.1929                      -0.04152747                   
75.14                         -28.45769                     -0.04339651                   
75.15                         -30.2192                      -0.04548523                   
75.16                         -32.40011                     -0.04679246                   
75.17                         -34.16161                     -0.04903799                   
75.18                         -36.76193                     -0.05079718                   
75.19                         -38.6912                      -0.05259075                   
75.2                          -40.28494                     -0.05450171                   
75.21                         -42.46585                     -0.05595065                   
75.22                         -44.31124                     -0.05773835                   
75.23                         -46.74379                     -0.05992015                   
75.24                         -48.5053                      -0.06161309                   
75.25                         -50.51845                     -0.0638234                    
75.26                         -52.19607                     -0.06498977                   
75.27                         -54.37698                     -0.06722942                   
75.28                         -56.39013                     -0.06875802                   
75.29                         -58.57104                     -0.07081237                   
75.3                          -60.33254                     -0.07258245                   
75.31                         -62.42957                     -0.0742469                    
75.32                         -64.5266                      -0.07623584                   
75.33                         -66.53975                     -0.07812668                   
75.34                         -68.38513                     -0.07957981                   
75.35                         -70.31441                     -0.08184127                   
75.36                         -72.49532                     -0.08341011                   
75.37                         -74.76011                     -0.08561288                   
75.38                         -76.43773                     -0.08710877                   
75.39                         -78.45088                     -0.08895852                   
75.4                          -80.54791                     -0.09097262                   
75.41                         -82.64494                     -0.09295401                   
75.42                         -84.32256                     -0.09420674                   
75.43                         -86.16795                     -0.0965705                    
75.44                         -88.43274                     -0.09806472                   
75.45                         -90.69753                     -0.1003144                    
75.46                         -92.96232                     -0.1020041                    
75.47                         -94.72383                     -0.1033208                    
75.48                         -96.56921                     -0.1052665                    
75.49                         -98.75012                     -0.1076147                    
75.5                          -100.6794                     -0.1088559                    
75.51                         -102.5248                     -0.1110364                    
75.52                         -104.8735                     -0.112546                     
75.53                         -106.7188                     -0.114651                     
75.54                         -108.3965                     -0.1161103                    
75.55                         -110.829                      -0.1182489                    
75.56                         -112.3389                     -0.1201023                    
75.57                         -114.5198                     -0.1215364                    
75.58                         -116.6168                     -0.123524                     
75.59                         -118.4622                     -0.1251677                    
75.6                          -120.6431                     -0.1271889                    
75.61                         -122.5724                     -0.1295036                    
75.62                         -124.6694                     -0.1304429                    
75.63                         -126.5148                     -0.1325395                    
75.64                         -128.4441                     -0.1345942                    
75.65                         -130.8766                     -0.1361709                    
75.66                         -132.3026                     -0.1379656                    
75.67                         -134.5674                     -0.1398358                    
75.68                         -136.6644                     -0.1415718                    
75.69                         -138.7614                     -0.1435846                    
75.7                          -140.8585                     -0.1450606                    
75.71                         -142.62                       -0.1470399                    
75.72                         -144.3815                     -0.1490694                    
75.73                         -146.6463                     -0.1506712                    
75.74                         -148.6594                     -0.1524156                    
75.75                         -150.8403                     -0.1543865                    
75.76                         -153.1051                     -0.1563825                    
75.77                         -154.5311                     -0.1579759                    
75.78                         -156.2087                     -0.1598126                    
75.79                         -158.7252                     -0.1616828                    
75.8                          -160.7383                     -0.1633685                    
75.81                         -162.6676                     -0.1652219                    
75.82                         -164.513                      -0.1674527                    
75.83                         -166.3584                     -0.1686604                    
75.84                         -168.6231                     -0.1709164                    
75.85                         -170.3008                     -0.1723085                    
75.86                         -172.3139                     -0.1742626                    
75.87                         -175.082                      -0.1765186                    
75.88                         -176.9274                     -0.178112                     
75.89                         -178.4373                     -0.179848                     
75.9                          -180.5343                     -0.1816511                    
75.91                         -182.7991                     -0.1835717                    
75.92                         -184.5606                     -0.1857773                    
75.93                         -186.9092                     -0.1869095                    
75.94                         -188.7546                     -0.1889474                    
75.95                         -190.7678                     -0.1907925                    
75.96                         -192.8648                     -0.192864                     
75.97                         -194.7102                     -0.1945245                    
75.98                         -196.8911                     -0.1960341                    
75.99                         -198.6526                     -0.1981559                    
76                            -200.6658                     -0.1998415                    
76.01                         -202.6789                     -0.201804                     
76.02                         -204.5243                     -0.2037161                    
76.03                         -206.3697                     -0.2054354                    
76.04                         -208.97                       -0.2071127                    
76.05                         -210.6476                     -0.2089913                    
76.06                         -212.5769                     -0.2106015                    
76.07                         -214.5062                     -0.2129833                    
76.08                         -216.6032                     -0.2145935                    
76.09                         -218.3647                     -0.2161869                    
76.1                          -220.3778                     -0.2181913                    
76.11                         -222.5588                     -0.220137                     
76.12                         -224.8235                     -0.2215543                    
76.13                         -227.0045                     -0.2238522                    
76.14                         -228.8498                     -0.2252612                    
76.15                         -230.6952                     -0.227341                     
76.16                         -232.6245                     -0.2290016                    
76.17                         -234.6376                     -0.2308969                    
76.18                         -236.9024                     -0.2327504                    
76.19                         -238.7478                     -0.2349644                    
76.2                          -240.8448                     -0.2360463                    
76.21                         -242.858                      -0.2380758                    
76.22                         -244.7873                     -0.239988                     
76.23                         -246.7165                     -0.2421517                    
76.24                         -248.7297                     -0.2438122                    
76.25                         -250.5751                     -0.2453973                    
76.26                         -252.6721                     -0.2472759                    
76.27                         -254.9369                     -0.2488945                    
76.28                         -256.4467                     -0.2507563                    
76.29                         -259.0471                     -0.2531297                    
76.3                          -260.8086                     -0.2541948                    
76.31                         -262.8217                     -0.2562746                    
76.32                         -264.3316                     -0.2581365                    
76.33                         -266.5964                     -0.260166                     
76.34                         -268.7773                     -0.2619859                    
76.35                         -270.9582                     -0.2633696                    
76.36                         -272.8036                     -0.265416                     
76.37                         -274.4812                     -0.2672862                    
76.38                         -276.4105                     -0.2692067                    
76.39                         -278.843                      -0.270842                     
76.4                          -280.8562                     -0.2724439                    
76.41                         -282.8693                     -0.2745154                    
76.42                         -284.6308                     -0.2766623                    
76.43                         -286.3923                     -0.2779874                    
76.44                         -289.0765                     -0.2801931                    
76.45                         -290.9219                     -0.2818536                    
76.46                         -293.0189                     -0.2837741                    
76.47                         -294.7805                     -0.2854346                    
76.48                         -296.6258                     -0.2872881                    
76.49                         -298.3873                     -0.289175                     
76.5                          -300.9876                     -0.2915568                    
76.51                         -302.833                      -0.2926135                    
76.52                         -304.4268                     -0.2944586                    
76.53                         -306.7755                     -0.296572                     
76.54                         -308.7047                     -0.2981403                    
76.55                         -310.634                      -0.3001446                    
76.56                         -312.6472                     -0.3018807                    
76.57                         -314.7442                     -0.3038767                    
76.58                         -316.7573                     -0.3054366                    
76.59                         -318.5188                     -0.3073823                    
76.6                          -321.0353                     -0.3092189                    
76.61                         -322.5451                     -0.3108878                    
76.62                         -324.8099                     -0.312649                     
76.63                         -326.5714                     -0.3147708                    
76.64                         -328.6685                     -0.3163642                    
76.65                         -330.5977                     -0.318486                     
76.66                         -332.3592                     -0.3201801                    
76.67                         -334.7917                     -0.3219245                    
76.68                         -337.0565                     -0.3237192                    
76.69                         -339.0697                     -0.3257907                    
76.7                          -340.999                      -0.3273338                    
76.71                         -342.9283                     -0.3294472                    
76.72                         -344.6059                     -0.3309568                    
76.73                         -346.619                      -0.3329528                    
76.74                         -348.4644                     -0.3344792                    
76.75                         -350.6453                     -0.3366345                    
76.76                         -352.9101                     -0.3385299                    
76.77                         -354.7555                     -0.340182                     
76.78                         -357.188                      -0.3421193                    
76.79                         -358.9496                     -0.3436624                    
76.8                          -361.0466                     -0.3456836                    
76.81                         -362.8081                     -0.347537                     
76.82                         -364.9051                     -0.3490885                    
76.83                         -366.5827                     -0.350942                     
76.84                         -368.7636                     -0.3530554                    
76.85                         -370.609                      -0.3545482                    
76.86                         -372.7061                     -0.3566867                    
76.87                         -374.8031                     -0.3585821                    
76.88                         -376.6485                     -0.3601504                    
76.89                         -378.9972                     -0.3618277                    
76.9                          -381.0942                     -0.3638572                    
76.91                         -383.1912                     -0.3655346                    
76.92                         -384.8688                     -0.367757                     
76.93                         -386.9659                     -0.3691576                    
76.94                         -388.6435                     -0.3710277                    
76.95                         -390.6566                     -0.3728224                    
76.96                         -392.6698                     -0.3752126                    
76.97                         -394.7668                     -0.3767222                    
76.98                         -396.9477                     -0.3782402                    
76.99                         -399.0447                     -0.3803452                    
77                            -401.1418                     -0.3825005                    
77.01                         -403.1549                     -0.3836914                    
77.02                         -405.0842                     -0.3858216                    
77.03                         -406.7618                     -0.3875408                    
77.04                         -409.1944                     -0.3892685                    
77.05                         -410.6204                     -0.3912896                    
77.06                         -412.7174                     -0.3929166                    
77.07                         -414.9822                     -0.3947868                    
77.08                         -417.1631                     -0.3968332                    
77.09                         -419.0923                     -0.3981414                    
77.1                          -420.8539                     -0.4002381                    
77.11                         -422.9509                     -0.4023179                    
77.12                         -424.7124                     -0.4039449                    
77.13                         -426.6416                     -0.4058906                    
77.14                         -428.6548                     -0.4074757                    
77.15                         -430.8357                     -0.4093794                    
77.16                         -432.765                      -0.410889                     
77.17                         -434.7781                     -0.4130527                    
77.18                         -437.0429                     -0.4148726                    
77.19                         -439.0561                     -0.4169357                    
77.2                          -440.9015                     -0.418093                     
77.21                         -442.9985                     -0.4203239                    
77.22                         -444.9277                     -0.4220347                    
77.23                         -447.1086                     -0.424232                     
77.24                         -448.8702                     -0.4260267                    
77.25                         -450.4639                     -0.4273601                    
77.26                         -452.9803                     -0.4294065                    
77.27                         -454.8257                     -0.4315031                    
77.28                         -456.8389                     -0.4328282                    
77.29                         -459.1876                     -0.4349667                    
77.3                          -461.2007                     -0.436795                     
77.31                         -463.3816                     -0.4386065                    
77.32                         -465.0593                     -0.4402671                    
77.33                         -466.9046                     -0.4420199                    
77.34                         -468.75                       -0.4439068                    
77.35                         -470.847                      -0.4462802                    
77.36                         -472.8602                     -0.4472699                    
77.37                         -475.125                      -0.4495174                    
77.38                         -477.1381                     -0.451287                     
77.39                         -479.2352                     -0.453132                     
77.4                          -480.9128                     -0.4547506                    
77.41                         -483.0937                     -0.4567634                    
77.42                         -485.023                      -0.4583988                    
77.43                         -487.2039                     -0.4603696                    
77.44                         -489.1331                     -0.4621056                    
77.45                         -490.8946                     -0.4638249                    
77.46                         -492.7401                     -0.4659718                    
77.47                         -495.0048                     -0.4676408                    
77.48                         -496.9341                     -0.4692929                    
77.49                         -499.0311                     -0.4712134                    
77.5                          -501.0443                     -0.4732681                    
77.51                         -503.1413                     -0.4747358                    
77.52                         -504.9028                     -0.4766144                    
77.53                         -507.0837                     -0.4785936                    
77.54                         -508.8452                     -0.4804302                    
77.55                         -510.7745                     -0.4820237                    
77.56                         -512.7876                     -0.484179                     
77.57                         -514.8008                     -0.4858228                    
77.58                         -516.9817                     -0.4875504                    
77.59                         -518.9948                     -0.4894709                    
77.6                          -520.8402                     -0.4912405                    
77.61                         -522.7695                     -0.4929346                    
77.62                         -525.4537                     -0.4955009                    
77.63                         -526.9636                     -0.4963479                    
77.64                         -528.809                      -0.4985955                    
77.65                         -530.9898                     -0.5005244                    
77.66                         -533.2546                     -0.5022268                    
77.67                         -535.1                        -0.5039126                    
77.68                         -537.1971                     -0.5060847                    
77.69                         -539.2941                     -0.5075272                    
77.7                          -541.3073                     -0.5096909                    
77.71                         -542.9849                     -0.5112172                    
77.72                         -545.3336                     -0.5131881                    
77.73                         -547.2628                     -0.5153183                    
77.74                         -549.1921                     -0.5171046                    
77.75                         -551.2052                     -0.518329                     
77.76                         -552.9667                     -0.5201992                    
77.77                         -554.9799                     -0.5221701                    
77.78                         -556.7413                     -0.5244093                    
77.79                         -558.9222                     -0.5256673                    
77.8                          -560.4321                     -0.5278143                    
77.81                         -562.9486                     -0.5292903                    
77.82                         -565.3811                     -0.5315295                    
77.83                         -567.3104                     -0.5331481                    
77.84                         -569.3235                     -0.5347583                    
77.85                         -571.0851                     -0.5367962                    
77.86                         -573.1821                     -0.5386413                    
77.87                         -575.1953                     -0.5401341                    
77.88                         -577.0406                     -0.5420881                    
77.89                         -579.1376                     -0.5443609                    
77.9                          -581.1508                     -0.545795                     
77.91                         -583.1639                     -0.5476736                    
77.92                         -585.0932                     -0.549485                     
77.93                         -587.1902                     -0.551154                     
77.94                         -588.8679                     -0.553259                     
77.95                         -590.881                      -0.5548273                    
77.96                         -593.0619                     -0.5566052                    
77.97                         -595.0751                     -0.5586851                    
77.98                         -597.1721                     -0.5602282                    
77.99                         -599.2691                     -0.5622494                    
78                            -601.1145                     -0.5639267                    
78.01                         -603.0438                     -0.5660653                    
78.02                         -605.3085                     -0.5672813                    
78.03                         -607.3217                     -0.5694283                    
78.04                         -609.0833                     -0.5713571                    
78.05                         -611.1802                     -0.5735712                    
78.06                         -613.1096                     -0.5747789                    
78.07                         -615.2905                     -0.5765569                    
78.08                         -617.5552                     -0.5786619                    
78.09                         -619.4845                     -0.5808256                    
78.1                          -620.9943                     -0.582461                     
78.11                         -623.1753                     -0.5839286                    
78.12                         -625.4401                     -0.5858575                    
78.13                         -627.3693                     -0.5879038                    
78.14                         -629.2147                     -0.5893547                    
78.15                         -631.1439                     -0.5915017                    
78.16                         -632.9055                     -0.5930196                    
78.17                         -635.0864                     -0.5949904                    
78.18                         -636.9318                     -0.5967684                    
78.19                         -638.861                      -0.5984877                    
78.2                          -640.8742                     -0.6005256                    
78.21                         -643.3068                     -0.6022029                    
78.22                         -645.3199                     -0.6039389                    
78.23                         -647.5847                     -0.6059433                    
78.24                         -649.3463                     -0.6079141                    
78.25                         -651.0238                     -0.609365                     
78.26                         -653.4564                     -0.6116713                    
78.27                         -655.4695                     -0.6129209                    
78.28                         -657.3988                     -0.6152021                    
78.29                         -659.2442                     -0.6167284                    
78.3                          -661.5928                     -0.6186573                    
78.31                         -663.3543                     -0.6205191                    
78.32                         -665.032                      -0.6223558                    
78.33                         -667.2128                     -0.6240834                    
78.34                         -669.226                      -0.6259536                    
78.35                         -671.3231                     -0.6277483                    
78.36                         -673.3362                     -0.629845                     
78.37                         -675.3494                     -0.6316229                    
78.38                         -677.3625                     -0.6332079                    
78.39                         -679.4595                     -0.6349104                    
78.4                          -681.1371                     -0.6367135                    
78.41                         -683.2342                     -0.6387599                    
78.42                         -685.2473                     -0.6408229                    
78.43                         -687.1766                     -0.6422319                    
78.44                         -688.9381                     -0.6439008                    
78.45                         -691.3707                     -0.646031                     
78.46                         -693.0483                     -0.6476915                    
78.47                         -695.2292                     -0.6499391                    
78.48                         -697.494                      -0.6512641                    
78.49                         -699.3394                     -0.6531177                    
78.5                          -701.2687                     -0.6548033                    
78.51                         -703.785                      -0.6571515                    
78.52                         -705.2111                     -0.6588624                    
78.53                         -707.4759                     -0.6603972                    
78.54                         -709.2374                     -0.6624686                    
78.55                         -711.4183                     -0.6642801                    
78.56                         -713.3476                     -0.6658232                    
78.57                         -715.5284                     -0.6678779                    
78.58                         -717.3738                     -0.6698404                    
78.59                         -719.0515                     -0.6711906                    
78.6                          -721.5679                     -0.6733459                    
78.61                         -723.0778                     -0.6748974                    
78.62                         -725.0909                     -0.6767341                    
78.63                         -727.1041                     -0.6786043                    
78.64                         -729.0333                     -0.6804578                    
78.65                         -731.1304                     -0.6820596                    
78.66                         -733.1435                     -0.6843827                    
78.67                         -735.0728                     -0.6856574                    
78.68                         -737.1698                     -0.6878211                    
78.69                         -739.183                      -0.6894062                    
78.7                          -741.1961                     -0.691788                     
78.71                         -743.377                      -0.6929118                    
78.72                         -745.2224                     -0.6950587                    
78.73                         -747.4033                     -0.6970128                    
78.74                         -749.5003                     -0.6986733                    
78.75                         -751.5135                     -0.7004094                    
78.76                         -753.3588                     -0.7023131                    
78.77                         -755.372                      -0.7040659                    
78.78                         -757.3013                     -0.7058941                    
78.79                         -759.3983                     -0.7078986                    
78.8                          -761.4115                     -0.7093745                    
78.81                         -763.173                      -0.7115048                    
78.82                         -764.9344                     -0.7131904                    
78.83                         -767.0315                     -0.7149432                    
78.84                         -769.2124                     -0.7170734                    
78.85                         -771.2255                     -0.7187004                    
78.86                         -773.4903                     -0.7204448                    
78.87                         -775.5873                     -0.7222814                    
78.88                         -777.1812                     -0.7242271                    
78.89                         -779.5298                     -0.7263825                    
78.9                          -781.459                      -0.7276069                    
78.91                         -783.2205                     -0.7295861                    
78.92                         -785.3176                     -0.7314731                    
78.93                         -787.5824                     -0.7332594                    
78.94                         -789.4277                     -0.7352051                    
78.95                         -791.1893                     -0.7367231                    
78.96                         -793.3702                     -0.7386855                    
78.97                         -795.2994                     -0.7403796                    
78.98                         -797.3965                     -0.7423672                    
78.99                         -799.2419                     -0.7441536                    
79                            -801.5905                     -0.7464515                    
79.01                         -803.1843                     -0.7472231                    
79.02                         -805.3652                     -0.7496048                    
79.03                         -807.1266                     -0.751475                     
79.04                         -809.1398                     -0.7534375                    
79.05                         -811.4047                     -0.7552658                    
79.06                         -812.9984                     -0.7569011                    
79.07                         -815.1793                     -0.7586455                    
79.08                         -817.4441                     -0.7606415                    
79.09                         -819.5411                     -0.762453                     
79.1                          -821.3026                     -0.7644742                    
79.11                         -823.5674                     -0.7657657                    
79.12                         -825.2451                     -0.7681978                    
79.13                         -827.0065                     -0.7694893                    
79.14                         -829.3552                     -0.7712673                    
79.15                         -831.7877                     -0.7737329                    
79.16                         -833.2137                     -0.7747896                    
79.17                         -835.143                      -0.776794                     
79.18                         -837.324                      -0.7788907                    
79.19                         -839.2532                     -0.7805763                    
79.2                          -841.4341                     -0.7822285                    
79.21                         -843.4473                     -0.7843335                    
79.22                         -845.2087                     -0.7859186                    
79.23                         -847.3897                     -0.7878307                    
79.24                         -849.235                      -0.7897596                    
79.25                         -851.2482                     -0.7913195                    
79.26                         -853.3452                     -0.793542                     
79.27                         -855.61                       -0.7954541                    
79.28                         -857.3715                     -0.7969972                    
79.29                         -859.3847                     -0.7986577                    
79.3                          -861.314                      -0.8007292                    
79.31                         -863.4109                     -0.8028007                    
79.32                         -865.1725                     -0.8040167                    
79.33                         -867.2695                     -0.8061972                    
79.34                         -868.9471                     -0.8077906                    
79.35                         -871.128                      -0.8094932                    
79.36                         -873.309                      -0.8119336                    
79.37                         -875.4059                     -0.8129736                    
79.38                         -877.5869                     -0.8151205                    
79.39                         -879.4323                     -0.8169153                    
79.4                          -881.6132                     -0.8185674                    
79.41                         -883.5425                     -0.8205802                    
79.42                         -885.7234                     -0.8230206                    
79.43                         -887.401                      -0.823918                     
79.44                         -889.3303                     -0.8259727                    
79.45                         -891.4272                     -0.8279771                    
79.46                         -893.6082                     -0.8299144                    
79.47                         -895.7052                     -0.8315414                    
79.48                         -897.8862                     -0.83342                      
79.49                         -899.6476                     -0.8350469                    
79.5                          -901.493                      -0.8370178                    
79.51                         -903.5062                     -0.8387286                    
79.52                         -905.6032                     -0.8405486                    
79.53                         -907.4486                     -0.8422007                    
79.54                         -909.2101                     -0.8444147                    
79.55                         -911.3911                     -0.8457733                    
79.56                         -913.2364                     -0.8477861                    
79.57                         -915.2496                     -0.8498911                    
79.58                         -917.2626                     -0.8515517                    
79.59                         -919.1919                     -0.8530277                    
79.6                          -921.4568                     -0.8552082                    
79.61                         -923.0505                     -0.8570617                    
79.62                         -925.2314                     -0.8584874                    
79.63                         -927.5801                     -0.8609614                    
79.64                         -929.09                       -0.8621271                    
79.65                         -931.3547                     -0.8642154                    
79.66                         -933.1162                     -0.8660269                    
79.67                         -935.1293                     -0.8676623                    
79.68                         -937.3942                     -0.869566                     
79.69                         -939.659                      -0.8719142                    
79.7                          -941.6721                     -0.8729458                    
79.71                         -943.2658                     -0.8750256                    
79.72                         -945.9501                     -0.8771306                    
79.73                         -947.7954                     -0.8788331                    
79.74                         -949.5569                     -0.8807369                    
79.75                         -951.4862                     -0.8823135                    
79.76                         -953.5833                     -0.8842005                    
79.77                         -955.848                      -0.8860539                    
79.78                         -957.9451                     -0.8881087                    
79.79                         -959.6227                     -0.8896182                    
79.8                          -961.7197                     -0.89122                      
79.81                         -963.2296                     -0.8934509                    
79.82                         -965.2427                     -0.8950611                    
79.83                         -967.5914                     -0.8967803                    
79.84                         -969.5207                     -0.8990363                    
79.85                         -971.366                      -0.9003362                    
79.86                         -973.5469                     -0.902198                     
79.87                         -975.3924                     -0.904345                     
79.88                         -977.0699                     -0.9060726                    
79.89                         -979.3347                     -0.9075906                    
79.9                          -981.5995                     -0.9102911                    
79.91                         -983.4449                     -0.9113813                    
79.92                         -985.7097                     -0.9134276                    
79.93                         -987.5551                     -0.9150043                    
79.94                         -989.4844                     -0.9168996                    
79.95                         -991.833                      -0.9189879                    
79.96                         -993.9301                     -0.9203365                    
79.97                         -995.6077                     -0.9216797                    
79.98                         -997.537                      -0.9238623                    
79.99                         -999.4662                     -0.9256251                    
80                            -1001.312                     -0.9279757                    
