Time(s)                       E(mV)                         I(mA)                         
0.01                          -1000.053                     -0.8964956                    
0.02                          -997.537                      -0.8909552                    
0.03                          -995.6077                     -0.8870936                    
0.04                          -993.5107                     -0.8846591                    
0.05                          -991.7492                     -0.8828963                    
0.06                          -989.5682                     -0.8803778                    
0.07                          -987.3035                     -0.8786989                    
0.08                          -985.6259                     -0.8771039                    
0.09                          -983.5289                     -0.8747534                    
0.1                           -981.5995                     -0.8735781                    
0.11                          -979.5025                     -0.8710598                    
0.12                          -977.5732                     -0.8692129                    
0.13                          -975.644                      -0.8678698                    
0.14                          -973.8825                     -0.8653514                    
0.15                          -971.5338                     -0.8636724                    
0.16                          -969.6046                     -0.8616577                    
0.17                          -967.843                      -0.8602306                    
0.18                          -965.8298                     -0.8578801                    
0.19                          -963.9006                     -0.8568728                    
0.2                           -961.6358                     -0.8543543                    
0.21                          -959.455                      -0.8526754                    
0.22                          -957.1901                     -0.8508286                    
0.23                          -955.5125                     -0.8489817                    
0.24                          -953.4993                     -0.8472188                    
0.25                          -951.9056                     -0.845456                     
0.26                          -949.9763                     -0.8433573                    
0.27                          -947.6276                     -0.8418463                    
0.28                          -945.4468                     -0.8403352                    
0.29                          -943.6014                     -0.8384044                    
0.3                           -941.756                      -0.8360539                    
0.31                          -939.7429                     -0.8350466                    
0.32                          -937.8136                     -0.8325282                    
0.33                          -935.6326                     -0.8304295                    
0.34                          -933.7034                     -0.8286666                    
0.35                          -931.3547                     -0.8277432                    
0.36                          -929.4255                     -0.8252248                    
0.37                          -927.4962                     -0.823294                     
0.38                          -925.9863                     -0.8216151                    
0.39                          -923.5538                     -0.8200201                    
0.4                           -921.7084                     -0.8173338                    
0.41                          -919.6114                     -0.8163265                    
0.42                          -917.5982                     -0.8148154                    
0.43                          -915.9206                     -0.8125489                    
0.44                          -913.488                      -0.810618                     
0.45                          -911.8943                     -0.8087713                    
0.46                          -909.7972                     -0.8070923                    
0.47                          -907.6164                     -0.8058331                    
0.48                          -905.3516                     -0.8034825                    
0.49                          -903.2546                     -0.8013839                    
0.5                           -901.0736                     -0.7995371                    
0.51                          -899.7315                     -0.7981939                    
0.52                          -897.4667                     -0.7962632                    
0.53                          -895.5375                     -0.7944163                    
0.54                          -893.7759                     -0.7924016                    
0.55                          -891.4272                     -0.7904708                    
0.56                          -889.7497                     -0.7885401                    
0.57                          -887.4849                     -0.7866932                    
0.58                          -885.8912                     -0.7847624                    
0.59                          -883.5425                     -0.7835872                    
0.6                           -881.6132                     -0.780901                     
0.61                          -879.2645                     -0.7799775                    
0.62                          -877.5869                     -0.777711                     
0.63                          -875.3221                     -0.775948                     
0.64                          -874.0638                     -0.7742691                    
0.65                          -871.3797                     -0.7725902                    
0.66                          -869.6182                     -0.7703236                    
0.67                          -867.1857                     -0.7689804                    
0.68                          -865.7597                     -0.7667978                    
0.69                          -863.7465                     -0.764951                     
0.7                           -861.5656                     -0.7628524                    
0.71                          -859.6363                     -0.7613413                    
0.72                          -857.5393                     -0.7596624                    
0.73                          -855.4423                     -0.7578995                    
0.74                          -853.5969                     -0.7557169                    
0.75                          -851.5837                     -0.7542058                    
0.76                          -849.4866                     -0.7526948                    
0.77                          -847.3058                     -0.75068                      
0.78                          -845.5443                     -0.7490851                    
0.79                          -843.6151                     -0.7468185                    
0.8                           -841.518                      -0.7453074                    
0.81                          -839.5048                     -0.7429569                    
0.82                          -837.2401                     -0.741194                     
0.83                          -835.3108                     -0.7401027                    
0.84                          -833.4654                     -0.7380041                    
0.85                          -831.6201                     -0.7353178                    
0.86                          -829.7746                     -0.7344784                    
0.87                          -827.5937                     -0.7319599                    
0.88                          -825.2451                     -0.7305328                    
0.89                          -823.3997                     -0.7285181                    
0.9                           -821.3026                     -0.727007                     
0.91                          -819.2894                     -0.7250763                    
0.92                          -817.6119                     -0.7232294                    
0.93                          -815.0115                     -0.7211308                    
0.94                          -813.4177                     -0.7194519                    
0.95                          -811.5724                     -0.7174371                    
0.96                          -809.8109                     -0.7162619                    
0.97                          -807.4622                     -0.7138274                    
0.98                          -805.7007                     -0.7123164                    
0.99                          -803.352                      -0.7109732                    
1                             -801.5067                     -0.7087906                    
1.01                          -799.3257                     -0.7069438                    
1.02                          -797.5642                     -0.7053488                    
1.03                          -795.3834                     -0.7030822                    
1.04                          -793.538                      -0.7013193                    
1.05                          -791.4409                     -0.6993046                    
1.06                          -789.1761                     -0.6975417                    
1.07                          -787.4985                     -0.6956109                    
1.08                          -785.737                      -0.6943517                    
1.09                          -783.4722                     -0.692337                     
1.1                           -781.2074                     -0.6906581                    
1.11                          -779.4459                     -0.6883915                    
1.12                          -777.5167                     -0.6865447                    
1.13                          -775.5873                     -0.6848658                    
1.14                          -773.4065                     -0.6834387                    
1.15                          -771.645                      -0.6810881                    
1.16                          -769.2124                     -0.6793253                    
1.17                          -767.6187                     -0.6780661                    
1.18                          -765.7733                     -0.6754637                    
1.19                          -763.5085                     -0.6741205                    
1.2                           -761.3276                     -0.6721058                    
1.21                          -759.8177                     -0.6705949                    
1.22                          -757.553                      -0.6683283                    
1.23                          -755.5398                     -0.6663975                    
1.24                          -753.8621                     -0.6652222                    
1.25                          -751.5135                     -0.6634594                    
1.26                          -749.6681                     -0.6616125                    
1.27                          -747.2355                     -0.6593459                    
1.28                          -745.4741                     -0.6579189                    
1.29                          -743.2931                     -0.6562399                    
1.3                           -741.951                      -0.6539733                    
1.31                          -739.3506                     -0.6523783                    
1.32                          -737.5053                     -0.6506994                    
1.33                          -735.3244                     -0.6486008                    
1.34                          -733.6468                     -0.6465021                    
1.35                          -731.4659                     -0.6451589                    
1.36                          -729.3688                     -0.6433961                    
1.37                          -727.5234                     -0.6411295                    
1.38                          -725.5103                     -0.6396185                    
1.39                          -723.4971                     -0.6376037                    
1.4                           -721.0646                     -0.6358408                    
1.41                          -719.0515                     -0.6340779                    
1.42                          -717.2899                     -0.6323151                    
1.43                          -715.1929                     -0.6303004                    
1.44                          -713.683                      -0.6287053                    
1.45                          -711.1666                     -0.6265228                    
1.46                          -709.2374                     -0.6249278                    
1.47                          -707.0565                     -0.622997                     
1.48                          -705.2949                     -0.6211501                    
1.49                          -703.5334                     -0.6196391                    
1.5                           -701.3525                     -0.6175405                    
1.51                          -699.591                      -0.6157776                    
1.52                          -697.494                      -0.6141826                    
1.53                          -695.397                      -0.6119999                    
1.54                          -693.216                      -0.6105729                    
1.55                          -691.3707                     -0.6091458                    
1.56                          -689.3575                     -0.6063755                    
1.57                          -687.0089                     -0.6052842                    
1.58                          -685.5828                     -0.6033534                    
1.59                          -682.9825                     -0.6010869                    
1.6                           -681.7243                     -0.5992401                    
1.61                          -679.0402                     -0.5980648                    
1.62                          -677.4464                     -0.5956303                    
1.63                          -675.3494                     -0.5940353                    
1.64                          -673.4201                     -0.5920206                    
1.65                          -671.2392                     -0.5902578                    
1.66                          -669.3938                     -0.5885788                    
1.67                          -666.9612                     -0.5863962                    
1.68                          -665.3675                     -0.5847172                    
1.69                          -663.4382                     -0.5829543                    
1.7                           -661.3412                     -0.5814433                    
1.71                          -659.412                      -0.5795125                    
1.72                          -657.4827                     -0.5780015                    
1.73                          -655.0501                     -0.575567                     
1.74                          -653.2886                     -0.5743918                    
1.75                          -651.2755                     -0.5717894                    
1.76                          -649.5139                     -0.5702784                    
1.77                          -647.5008                     -0.5685995                    
1.78                          -645.7393                     -0.5671723                    
1.79                          -643.2228                     -0.564654                     
1.8                           -641.1259                     -0.5632269                    
1.81                          -639.616                      -0.56138                      
1.82                          -637.6028                     -0.5591974                    
1.83                          -635.2542                     -0.5576024                    
1.84                          -633.3249                     -0.5557556                    
1.85                          -631.3117                     -0.5537409                    
1.86                          -629.0469                     -0.5522298                    
1.87                          -626.866                      -0.5500472                    
1.88                          -625.4401                     -0.5486201                    
1.89                          -623.5108                     -0.5463536                    
1.9                           -621.1621                     -0.5452623                    
1.91                          -619.4845                     -0.5429957                    
1.92                          -617.2197                     -0.5413167                    
1.93                          -615.0388                     -0.539386                     
1.94                          -612.8579                     -0.5376231                    
1.95                          -611.5997                     -0.5358602                    
1.96                          -609.4188                     -0.5341813                    
1.97                          -607.4895                     -0.5319986                    
1.98                          -605.0569                     -0.5305716                    
1.99                          -603.2115                     -0.5294803                    
2                             -601.5339                     -0.5264581                    
2.01                          -599.353                      -0.5250311                    
2.02                          -597.5915                     -0.5231003                    
2.03                          -595.2428                     -0.5215053                    
2.04                          -593.3975                     -0.5192388                    
2.05                          -590.881                      -0.5178956                    
2.06                          -589.2873                     -0.5154611                    
2.07                          -587.4419                     -0.5142859                    
2.08                          -585.5965                     -0.5116835                    
2.09                          -583.3317                     -0.5103404                    
2.1                           -581.0669                     -0.5082417                    
2.11                          -579.3054                     -0.5076613                    
2.12                          -577.2922                     -0.5053635                    
2.13                          -575.363                      -0.5037616                    
2.14                          -573.3499                     -0.5015979                    
2.15                          -571.0851                     -0.5000548                    
2.16                          -568.988                      -0.4978826                    
2.17                          -567.2265                     -0.4962473                    
2.18                          -565.465                      -0.4944442                    
2.19                          -562.8647                     -0.4928339                    
2.2                           -561.0193                     -0.4909721                    
2.21                          -559.2578                     -0.4888923                    
2.22                          -557.2446                     -0.487022                     
2.23                          -554.9799                     -0.4853615                    
2.24                          -553.3022                     -0.4834158                    
2.25                          -550.8697                     -0.4818057                    
2.26                          -549.4437                     -0.4799941                    
2.27                          -547.2628                     -0.4780233                    
2.28                          -545.5013                     -0.4763124                    
2.29                          -542.901                      -0.4743081                    
2.3                           -541.2233                     -0.4725301                    
2.31                          -539.6296                     -0.4710121                    
2.32                          -537.1132                     -0.4690161                    
2.33                          -535.1839                     -0.4669866                    
2.34                          -533.4224                     -0.4654183                    
2.35                          -531.2415                     -0.4635397                    
2.36                          -529.3961                     -0.4618708                    
2.37                          -527.1313                     -0.4602186                    
2.38                          -524.9504                     -0.458231                     
2.39                          -523.3566                     -0.4561344                    
2.4                           -521.0919                     -0.4546751                    
2.41                          -519.0787                     -0.4526121                    
2.42                          -516.9817                     -0.4508089                    
2.43                          -515.1363                     -0.449031                     
2.44                          -513.3748                     -0.4476976                    
2.45                          -511.2777                     -0.4453996                    
2.46                          -509.1807                     -0.4436217                    
2.47                          -507.1676                     -0.4420366                    
2.48                          -505.4061                     -0.4400071                    
2.49                          -503.3091                     -0.4382124                    
2.5                           -501.2959                     -0.4366189                    
2.51                          -499.0311                     -0.4344468                    
2.52                          -497.5213                     -0.4328701                    
2.53                          -495.0048                     -0.4309244                    
2.54                          -493.1595                     -0.4290627                    
2.55                          -490.643                      -0.4274524                    
2.56                          -489.3848                     -0.4257164                    
2.57                          -487.3716                     -0.4232172                    
2.58                          -485.023                      -0.4219089                    
2.59                          -483.2614                     -0.4199045                    
2.6                           -481.1644                     -0.4183195                    
2.61                          -479.2352                     -0.416357                     
2.62                          -477.222                      -0.4146042                    
2.63                          -475.125                      -0.4125663                    
2.64                          -473.3635                     -0.4110903                    
2.65                          -471.0987                     -0.4090607                    
2.66                          -469.3372                     -0.4074421                    
2.67                          -467.0724                     -0.40553                      
2.68                          -465.0593                     -0.404054                     
2.69                          -463.13                       -0.4018483                    
2.7                           -461.1168                     -0.3999194                    
2.71                          -459.2715                     -0.398133                     
2.72                          -457.3422                     -0.396808                     
2.73                          -454.9096                     -0.3944178                    
2.74                          -453.3159                     -0.3926399                    
2.75                          -451.135                      -0.3909122                    
2.76                          -449.1218                     -0.3892014                    
2.77                          -447.2764                     -0.3871132                    
2.78                          -444.9277                     -0.385612                     
2.79                          -443.2501                     -0.383683                     
2.8                           -440.9015                     -0.3821567                    
2.81                          -439.0561                     -0.3797833                    
2.82                          -436.7074                     -0.3784666                    
2.83                          -435.3653                     -0.3763448                    
2.84                          -432.9327                     -0.3750868                    
2.85                          -431.2551                     -0.3729399                    
2.86                          -428.9904                     -0.3710277                    
2.87                          -426.8933                     -0.3690988                    
2.88                          -425.1318                     -0.3677737                    
2.89                          -423.1187                     -0.3652326                    
2.9                           -421.0216                     -0.363874                     
2.91                          -419.2601                     -0.3617438                    
2.92                          -416.9114                     -0.3603517                    
2.93                          -414.8144                     -0.3582047                    
2.94                          -413.0529                     -0.35667                      
2.95                          -411.2914                     -0.3546404                    
2.96                          -409.446                      -0.3532902                    
2.97                          -407.0974                     -0.3506904                    
2.98                          -405.0842                     -0.3490634                    
2.99                          -403.1549                     -0.3475622                    
3                             -401.3095                     -0.3457339                    
3.01                          -399.2125                     -0.3437379                    
3.02                          -397.0316                     -0.342329                     
3.03                          -395.1862                     -0.3399724                    
3.04                          -393.0053                     -0.3385718                    
3.05                          -391.3277                     -0.3363326                    
3.06                          -389.1468                     -0.3347056                    
3.07                          -387.0497                     -0.333347                     
3.08                          -384.7011                     -0.3311749                    
3.09                          -383.6106                     -0.3291034                    
3.1                           -381.0942                     -0.3276777                    
3.11                          -379.5005                     -0.3254385                    
3.12                          -376.8163                     -0.3240463                    
3.13                          -375.3064                     -0.3221593                    
3.14                          -372.9577                     -0.3202556                    
3.15                          -371.1123                     -0.3183854                    
3.16                          -368.9314                     -0.3168926                    
3.17                          -366.4989                     -0.3144269                    
3.18                          -364.989                      -0.3132444                    
3.19                          -363.3114                     -0.3111813                    
3.2                           -361.1305                     -0.3092776                    
3.21                          -359.369                      -0.3073319                    
3.22                          -357.188                      -0.3058894                    
3.23                          -355.5943                     -0.3038767                    
3.24                          -352.994                      -0.3023922                    
3.25                          -350.8131                     -0.3002285                    
3.26                          -348.9677                     -0.2985428                    
3.27                          -347.3739                     -0.2968068                    
3.28                          -345.1092                     -0.2948527                    
3.29                          -342.7605                     -0.2931                       
3.3                           -340.999                      -0.2914394                    
3.31                          -339.0697                     -0.2895105                    
3.32                          -337.3082                     -0.2878751                    
3.33                          -334.5401                     -0.2855521                    
3.34                          -333.198                      -0.2841012                    
3.35                          -331.2687                     -0.282382                     
3.36                          -329.3395                     -0.2805034                    
3.37                          -326.6553                     -0.2783564                    
3.38                          -325.3132                     -0.2769391                    
3.39                          -323.2162                     -0.274834                     
3.4                           -321.1191                     -0.2731484                    
3.41                          -318.6866                     -0.2712362                    
3.42                          -317.2606                     -0.2695505                    
3.43                          -315.1636                     -0.2675042                    
3.44                          -312.9827                     -0.2660701                    
3.45                          -310.8018                     -0.2638896                    
3.46                          -308.7886                     -0.2621201                    
3.47                          -306.8593                     -0.2604176                    
3.48                          -305.0978                     -0.2591764                    
3.49                          -302.7492                     -0.2565095                    
3.5                           -300.9876                     -0.2548321                    
3.51                          -298.9745                     -0.2532974                    
3.52                          -297.2969                     -0.2513433                    
3.53                          -295.0321                     -0.2495319                    
3.54                          -292.9351                     -0.2482571                    
3.55                          -291.0897                     -0.2455818                    
3.56                          -289.1604                     -0.2441812                    
3.57                          -287.0634                     -0.2424788                    
3.58                          -284.6308                     -0.2403066                    
3.59                          -283.2048                     -0.2385287                    
3.6                           -280.7723                     -0.2370946                    
3.61                          -278.9269                     -0.2349141                    
3.62                          -276.8299                     -0.2332871                    
3.63                          -275.1523                     -0.2313834                    
3.64                          -273.0552                     -0.2296809                    
3.65                          -270.9582                     -0.2278945                    
3.66                          -268.6095                     -0.2261921                    
3.67                          -267.6029                     -0.2241625                    
3.68                          -264.4993                     -0.2223007                    
3.69                          -262.8217                     -0.2207324                    
3.7                           -260.8925                     -0.2190467                    
3.71                          -259.3826                     -0.2168495                    
3.72                          -257.2017                     -0.2151806                    
3.73                          -254.7691                     -0.2133271                    
3.74                          -253.0076                     -0.211155                     
3.75                          -250.9945                     -0.2096287                    
3.76                          -249.233                      -0.2076746                    
3.77                          -247.1359                     -0.2060979                    
3.78                          -244.7034                     -0.204278                     
3.79                          -243.0257                     -0.202064                     
3.8                           -241.2643                     -0.2003112                    
3.81                          -238.58                       -0.1988184                    
3.82                          -237.0702                     -0.196705                     
3.83                          -234.8893                     -0.1951367                    
3.84                          -233.1278                     -0.1934762                    
3.85                          -231.0307                     -0.1912453                    
3.86                          -228.8498                     -0.1899454                    
3.87                          -226.9206                     -0.1877481                    
3.88                          -224.6558                     -0.1859283                    
3.89                          -222.5588                     -0.1844187                    
3.9                           -220.965                      -0.1823891                    
3.91                          -219.1196                     -0.1804099                    
3.92                          -216.9387                     -0.1787242                    
3.93                          -215.1772                     -0.1768121                    
3.94                          -212.9124                     -0.1749419                    
3.95                          -210.7315                     -0.173273                     
3.96                          -208.8861                     -0.1713189                    
3.97                          -206.7052                     -0.1697339                    
3.98                          -204.8598                     -0.1676791                    
3.99                          -202.8467                     -0.1659935                    
4                             -200.6658                     -0.1641987                    
4.01                          -199.3237                     -0.162404                     
4.02                          -197.0589                     -0.160777                     
4.03                          -194.9618                     -0.1586972                    
4.04                          -192.7809                     -0.1569192                    
4.05                          -191.1033                     -0.1552503                    
4.06                          -188.8385                     -0.1531453                    
4.07                          -186.9931                     -0.1515602                    
4.08                          -184.8961                     -0.149841                     
4.09                          -182.7152                     -0.1477695                    
4.1                           -181.2053                     -0.1458406                    
4.11                          -178.8566                     -0.1440039                    
4.12                          -177.179                      -0.1421589                    
4.13                          -174.6626                     -0.1407919                    
4.14                          -172.8172                     -0.1385527                    
4.15                          -170.7202                     -0.1367999                    
4.16                          -168.8748                     -0.1353574                    
4.17                          -166.61                       -0.1332105                    
4.18                          -164.8485                     -0.1315835                    
4.19                          -162.6676                     -0.1299816                    
4.2                           -161.0738                     -0.127885                     
4.21                          -158.9768                     -0.1261909                    
4.22                          -156.8798                     -0.1240272                    
4.23                          -155.1183                     -0.1220731                    
4.24                          -152.6018                     -0.1206809                    
4.25                          -151.0081                     -0.1187688                    
4.26                          -148.6594                     -0.1166638                    
4.27                          -146.814                      -0.1149949                    
4.28                          -144.8009                     -0.1130408                    
4.29                          -142.62                       -0.1113467                    
4.3                           -140.6068                     -0.1096442                    
4.31                          -139.2647                     -0.107774                     
4.32                          -136.5805                     -0.1058116                    
4.33                          -134.9029                     -0.1041678                    
4.34                          -132.9736                     -0.1022809                    
4.35                          -130.7088                     -0.1004191                    
4.36                          -129.0312                     -0.09873335                   
4.37                          -127.0181                     -0.09750892                   
4.38                          -124.9211                     -0.09498458                   
4.39                          -122.9079                     -0.09329049                   
4.4                           -120.5592                     -0.09163833                   
4.41                          -118.7977                     -0.08949976                   
4.42                          -116.9523                     -0.08799858                   
4.43                          -115.107                      -0.08605289                   
4.44                          -112.6744                     -0.08416592                   
4.45                          -110.829                      -0.08234604                   
4.46                          -108.4803                     -0.08082809                   
4.47                          -106.635                      -0.0783876                    
4.48                          -105.1251                     -0.07715477                   
4.49                          -102.9442                     -0.07493234                   
4.5                           -100.5955                     -0.07317954                   
4.51                          -98.91788                     -0.0712758                    
4.52                          -96.73697                     -0.06953979                   
4.53                          -94.97547                     -0.06768636                   
4.54                          -92.6268                      -0.06652902                   
4.55                          -91.11694                     -0.06397951                   
4.56                          -88.51662                     -0.06241122                   
4.57                          -86.50347                     -0.06046554                   
4.58                          -84.74197                     -0.05898113                   
4.59                          -82.8127                      -0.05706899                   
4.6                           -80.63178                     -0.05537491                   
4.61                          -78.70251                     -0.0529512                    
4.62                          -76.77325                     -0.05203706                   
4.63                          -74.92786                     -0.04941208                   
4.64                          -72.74696                     -0.04781863                   
4.65                          -70.90157                     -0.0461581                    
4.66                          -68.63678                     -0.0445311                    
4.67                          -66.79139                     -0.04209062                   
4.68                          -64.86212                     -0.04064814                   
4.69                          -62.59734                     -0.03856827                   
4.7                           -60.75195                     -0.03721804                   
4.71                          -58.65492                     -0.03520847                   
4.72                          -57.06118                     -0.03325978                   
4.73                          -54.96415                     -0.03148717                   
4.74                          -52.44771                     -0.02995857                   
4.75                          -50.68621                     -0.02773653                   
4.76                          -49.00858                     -0.02620709                   
4.77                          -46.57603                     -0.02428858                   
4.78                          -44.89841                     -0.02258138                   
4.79                          -42.80137                     -0.02043983                   
4.8                           -40.53659                     -0.0188693                    
4.81                          -38.85896                     -0.0170489                    
4.82                          -36.9297                      -0.01547418                   
4.83                          -34.6649                      -0.01335695                   
4.84                          -32.65175                     -0.01154745                   
4.85                          -30.55472                     -0.009535869                  
4.86                          -28.79322                     -0.008076864                  
4.87                          -26.69619                     -0.005936991                  
4.88                          -25.01857                     -0.00412246                   
4.89                          -22.92154                     -0.002692804                  
4.9                           -20.74063                     -0.0007516574                 
4.91                          -18.81136                     0.001301849                   
4.92                          -16.71433                     0.002994797                   
4.93                          -15.12059                     0.004998832                   
4.94                          -12.68803                     0.006606251                   
4.95                          -10.50712                     0.008385566                   
4.96                          -9.165023                     0.01038457                    
4.97                          -6.480824                     0.01213957                    
4.98                          -4.635439                     0.01378137                    
4.99                          -2.454528                     0.01599                       
5                             -0.7769045                    0.01780704                    
5.01                          1.320125                      0.01917214                    
5.02                          3.501036                      0.0213053                     
5.03                          5.430303                      0.02329927                    
5.04                          6.940164                      0.02479014                    
5.05                          9.372719                      0.02675812                    
5.06                          11.38587                      0.02814501                    
5.07                          13.23125                      0.03032932                    
5.08                          15.2444                       0.03230904                    
5.09                          17.34143                      0.03375966                    
5.1                           19.18682                      0.03577543                    
5.11                          21.53549                      0.03774676                    
5.12                          23.38088                      0.0392368                     
5.13                          25.56179                      0.04096077                    
5.14                          27.7427                       0.04333962                    
5.15                          29.16868                      0.04473238                    
5.16                          31.85287                      0.04686806                    
5.17                          33.94991                      0.04861803                    
5.18                          35.292                        0.05012818                    
5.19                          37.22127                      0.05214982                    
5.2                           39.56994                      0.05408258                    
5.21                          41.24757                      0.05567659                    
5.22                          43.59624                      0.05766553                    
5.23                          45.18998                      0.05942388                    
5.24                          47.37089                      0.06124931                    
5.25                          49.46792                      0.06298838                    
5.26                          51.48107                      0.06490353                    
5.27                          53.24258                      0.06671387                    
5.28                          55.50737                      0.06859548                    
5.29                          57.43663                      0.07021045                    
5.3                           59.28202                      0.07209961                    
5.31                          61.21129                      0.07396277                    
5.32                          63.14056                      0.0759383                     
5.33                          65.40535                      0.07775953                    
5.34                          67.50237                      0.07925544                    
5.35                          69.26389                      0.0812754                     
5.36                          71.44479                      0.08308994                    
5.37                          73.37406                      0.08437286                    
5.38                          75.55497                      0.08684561                    
5.39                          77.2326                       0.08834822                    
5.4                           79.41351                      0.09023067                    
5.41                          81.34277                      0.09219614                    
5.42                          83.52368                      0.09382536                    
5.43                          85.78848                      0.09524159                    
5.44                          87.38221                      0.09783259                    
5.45                          89.22761                      0.09936119                    
5.46                          91.32463                      0.1012354                     
5.47                          93.58942                      0.1029966                     
5.48                          95.35093                      0.1048165                     
5.49                          97.2802                       0.1066448                     
5.5                           99.37723                      0.1087582                     
5.51                          101.5581                      0.1103265                     
5.52                          102.9841                      0.1124063                     
5.53                          105.4167                      0.1141507                     
5.54                          107.5137                      0.1156939                     
5.55                          109.3591                      0.1173963                     
5.56                          111.6239                      0.1196439                     
5.57                          113.5531                      0.1214051                     
5.58                          115.5663                      0.1231495                     
5.59                          117.4117                      0.1244913                     
5.6                           119.5087                      0.1267138                     
5.61                          121.438                       0.1285253                     
5.62                          123.6189                      0.1303871                     
5.63                          125.5482                      0.1319889                     
5.64                          127.1419                      0.1342365                     
5.65                          129.5744                      0.1356622                     
5.66                          131.6715                      0.1375156                     
5.67                          133.0136                      0.1390085                     
5.68                          135.4461                      0.1413819                     
5.69                          136.956                       0.1432688                     
5.7                           139.4724                      0.1449713                     
5.71                          141.4856                      0.1465144                     
5.72                          143.9181                      0.1485356                     
5.73                          144.7569                      0.1504142                     
5.74                          147.525                       0.1521083                     
5.75                          149.4543                      0.1539868                     
5.76                          151.3836                      0.155857                      
5.77                          153.5645                      0.1578027                     
5.78                          155.9131                      0.1593374                     
5.79                          157.2552                      0.1612663                     
5.8                           159.9394                      0.163321                      
5.81                          161.6171                      0.1648809                     
5.82                          163.4624                      0.1667847                     
5.83                          165.4756                      0.1686381                     
5.84                          167.4049                      0.1700722                     
5.85                          169.5858                      0.1721437                     
5.86                          171.3473                      0.1741984                     
5.87                          173.4443                      0.1755654                     
5.88                          175.7091                      0.1776872                     
5.89                          177.3028                      0.1795826                     
5.9                           179.5676                      0.1810586                     
5.91                          181.2453                      0.1829456                     
5.92                          183.5101                      0.1851596                     
5.93                          185.5232                      0.1866608                     
5.94                          187.4525                      0.1886149                     
5.95                          189.7173                      0.1903677                     
5.96                          191.3949                      0.192045                      
5.97                          193.6597                      0.1941584                     
5.98                          195.4212                      0.1958608                     
5.99                          197.6021                      0.1976388                     
6                             199.6152                      0.1997271                     
6.01                          201.5445                      0.2012869                     
6.02                          203.5576                      0.2030146                     
6.03                          205.3192                      0.2053041                     
6.04                          207.7517                      0.2068221                     
6.05                          209.681                       0.2086923                     
6.06                          211.778                       0.2101935                     
6.07                          213.4556                      0.2122398                     
6.08                          215.6365                      0.2137074                     
6.09                          217.1464                      0.2158376                     
6.1                           219.7467                      0.2177162                     
6.11                          221.3405                      0.2195696                     
6.12                          223.6053                      0.2209786                     
6.13                          225.7862                      0.223352                      
6.14                          227.8832                      0.2246603                     
6.15                          229.6447                      0.2269162                     
6.16                          231.3223                      0.2283923                     
6.17                          233.2516                      0.2305895                     
6.18                          235.3486                      0.2321914                     
6.19                          237.3618                      0.2343048                     
6.2                           239.7943                      0.2352776                     
6.21                          241.6397                      0.2378942                     
6.22                          243.4851                      0.2394206                     
6.23                          245.2466                      0.241383                      
6.24                          247.5953                      0.2429345                     
6.25                          249.2729                      0.2448551                     
6.26                          251.8732                      0.2466833                     
6.27                          253.8025                      0.2485619                     
6.28                          255.8995                      0.2499205                     
6.29                          257.8288                      0.2524281                     
6.3                           259.5064                      0.2540048                     
6.31                          261.6873                      0.2554221                     
6.32                          263.1972                      0.2576026                     
6.33                          265.7975                      0.2596909                     
6.34                          267.8945                      0.2612843                     
6.35                          269.7399                      0.2632803                     
6.36                          271.082                       0.2648989                     
6.37                          273.934                       0.2667104                     
6.38                          275.6116                      0.2688657                     
6.39                          278.0441                      0.270585                      
6.4                           279.7218                      0.2721365                     
6.41                          281.9027                      0.2742583                     
6.42                          283.6642                      0.2757511                     
6.43                          285.6773                      0.2773697                     
6.44                          287.7744                      0.2796257                     
6.45                          289.452                       0.2813953                     
6.46                          291.6329                      0.2830726                     
6.47                          293.8138                      0.2848505                     
6.48                          295.2398                      0.2866452                     
6.49                          297.6723                      0.2884399                     
6.5                           299.4338                      0.2903689                     
6.51                          301.6986                      0.2921887                     
6.52                          303.3763                      0.2941176                     
6.53                          305.8927                      0.2956104                     
6.54                          307.7381                      0.2977238                     
6.55                          309.4996                      0.2992418                     
6.56                          311.7644                      0.3011959                     
6.57                          313.6098                      0.3033428                     
6.58                          315.7068                      0.3052047                     
6.59                          317.8038                      0.3067981                     
6.6                           319.5653                      0.3085425                     
6.61                          321.914                       0.3102785                     
6.62                          323.5078                      0.312199                      
6.63                          325.5209                      0.3142705                     
6.64                          327.7857                      0.3159478                     
6.65                          329.8827                      0.3174658                     
6.66                          331.812                       0.3196547                     
6.67                          333.8251                      0.3212733                     
6.68                          335.8383                      0.3233196                     
6.69                          337.5998                      0.3246782                     
6.7                           339.2774                      0.3270013                     
6.71                          341.71                        0.3286367                     
6.72                          343.4714                      0.3301378                     
6.73                          345.4846                      0.3321255                     
6.74                          347.6655                      0.3342305                     
6.75                          349.7625                      0.3355807                     
6.76                          351.6918                      0.3376773                     
6.77                          353.6211                      0.3391785                     
6.78                          355.5504                      0.3407972                     
6.79                          357.6474                      0.343506                      
6.8                           359.5767                      0.3448562                     
6.81                          361.5898                      0.3464748                     
6.82                          363.6868                      0.348865                      
6.83                          365.7                         0.3504417                     
6.84                          367.5453                      0.3519261                     
6.85                          369.9779                      0.3540646                     
6.86                          371.6555                      0.3560271                     
6.87                          373.7526                      0.3577547                     
6.88                          375.6819                      0.3597591                     
6.89                          377.695                       0.3611094                     
6.9                           379.2888                      0.363357                      
6.91                          381.8051                      0.3652439                     
6.92                          383.6505                      0.366829                      
6.93                          385.412                       0.3684728                     
6.94                          387.6768                      0.3706448                     
6.95                          389.6061                      0.372188                      
6.96                          391.7032                      0.3741253                     
6.97                          393.8002                      0.3761297                     
6.98                          395.6455                      0.3777986                     
6.99                          397.6587                      0.3795849                     
7                             399.8396                      0.3811951                     
7.01                          401.6011                      0.382906                      
7.02                          403.782                       0.385011                      
7.03                          405.4597                      0.3867806                     
7.04                          408.06                        0.3885418                     
7.05                          409.8215                      0.3904874                     
7.06                          411.7508                      0.3919048                     
7.07                          413.8478                      0.3938756                     
7.08                          415.777                       0.3959974                     
7.09                          417.7902                      0.3973895                     
7.1                           419.4678                      0.3995113                     
7.11                          422.152                       0.4015745                     
7.12                          423.9135                      0.4028157                     
7.13                          425.675                       0.4051136                     
7.14                          427.9398                      0.4066483                     
7.15                          429.8691                      0.4086024                     
7.16                          431.7144                      0.4105313                     
7.17                          433.7276                      0.4123596                     
7.18                          435.573                       0.4136175                     
7.19                          438.0056                      0.4163683                     
7.2                           439.9348                      0.4176263                     
7.21                          441.7802                      0.4195552                     
7.22                          443.7095                      0.421157                      
7.23                          446.0582                      0.4232956                     
7.24                          447.7358                      0.4247213                     
7.25                          450.0005                      0.4271031                     
7.26                          451.5104                      0.4283694                     
7.27                          453.6913                      0.4306003                     
7.28                          455.7884                      0.4320679                     
7.29                          457.7176                      0.434022                      
7.3                           459.9824                      0.4356406                     
7.31                          461.9117                      0.4378379                     
7.32                          463.6732                      0.4394481                     
7.33                          465.7702                      0.4414189                     
7.34                          467.6156                      0.4428111                     
7.35                          470.0482                      0.4450336                     
7.36                          471.6419                      0.4467779                     
7.37                          473.8228                      0.4486313                     
7.38                          475.7521                      0.4503254                     
7.39                          477.8491                      0.4524808                     
7.4                           479.7784                      0.4539568                     
7.41                          481.7077                      0.4559193                     
7.42                          483.9724                      0.457714                      
7.43                          485.5662                      0.4597268                     
7.44                          487.9149                      0.4613705                     
7.45                          490.0119                      0.4632072                     
7.46                          491.6056                      0.4648258                     
7.47                          493.3671                      0.4670063                     
7.48                          495.7997                      0.4686333                     
7.49                          498.0645                      0.4706796                     
7.5                           500.0776                      0.472315                      
7.51                          501.6714                      0.4740426                     
7.52                          504.0201                      0.4758205                     
7.53                          505.6977                      0.477632                      
7.54                          508.2141                      0.4796532                     
7.55                          509.8079                      0.4814144                     
7.56                          511.821                       0.482924                      
7.57                          514.1697                      0.4849954                     
7.58                          515.5956                      0.4866392                     
7.59                          517.9443                      0.4884926                     
7.6                           519.9575                      0.490715                      
7.61                          522.0545                      0.4922162                     
7.62                          523.6483                      0.4940361                     
7.63                          525.6614                      0.4958895                     
7.64                          527.9261                      0.4975082                     
7.65                          530.0232                      0.499806                      
7.66                          532.0364                      0.5015504                     
7.67                          533.8818                      0.5030852                     
7.68                          536.2304                      0.5050728                     
7.69                          537.6564                      0.5071108                     
7.7                           540.0051                      0.5082933                     
7.71                          541.9343                      0.5104821                     
7.72                          543.6119                      0.5126039                     
7.73                          545.709                       0.5141051                     
7.74                          547.8899                      0.5159585                     
7.75                          549.9869                      0.5174681                     
7.76                          551.7484                      0.5194138                     
7.77                          553.8455                      0.5216111                     
7.78                          555.8586                      0.5230116                     
7.79                          558.0395                      0.5249153                     
7.8                           559.801                       0.5268107                     
7.81                          562.1497                      0.5282952                     
7.82                          563.9951                      0.5303331                     
7.83                          566.0082                      0.5323626                     
7.84                          568.1891                      0.534149                      
7.85                          569.7829                      0.5360276                     
7.86                          571.9638                      0.5377636                     
7.87                          573.8931                      0.5393822                     
7.88                          575.9063                      0.5409672                     
7.89                          577.8355                      0.5432484                     
7.9                           579.8486                      0.5450767                     
7.91                          581.9457                      0.5468882                     
7.92                          584.0427                      0.5483642                     
7.93                          585.8042                      0.5504273                     
7.94                          587.9851                      0.5521381                     
7.95                          590.166                       0.554285                      
7.96                          591.5081                      0.5556185                     
7.97                          594.36                        0.558059                      
7.98                          595.6183                      0.5596021                     
7.99                          598.3864                      0.5612962                     
8                             599.7285                      0.5628142                     
8.01                          601.8255                      0.5651289                     
8.02                          604.0064                      0.5667726                     
8.03                          606.1873                      0.5685422                     
8.04                          607.5294                      0.5704124                     
8.05                          610.2975                      0.5723665                     
8.06                          611.6396                      0.5740522                     
8.07                          614.2399                      0.5760565                     
8.08                          615.7498                      0.5776332                     
8.09                          618.0984                      0.5796627                     
8.1                           619.6083                      0.581382                      
8.11                          622.2086                      0.5831432                     
8.12                          623.6346                      0.5849044                     
8.13                          625.9833                      0.5872526                     
8.14                          627.9125                      0.5886531                     
8.15                          630.0096                      0.5904898                     
8.16                          632.2744                      0.5924019                     
8.17                          633.7003                      0.5938612                     
8.18                          636.3846                      0.5961088                     
8.19                          637.8105                      0.5978699                     
8.2                           640.0753                      0.5994802                     
8.21                          641.8368                      0.6014175                     
8.22                          644.1855                      0.6033631                     
8.23                          645.947                       0.6047134                     
8.24                          648.2118                      0.6070197                     
8.25                          649.9733                      0.6083363                     
8.26                          652.4897                      0.6103408                     
8.27                          653.5802                      0.6123619                     
8.28                          656.0967                      0.6137708                     
8.29                          657.7742                      0.6154062                     
8.3                           659.6196                      0.6181402                     
8.31                          661.8845                      0.6191885                     
8.32                          664.1492                      0.6214361                     
8.33                          665.743                       0.6230296                     
8.34                          668.0917                      0.624925                      
8.35                          670.1887                      0.6268539                     
8.36                          672.1179                      0.6288331                     
8.37                          673.9633                      0.6302168                     
8.38                          675.9764                      0.6325483                     
8.39                          678.2413                      0.6341501                     
8.4                           679.7511                      0.6357771                     
8.41                          681.7642                      0.6377732                     
8.42                          684.0291                      0.6398697                     
8.43                          686.21                        0.6414045                     
8.44                          688.2231                      0.6432831                     
8.45                          690.0685                      0.6449688                     
8.46                          692.0817                      0.6468223                     
8.47                          693.3398                      0.648684                      
8.48                          696.3596                      0.6505123                     
8.49                          698.1211                      0.6522316                     
8.5                           700.1342                      0.6543534                     
8.51                          702.2313                      0.6559887                     
8.52                          704.3283                      0.657557                      
8.53                          705.9221                      0.6594104                     
8.54                          708.1868                      0.6613896                     
8.55                          710.2839                      0.663285                      
8.56                          711.9614                      0.6649708                     
8.57                          713.9746                      0.6669499                     
8.58                          716.0717                      0.6686524                     
8.59                          718.4203                      0.6704471                     
8.6                           720.0141                      0.6722335                     
8.61                          722.2789                      0.6742463                     
8.62                          723.7888                      0.6754875                     
8.63                          726.3052                      0.6778105                     
8.64                          728.3183                      0.6794962                     
8.65                          729.912                       0.6813413                     
8.66                          732.093                       0.6831527                     
8.67                          734.1061                      0.6851906                     
8.68                          736.3709                      0.6866919                     
8.69                          738.2163                      0.6888639                     
8.7                           739.9778                      0.6899375                     
8.71                          742.0748                      0.6925121                     
8.72                          744.2557                      0.694114                      
8.73                          745.5978                      0.6959003                     
8.74                          748.4498                      0.6974099                     
8.75                          750.0435                      0.6999007                     
8.76                          752.4761                      0.7010916                     
8.77                          754.1537                      0.7035404                     
8.78                          755.9991                      0.7047564                     
8.79                          758.18                        0.7069202                     
8.8                           760.1932                      0.7085556                     
8.81                          761.9547                      0.7102245                     
8.82                          764.3872                      0.7119437                     
8.83                          765.8132                      0.7144597                     
8.84                          768.3297                      0.7155332                     
8.85                          769.9234                      0.7179066                     
8.86                          772.1882                      0.7194749                     
8.87                          773.8658                      0.7215044                     
8.88                          776.3822                      0.7234249                     
8.89                          777.976                       0.7251777                     
8.9                           780.3246                      0.7266873                     
8.91                          782.2539                      0.7288091                     
8.92                          784.0992                      0.7305452                     
8.93                          786.2802                      0.7321889                     
8.94                          788.1256                      0.7343358                     
8.95                          790.4742                      0.7362311                     
8.96                          792.4035                      0.7375395                     
8.97                          794.2489                      0.7396361                     
8.98                          796.2621                      0.7413302                     
8.99                          797.9397                      0.7427475                     
9                             800.3723                      0.7449951                     
9.01                          802.2177                      0.7468653                     
9.02                          803.8953                      0.748551                      
9.03                          805.8245                      0.7502115                     
9.04                          808.0894                      0.7523417                     
9.05                          810.438                       0.7540945                     
9.06                          811.864                       0.7558809                     
9.07                          814.3804                      0.7574575                     
9.08                          816.2258                      0.7596045                     
9.09                          818.4067                      0.7614244                     
9.1                           819.8327                      0.7632443                     
9.11                          822.6846                      0.7646112                     
9.12                          823.9429                      0.7670181                     
9.13                          826.6271                      0.768838                      
9.14                          828.053                       0.7704651                     
9.15                          830.4017                      0.7722262                     
9.16                          831.9955                      0.774239                      
9.17                          834.3441                      0.7760422                     
9.18                          836.1895                      0.7776943                     
9.19                          838.2866                      0.7793884                     
9.2                           840.2997                      0.7816527                     
9.21                          842.3128                      0.7831623                     
9.22                          843.9905                      0.784479                      
9.23                          846.5908                      0.7869278                     
9.24                          848.1845                      0.7891083                     
9.25                          850.3655                      0.7903664                     
9.26                          852.2947                      0.7924462                     
9.27                          854.1401                      0.7939391                     
9.28                          856.321                       0.7956331                     
9.29                          858.0825                      0.7983336                     
9.3                           860.2634                      0.7994993                     
9.31                          862.2766                      0.8014199                     
9.32                          864.0381                      0.803441                      
9.33                          866.3029                      0.8051937                     
9.34                          868.2321                      0.8066363                     
9.35                          870.3292                      0.8085232                     
9.36                          872.2584                      0.8103179                     
9.37                          874.2716                      0.8124229                     
9.38                          876.2847                      0.8138403                     
9.39                          878.3817                      0.8159201                     
9.4                           879.8916                      0.8175555                     
9.41                          882.1564                      0.8195012                     
9.42                          884.5051                      0.8214301                     
9.43                          885.9311                      0.8233255                     
9.44                          888.3636                      0.8247512                     
9.45                          890.0412                      0.8268813                     
9.46                          892.306                       0.828869                      
9.47                          894.4031                      0.8304372                     
9.48                          895.9129                      0.8323578                     
9.49                          898.5971                      0.8340771                     
9.5                           900.0231                      0.8358885                     
9.51                          902.4556                      0.8375239                     
9.52                          904.301                       0.8393102                     
9.53                          906.5659                      0.8414152                     
9.54                          908.3273                      0.84295                       
9.55                          910.1727                      0.8449879                     
9.56                          912.1859                      0.8464137                     
9.57                          914.7862                      0.8489296                     
9.58                          916.1283                      0.8506488                     
9.59                          918.6448                      0.85241                       
9.6                           920.0707                      0.8537771                     
9.61                          922.0838                      0.8562259                     
9.62                          924.3486                      0.8575845                     
9.63                          926.3618                      0.8599076                     
9.64                          928.4588                      0.8613836                     
9.65                          930.3881                      0.8634215                     
9.66                          932.2335                      0.8650066                     
9.67                          934.3305                      0.8669523                     
9.68                          936.4276                      0.8680677                     
9.69                          938.0212                      0.8708268                     
9.7                           940.4538                      0.8719339                     
9.71                          942.2992                      0.8741228                     
9.72                          944.6479                      0.8757498                     
9.73                          946.2416                      0.8775697                     
9.74                          948.5903                      0.8796915                     
9.75                          950.6035                      0.8814107                     
9.76                          952.3649                      0.8830041                     
9.77                          954.2942                      0.8852685                     
9.78                          956.2234                      0.8869962                     
9.79                          958.656                       0.8883631                     
9.8                           960.5015                      0.8907365                     
9.81                          962.179                       0.8923467                     
9.82                          964.36                        0.8941079                     
9.83                          966.5409                      0.8960536                     
9.84                          968.3862                      0.8975716                     
9.85                          970.5672                      0.8996682                     
9.86                          972.2448                      0.9017732                     
9.87                          974.3419                      0.9031989                     
9.88                          976.0194                      0.9050692                     
9.89                          978.5359                      0.9067548                     
9.9                           980.4651                      0.9084992                     
9.91                          982.1428                      0.9107049                     
9.92                          984.7431                      0.912248                      
9.93                          986.2529                      0.9140847                     
9.94                          988.6855                      0.9161142                     
9.95                          989.776                       0.9175063                     
9.96                          992.4601                      0.920029                      
9.97                          994.1378                      0.9224635                     
9.98                          996.5704                      0.9237226                     
9.99                          998.4158                      0.9260732                     
10                            1000.345                      0.9275002                     
10.015                        998.4158                      0.896356                      
10.03                         995.1444                      0.8888847                     
10.045                        992.1246                      0.8850232                     
10.06                         989.4404                      0.8816653                     
10.075                        986.5046                      0.879063                      
10.09                         983.2332                      0.8759569                     
10.105                        980.2136                      0.8729349                     
10.12                         977.1938                      0.8705843                     
10.135                        974.3419                      0.8672265                     
10.15                         971.1543                      0.8652117                     
10.165                        968.3862                      0.8611823                     
10.18                         965.4504                      0.8595034                     
10.195                        962.6823                      0.8561455                     
10.21                         959.1593                      0.8542147                     
10.225                        956.4752                      0.8511087                     
10.24                         953.5393                      0.8485903                     
10.255                        950.4357                      0.8458201                     
10.27                         947.3321                      0.8432177                     
10.285                        944.3123                      0.8401956                     
10.3                          941.2927                      0.8373414                     
10.315                        938.6085                      0.8346551                     
10.33                         935.0854                      0.8324724                     
10.345                        932.3173                      0.8292825                     
10.36                         929.1299                      0.8266802                     
10.375                        926.4456                      0.823742                      
10.39                         923.3421                      0.8212236                     
10.405                        920.2385                      0.8187053                     
10.42                         917.3865                      0.8152635                     
10.435                        914.0313                      0.8131647                     
10.45                         911.347                       0.8098069                     
10.465                        907.9918                      0.8078761                     
10.48                         905.3076                      0.8045182                     
10.495                        902.3717                      0.8019158                     
10.51                         899.1004                      0.7992296                     
10.525                        895.9129                      0.7964594                     
10.54                         893.4803                      0.793857                      
10.555                        889.9573                      0.7913386                     
10.57                         887.5248                      0.7884005                     
10.585                        883.9179                      0.7856302                     
10.6                          881.4015                      0.7832797                     
10.615                        878.1301                      0.7806773                     
10.63                         875.2781                      0.7776552                     
10.645                        872.2584                      0.774969                      
10.66                         868.9871                      0.7725345                     
10.675                        866.3029                      0.7690088                     
10.69                         863.1154                      0.7664903                     
10.705                        860.0956                      0.7635522                     
10.72                         857.1598                      0.7612857                     
10.735                        854.224                       0.7581796                     
10.75                         851.4559                      0.7549896                     
10.765                        848.3523                      0.752807                      
10.78                         845.3326                      0.7503725                     
10.795                        841.9773                      0.7471825                     
10.81                         839.2092                      0.7446642                     
10.825                        836.1895                      0.74181                       
10.84                         833.0021                      0.7394595                     
10.855                        830.2339                      0.7363535                     
10.87                         827.382                       0.7330795                     
10.885                        824.2784                      0.7311487                     
10.9                          821.1747                      0.7284625                     
10.915                        818.2389                      0.7254403                     
10.93                         815.1354                      0.722838                      
10.945                        812.1995                      0.7198999                     
10.96                         809.2637                      0.7177172                     
10.975                        806.0762                      0.7146112                     
10.99                         803.2242                      0.7119249                     
11.005                        800.3723                      0.7089028                     
11.02                         797.2687                      0.7067202                     
11.035                        793.8295                      0.7035303                     
11.05                         791.397                       0.7008439                     
11.065                        788.3773                      0.6981577                     
11.08                         785.1058                      0.695975                      
11.095                        782.0862                      0.6924493                     
11.11                         779.0665                      0.6900988                     
11.125                        776.3822                      0.6874124                     
11.14                         772.7753                      0.6850619                     
11.155                        770.3428                      0.6814522                     
11.17                         767.0714                      0.6789338                     
11.185                        764.1356                      0.6767513                     
11.2                          760.9481                      0.6732255                     
11.215                        757.7606                      0.6711267                     
11.23                         755.2441                      0.6682726                     
11.245                        751.7212                      0.6657541                     
11.26                         749.2047                      0.662984                      
11.275                        745.6817                      0.6606334                     
11.29                         743.333                       0.6571077                     
11.305                        740.1456                      0.6544214                     
11.32                         737.1259                      0.6511474                     
11.335                        734.0223                      0.6490487                     
11.35                         731.1702                      0.6463625                     
11.365                        727.9828                      0.6436762                     
11.38                         725.2147                      0.6410738                     
11.395                        722.195                       0.6383036                     
11.41                         719.1752                      0.6356173                     
11.425                        716.4072                      0.6325952                     
11.44                         712.7164                      0.6300768                     
11.455                        710.1161                      0.6276423                     
11.47                         706.9286                      0.6242844                     
11.485                        704.0767                      0.62185                       
11.5                          700.973                       0.6192477                     
11.515                        698.205                       0.6167293                     
11.53                         694.8497                      0.6135393                     
11.545                        692.1656                      0.610769                      
11.56                         689.062                       0.6081666                     
11.575                        686.21                        0.6057322                     
11.59                         683.1902                      0.6027941                     
11.605                        680.4222                      0.5999399                     
11.62                         676.8991                      0.5972536                     
11.635                        674.131                       0.5946512                     
11.65                         671.1113                      0.5922168                     
11.665                        668.1755                      0.5892786                     
11.68                         664.6525                      0.5863405                     
11.695                        662.0522                      0.5836542                     
11.71                         658.8647                      0.5810518                     
11.725                        656.0128                      0.5787013                     
11.74                         652.7414                      0.5755114                     
11.755                        649.9733                      0.5727411                     
11.77                         647.2052                      0.5703067                     
11.785                        643.9338                      0.5673685                     
11.8                          641.0819                      0.5645143                     
11.815                        637.6428                      0.5619959                     
11.83                         634.8747                      0.5593096                     
11.845                        632.0228                      0.5567912                     
11.86                         629.0869                      0.5530976                     
11.875                        626.1511                      0.5504113                     
11.89                         623.2991                      0.5479769                     
11.905                        619.7761                      0.5453745                     
11.92                         616.6725                      0.5424363                     
11.935                        613.9044                      0.5404216                     
11.95                         611.1363                      0.5368119                     
11.965                        607.3616                      0.5342095                     
11.98                         605.013                       0.5317751                     
11.995                        601.9932                      0.5292567                     
12.01                         599.2252                      0.5268223                     
12.025                        596.0377                      0.5237162                     
12.04                         592.9341                      0.5217015                     
12.055                        590.3338                      0.5183436                     
12.07                         586.8947                      0.5153215                     
12.085                        584.546                       0.5125512                     
12.1                          580.9391                      0.5101168                     
12.115                        578.3388                      0.5065237                     
12.13                         574.648                       0.5038903                     
12.145                        572.4671                      0.501215                      
12.16                         568.8602                      0.4989003                     
12.175                        566.2599                      0.4953947                     
12.19                         562.8207                      0.4930717                     
12.205                        560.1365                      0.4903125                     
12.22                         556.8652                      0.4877797                     
12.235                        554.181                       0.4844838                     
12.25                         550.9935                      0.4823453                     
12.265                        547.7222                      0.4794184                     
12.28                         544.7863                      0.4767766                     
12.295                        541.8505                      0.4737239                     
12.31                         539.0824                      0.4714847                     
12.325                        535.811                       0.4685578                     
12.34                         533.1268                      0.4659328                     
12.355                        529.6877                      0.4631149                     
12.37                         526.9196                      0.4604396                     
12.385                        523.8999                      0.4572444                     
12.4                          520.9641                      0.4553825                     
12.415                        517.6088                      0.4519021                     
12.43                         514.8407                      0.4494113                     
12.445                        511.7371                      0.4465179                     
12.46                         509.1368                      0.4441026                     
12.475                        505.7815                      0.4407648                     
12.49                         503.2651                      0.4381733                     
12.505                        499.826                       0.4353974                     
12.52                         497.1418                      0.4331079                     
12.535                        493.6188                      0.429812                      
12.55                         491.0185                      0.4275308                     
12.565                        487.5793                      0.4247716                     
12.58                         484.8113                      0.4224989                     
12.595                        481.7915                      0.4188507                     
12.61                         479.1073                      0.4168212                     
12.625                        476.0037                      0.4137685                     
12.64                         472.8163                      0.4115041                     
12.655                        469.6288                      0.4081663                     
12.67                         466.609                       0.4060277                     
12.685                        464.2603                      0.4028995                     
12.7                          460.7374                      0.4003752                     
12.715                        457.9693                      0.3973393                     
12.73                         454.9496                      0.3951084                     
12.745                        451.8459                      0.3920389                     
12.76                         448.5746                      0.3896655                     
12.775                        445.9742                      0.3865877                     
12.79                         442.7029                      0.3841556                     
12.805                        439.6832                      0.3808345                     
12.82                         436.8312                      0.3787463                     
12.835                        433.8954                      0.3756349                     
12.85                         430.624                       0.3732782                     
12.865                        427.6043                      0.3703094                     
12.88                         425.0879                      0.3680115                     
12.895                        421.5648                      0.3649504                     
12.91                         419.0484                      0.3621577                     
12.925                        416.1125                      0.3590798                     
12.94                         412.8412                      0.3571509                     
12.955                        409.8215                      0.3536453                     
12.97                         406.8018                      0.3513893                     
12.985                        403.8659                      0.3484205                     
13                            400.8462                      0.3460807                     
13.015                        397.8264                      0.342399                      
13.03                         394.8906                      0.3405372                     
13.045                        391.8709                      0.3373838                     
13.06                         388.6834                      0.3351949                     
13.075                        385.8315                      0.3318655                     
13.09                         382.8117                      0.3297521                     
13.105                        379.3726                      0.326951                      
13.12                         376.94                        0.3240911                     
13.135                        373.7526                      0.3210133                     
13.15                         370.7328                      0.3188663                     
13.165                        367.6292                      0.3156375                     
13.18                         365.1128                      0.3133228                     
13.195                        361.9253                      0.3098592                     
13.21                         358.6539                      0.3077709                     
13.225                        355.131                       0.3040892                     
13.24                         352.5306                      0.3021184                     
13.255                        349.8464                      0.298898                      
13.27                         346.5751                      0.2968349                     
13.285                        343.9747                      0.2937318                     
13.3                          340.7873                      0.291392                      
13.315                        337.5998                      0.2885154                     
13.33                         334.9995                      0.2857395                     
13.345                        331.6442                      0.2827539                     
13.36                         328.6245                      0.2805566                     
13.375                        325.8564                      0.2776632                     
13.39                         323.0883                      0.2751389                     
13.405                        319.9847                      0.2720023                     
13.42                         316.7972                      0.2697296                     
13.435                        313.6098                      0.2666685                     
13.45                         310.8417                      0.2640686                     
13.465                        307.5703                      0.2611333                     
13.48                         304.8022                      0.2589277                     
13.495                        301.6147                      0.2557911                     
13.51                         298.6789                      0.253208                      
13.525                        295.8269                      0.250256                      
13.54                         292.7234                      0.2480923                     
13.555                        289.452                       0.2444777                     
13.57                         286.6                         0.2422888                     
13.585                        283.6642                      0.2394877                     
13.6                          280.5606                      0.2370052                     
13.615                        277.6247                      0.2338603                     
13.63                         275.0244                      0.2314953                     
13.645                        271.4175                      0.2285432                     
13.66                         268.7333                      0.2258931                     
13.675                        265.6297                      0.2230249                     
13.69                         262.61                        0.2204921                     
13.705                        259.6742                      0.2174982                     
13.72                         256.9061                      0.2154099                     
13.735                        253.8025                      0.2120804                     
13.75                         250.615                       0.2099083                     
13.765                        248.2663                      0.2064782                     
13.78                         244.7433                      0.2044738                     
13.795                        241.7236                      0.2011276                     
13.81                         238.2845                      0.1986871                     
13.825                        235.2647                      0.1954583                     
13.84                         232.4128                      0.1934036                     
13.855                        229.5608                      0.190158                      
13.87                         226.7088                      0.1874911                     
13.885                        223.4375                      0.1842958                     
13.9                          220.5016                      0.1825766                     
13.915                        217.5658                      0.1793058                     
13.93                         214.8816                      0.1770415                     
13.945                        211.3586                      0.1735023                     
13.96                         208.3389                      0.1717076                     
13.975                        205.5708                      0.1679001                     
13.99                         202.5511                      0.1664157                     
14.005                        199.6152                      0.162625                      
14.02                         196.5955                      0.1607967                     
14.035                        193.408                       0.1573918                     
14.05                         190.6399                      0.1555048                     
14.065                        187.4525                      0.1517896                     
14.08                         184.4327                      0.1497516                     
14.095                        181.5808                      0.1465228                     
14.11                         178.5611                      0.1444262                     
14.125                        175.4575                      0.1408032                     
14.14                         172.7733                      0.1390001                     
14.155                        169.418                       0.1356119                     
14.17                         166.5661                      0.1338256                     
14.185                        163.4624                      0.1299174                     
14.2                          160.3588                      0.1279969                     
14.215                        157.423                       0.1247765                     
14.23                         154.4872                      0.1227889                     
14.245                        151.5513                      0.119233                      
14.26                         148.8671                      0.1171363                     
14.275                        145.9313                      0.1140333                     
14.29                         142.6599                      0.1118193                     
14.305                        139.6402                      0.1084227                     
14.32                         136.4527                      0.1061835                     
14.335                        133.6846                      0.1029715                     
14.35                         130.4971                      0.1010006                     
14.365                        127.6452                      0.09752021                    
14.38                         124.5416                      0.095281                      
14.395                        121.3541                      0.091918                      
14.41                         118.4183                      0.08966202                    
14.425                        115.1469                      0.08609774                    
14.44                         112.211                       0.08418561                    
14.455                        109.5268                      0.08095678                    
14.47                         106.5071                      0.07897756                    
14.485                        103.3196                      0.07543843                    
14.5                          100.2999                      0.07400434                    
14.515                        97.6996                       0.0699117                     
14.53                         94.42823                      0.06807505                    
14.545                        91.15688                      0.06469527                    
14.56                         88.38879                      0.06284184                    
14.575                        85.28519                      0.05905113                    
14.59                         82.60099                      0.0573235                     
14.605                        79.58126                      0.05370051                    
14.62                         76.39378                      0.05199804                    
14.635                        72.95465                      0.04786347                    
14.65                         70.85763                      0.04643776                    
14.665                        67.33462                      0.04287348                    
14.68                         64.56654                      0.04087748                    
14.695                        61.12741                      0.03696096                    
14.71                         58.52709                      0.03568621                    
14.725                        54.9202                       0.03213031                    
14.74                         52.06824                      0.02966103                    
14.755                        49.21628                      0.02630616                    
14.77                         46.78373                      0.02474067                    
14.785                        43.51236                      0.02113592                    
14.8                          41.07981                      0.01912769                    
14.815                        37.47291                      0.01561686                    
14.83                         34.36931                      0.01341494                    
14.845                        31.26571                      0.009893203                   
14.86                         28.1621                       0.007786033                   
14.875                        25.39402                      0.004690261                   
14.89                         22.54206                      0.002550388                   
14.905                        19.52234                      -0.0009277441                 
14.92                         16.50262                      -0.002994667                  
14.935                        13.39901                      -0.005968017                  
14.95                         10.54706                      -0.008179163                  
14.965                        7.107927                      -0.01196503                   
14.98                         4.423728                      -0.0138131                    
14.995                        1.152363                      -0.01703297                   
15.01                         -1.447954                     -0.01931874                   
15.025                        -4.551558                     -0.02259815                   
15.04                         -7.57128                      -0.0245611                    
15.055                        -10.591                       -0.02806522                   
15.07                         -13.69461                     -0.03067298                   
15.085                        -16.79821                     -0.03367903                   
15.1                          -19.48241                     -0.03555142                   
15.115                        -23.17318                     -0.03904297                   
15.13                         -25.7735                      -0.04105539                   
15.145                        -28.96098                     -0.04443206                   
15.16                         -31.47742                     -0.04631451                   
15.175                        -34.91655                     -0.04992094                   
15.19                         -37.76851                     -0.05189311                   
15.205                        -40.70435                     -0.05533015                   
15.22                         -43.5563                      -0.05714636                   
15.235                        -47.24708                     -0.0607922                    
15.25                         -49.8474                      -0.06305449                   
15.265                        -52.69936                     -0.06663911                   
15.28                         -55.6352                      -0.06838153                   
15.295                        -58.82268                     -0.07213805                   
15.31                         -61.50688                     -0.073805                     
15.325                        -64.94601                     -0.07746173                   
15.34                         -67.71408                     -0.0790658                    
15.355                        -70.64993                     -0.08267725                   
15.37                         -73.66965                     -0.08457396                   
15.385                        -76.85713                     -0.08824495                   
15.4                          -79.62521                     -0.08981464                   
15.415                        -83.14822                     -0.09370783                   
15.43                         -85.49689                     -0.09551565                   
15.445                        -88.76826                     -0.0992839                    
15.46                         -91.78799                     -0.1008846                    
15.475                        -94.89159                     -0.1045573                    
15.49                         -97.82743                     -0.1061303                    
15.505                        -100.6794                     -0.1099965                    
15.52                         -103.9508                     -0.1121015                    
15.535                        -106.8866                     -0.115389                     
15.55                         -109.6547                     -0.1172005                    
15.565                        -113.0938                     -0.1209242                    
15.58                         -115.5264                     -0.1226769                    
15.595                        -118.7977                     -0.1262077                    
15.61                         -121.9852                     -0.1282708                    
15.625                        -124.7533                     -0.1313235                    
15.64                         -127.8569                     -0.1340323                    
15.655                        -130.8766                     -0.1373115                    
15.67                         -133.8963                     -0.1392655                    
15.685                        -136.7483                     -0.1428214                    
15.7                          -139.6003                     -0.1449181                    
15.715                        -142.9555                     -0.1480882                    
15.73                         -145.6397                     -0.1499081                    
15.745                        -149.0788                     -0.153422                     
15.76                         -151.5114                     -0.155678                     
15.775                        -154.8666                     -0.1589152                    
15.79                         -157.6347                     -0.1609699                    
15.805                        -160.99                       -0.1643916                    
15.82                         -163.8419                     -0.166656                     
15.835                        -166.9455                     -0.1697674                    
15.85                         -169.7975                     -0.1717382                    
15.865                        -172.9011                     -0.1755038                    
15.88                         -175.5853                     -0.1777598                    
15.895                        -179.1083                     -0.1807202                    
15.91                         -181.7925                     -0.1827665                    
15.925                        -185.0638                     -0.1863392                    
15.94                         -188.0836                     -0.1885533                    
15.955                        -190.8517                     -0.1915053                    
15.97                         -193.9553                     -0.1939123                    
15.985                        -196.975                      -0.1972501                    
16                            -200.3302                     -0.1992881                    
16.015                        -202.6789                     -0.2024078                    
16.03                         -205.6148                     -0.204647                     
16.045                        -208.8022                     -0.2077417                    
16.06                         -211.6542                     -0.2099473                    
16.075                        -214.7578                     -0.213302                     
16.09                         -217.9453                     -0.2155328                    
16.105                        -221.2167                     -0.2191306                    
16.12                         -224.1525                     -0.2215124                    
16.135                        -226.8367                     -0.2246909                    
16.15                         -229.9403                     -0.2265275                    
16.165                        -232.5406                     -0.2302344                    
16.18                         -235.9797                     -0.2319453                    
16.195                        -239.0833                     -0.2356102                    
16.21                         -241.6836                     -0.2374049                    
16.225                        -245.1228                     -0.2407847                    
16.24                         -247.7231                     -0.2428226                    
16.255                        -251.0783                     -0.2463366                    
16.27                         -253.8464                     -0.2480726                    
16.285                        -257.2017                     -0.2515866                    
16.3                          -259.8859                     -0.253549                     
16.315                        -262.8217                     -0.2574739                    
16.33                         -266.0092                     -0.2591261                    
16.345                        -268.5256                     -0.2626568                    
16.36                         -271.797                      -0.2645689                    
16.375                        -275.0684                     -0.2682338                    
16.39                         -277.8365                     -0.2699614                    
16.405                        -280.6884                     -0.2734251                    
16.42                         -284.1275                     -0.2755218                    
16.435                        -287.4828                     -0.2792622                    
16.45                         -289.6637                     -0.2810401                    
16.465                        -293.2706                     -0.2844869                    
16.48                         -295.787                      -0.2864075                    
16.495                        -299.1423                     -0.2897957                    
16.51                         -301.9942                     -0.2916742                    
16.525                        -305.0139                     -0.2953811                    
16.54                         -308.0337                     -0.2972681                    
16.555                        -311.2212                     -0.3008491                    
16.57                         -314.157                      -0.3028116                    
16.585                        -317.2606                     -0.3062417                    
16.6                          -320.0287                     -0.3082964                    
16.615                        -323.4678                     -0.31202                      
16.63                         -326.0681                     -0.3138818                    
16.645                        -329.1717                     -0.3175384                    
16.66                         -332.1914                     -0.3192743                    
16.675                        -335.1273                     -0.3228889                    
16.69                         -337.7276                     -0.3246501                    
16.705                        -341.3345                     -0.3281389                    
16.72                         -343.9348                     -0.3300511                    
16.735                        -346.9545                     -0.3335734                    
16.75                         -350.3098                     -0.3358713                    
16.765                        -352.994                      -0.3391505                    
16.78                         -356.4331                     -0.3410123                    
16.795                        -358.9496                     -0.3445766                    
16.81                         -362.2209                     -0.3464048                    
16.825                        -365.1567                     -0.3500446                    
16.84                         -367.9248                     -0.3518142                    
16.855                        -371.1123                     -0.3553197                    
16.87                         -374.0482                     -0.3575673                    
16.885                        -377.2357                     -0.3609807                    
16.9                          -380.1715                     -0.3629096                    
16.915                        -383.2751                     -0.3665493                    
16.93                         -386.127                      -0.3684112                    
16.945                        -389.2307                     -0.3715645                    
16.96                         -392.0826                     -0.3736108                    
16.975                        -395.1862                     -0.3771415                    
16.99                         -398.4576                     -0.3792969                    
17.005                        -401.3095                     -0.3825425                    
17.02                         -403.6582                     -0.3845385                    
17.035                        -407.0974                     -0.3877925                    
17.05                         -410.1171                     -0.3904426                    
17.065                        -412.969                      -0.3938895                    
17.08                         -416.2404                     -0.3961706                    
17.095                        -419.344                      -0.3990472                    
17.11                         -422.1121                     -0.4014625                    
17.125                        -425.1318                     -0.4046746                    
17.14                         -428.6548                     -0.4065867                    
17.155                        -431.0874                     -0.4098155                    
17.17                         -433.9393                     -0.4122812                    
17.185                        -437.2107                     -0.4152668                    
17.2                          -440.1465                     -0.4176485                    
17.215                        -443.5857                     -0.4208522                    
17.23                         -446.0182                     -0.4231836                    
17.245                        -449.3735                     -0.4263622                    
17.26                         -451.9738                     -0.4284169                    
17.275                        -455.4129                     -0.4318218                    
17.29                         -458.4326                     -0.4336501                    
17.305                        -461.4524                     -0.4375918                    
17.32                         -464.556                      -0.4393194                    
17.335                        -467.324                      -0.4425901                    
17.35                         -470.176                      -0.4446197                    
17.365                        -473.3635                     -0.4482762                    
17.38                         -476.0477                     -0.4502554                    
17.395                        -479.5707                     -0.4534088                    
17.41                         -482.4226                     -0.4554048                    
17.425                        -485.694                      -0.459489                     
17.44                         -487.9588                     -0.4612921                    
17.455                        -491.2302                     -0.4644455                    
17.47                         -494.7532                     -0.4662905                    
17.485                        -497.1857                     -0.4702154                    
17.5                          -499.9538                     -0.4718676                    
17.515                        -503.2252                     -0.4751719                    
17.53                         -506.3288                     -0.477604                     
17.545                        -509.2646                     -0.4809418                    
17.56                         -511.781                      -0.4831223                    
17.575                        -515.3041                     -0.4861498                    
17.59                         -517.9883                     -0.4886155                    
17.605                        -521.4274                     -0.4918779                    
17.62                         -524.3632                     -0.4943184                    
17.635                        -527.2991                     -0.4978239                    
17.65                         -530.4027                     -0.4996103                    
17.665                        -533.5063                     -0.5027888                    
17.68                         -536.1066                     -0.5052376                    
17.695                        -539.6296                     -0.5081645                    
17.71                         -542.2299                     -0.5102528                    
17.725                        -545.4174                     -0.5133726                    
17.74                         -548.3533                     -0.5161485                    
17.755                        -551.2891                     -0.5191761                    
17.77                         -554.3927                     -0.5212727                    
17.785                        -557.6641                     -0.5244176                    
17.8                          -560.5161                     -0.526791                     
17.815                        -563.6196                     -0.529978                     
17.83                         -566.3038                     -0.532192                     
17.845                        -569.5752                     -0.5353705                    
17.86                         -572.4271                     -0.5379367                    
17.875                        -575.6146                     -0.5410146                    
17.89                         -578.6343                     -0.5432454                    
17.905                        -581.4863                     -0.5463569                    
17.92                         -584.506                      -0.548638                     
17.935                        -587.2741                     -0.552001                     
17.95                         -590.1261                     -0.5540054                    
17.965                        -593.3135                     -0.557402                     
17.98                         -596.9205                     -0.5597335                    
17.995                        -599.353                      -0.5626268                    
18.01                         -602.2889                     -0.5651343                    
18.025                        -605.5602                     -0.5680445                    
18.04                         -608.3283                     -0.570703                     
18.055                        -611.348                      -0.5732442                    
18.07                         -614.1161                     -0.5758775                    
18.085                        -617.723                      -0.5791399                    
18.1                          -620.4072                     -0.5814462                    
18.115                        -623.1753                     -0.5842557                    
18.13                         -626.3627                     -0.5870233                    
18.145                        -629.4664                     -0.5898831                    
18.16                         -632.6538                     -0.5924997                    
18.175                        -635.2542                     -0.5954098                    
18.19                         -638.6933                     -0.5984373                    
18.205                        -641.4614                     -0.6012468                    
18.22                         -644.565                      -0.6036538                    
18.235                        -647.6686                     -0.6064381                    
18.25                         -650.5205                     -0.6088282                    
18.265                        -653.4564                     -0.6119061                    
18.28                         -656.56                       -0.6141285                    
18.295                        -659.6636                     -0.6171981                    
18.31                         -662.3478                     -0.6198146                    
18.325                        -665.5353                     -0.6228422                    
18.34                         -668.555                      -0.6252742                    
18.355                        -671.5747                     -0.6279999                    
18.37                         -674.5944                     -0.6304907                    
18.385                        -677.6142                     -0.6338286                    
18.4                          -680.3822                     -0.6359671                    
18.415                        -683.6536                     -0.6393553                    
18.43                         -686.4216                     -0.6415945                    
18.445                        -689.5253                     -0.6446639                    
18.46                         -692.6289                     -0.6471716                    
18.475                        -695.5647                     -0.6499391                    
18.49                         -698.6683                     -0.6524551                    
18.505                        -701.3525                     -0.6555414                    
18.52                         -704.3723                     -0.658007                     
18.535                        -707.2242                     -0.661001                     
18.55                         -710.4955                     -0.6635925                    
18.565                        -713.5992                     -0.6666116                    
18.58                         -716.2833                     -0.668985                     
18.595                        -719.7225                     -0.6716435                    
18.61                         -722.3228                     -0.6740672                    
18.625                        -725.8459                     -0.6769941                    
18.64                         -728.4462                     -0.6801055                    
18.655                        -731.5498                     -0.6827137                    
18.67                         -734.5695                     -0.6856238                    
18.685                        -737.6731                     -0.6880979                    
18.7                          -740.6928                     -0.6912512                    
18.715                        -743.7964                     -0.6935827                    
18.73                         -746.4807                     -0.6961825                    
18.745                        -749.752                      -0.6992353                    
18.76                         -753.0233                     -0.702028                     
18.775                        -755.5398                     -0.7044097                    
18.79                         -758.7272                     -0.7071773                    
18.805                        -761.3276                     -0.7099364                    
18.82                         -764.5989                     -0.7128466                    
18.835                        -767.7864                     -0.7151026                    
18.85                         -770.8062                     -0.7183314                    
18.865                        -773.4903                     -0.7209396                    
18.88                         -776.6779                     -0.7237574                    
18.895                        -780.117                      -0.7263657                    
18.91                         -782.8011                     -0.7287474                    
18.925                        -785.4853                     -0.7319176                    
18.94                         -788.5889                     -0.7343833                    
18.955                        -791.6087                     -0.7373521                    
18.97                         -794.7123                     -0.7399603                    
18.985                        -797.8998                     -0.7427447                    
19                            -800.584                      -0.7454535                    
19.015                        -803.2682                     -0.7483888                    
19.03                         -806.1202                     -0.7507873                    
19.045                        -809.4754                     -0.7534459                    
19.06                         -812.3273                     -0.7561631                    
19.075                        -815.5987                     -0.7593919                    
19.09                         -818.5345                     -0.7616311                    
19.105                        -821.5542                     -0.764189                     
19.12                         -824.0707                     -0.7670656                    
19.135                        -827.6776                     -0.7699171                    
19.15                         -830.6135                     -0.7726343                    
19.165                        -833.6331                     -0.7751335                    
19.18                         -836.6529                     -0.7782198                    
19.195                        -839.5048                     -0.781046                     
19.21                         -842.5245                     -0.7838471                    
19.225                        -845.6281                     -0.7865475                    
19.24                         -848.9834                     -0.7891893                    
19.255                        -851.6676                     -0.7918562                    
19.27                         -854.6035                     -0.7945903                    
19.285                        -857.4554                     -0.7971565                    
19.3                          -860.3074                     -0.8003098                    
19.315                        -863.5787                     -0.8028846                    
19.33                         -866.934                      -0.8056521                    
19.345                        -869.8698                     -0.8081094                    
19.36                         -872.3024                     -0.8108602                    
19.375                        -875.8254                     -0.8134348                    
19.39                         -878.7612                     -0.8163365                    
19.405                        -881.697                      -0.8192467                    
19.42                         -885.0523                     -0.8218214                    
19.435                        -887.5687                     -0.8243206                    
19.45                         -890.7563                     -0.8274236                    
19.465                        -893.7759                     -0.8299899                    
19.48                         -896.5441                     -0.8326903                    
19.495                        -899.9832                     -0.8353238                    
19.51                         -902.919                      -0.8387622                    
19.525                        -905.6871                     -0.8409175                    
19.54                         -909.2101                     -0.8435677                    
19.555                        -911.8943                     -0.8464611                    
19.57                         -914.914                      -0.8491615                    
19.585                        -917.5982                     -0.8519626                    
19.6                          -920.5341                     -0.8543696                    
19.615                        -924.3087                     -0.8573468                    
19.63                         -926.7413                     -0.8599215                    
19.645                        -929.6771                     -0.8627226                    
19.66                         -932.6968                     -0.8652804                    
19.675                        -935.6326                     -0.8680816                    
19.69                         -938.9879                     -0.870673                     
19.705                        -941.6721                     -0.8736586                    
19.72                         -944.608                      -0.8764597                    
19.735                        -947.5438                     -0.8794118                    
19.75                         -950.8152                     -0.8818858                    
19.765                        -953.9188                     -0.8849302                    
19.78                         -956.8546                     -0.887379                     
19.795                        -959.9583                     -0.8901381                    
19.81                         -963.1457                     -0.8927296                    
19.825                        -965.746                      -0.8955727                    
19.84                         -969.0174                     -0.8982983                    
19.855                        -971.8693                     -0.9009233                    
19.87                         -974.8891                     -0.9036657                    
19.885                        -978.1605                     -0.9065591                    
19.9                          -980.593                      -0.9091002                    
19.915                        -983.9482                     -0.9116496                    
19.93                         -986.9679                     -0.9144843                    
19.945                        -989.5682                     -0.9171009                    
19.96                         -992.9235                     -0.9203801                    
19.975                        -995.7755                     -0.9226444                    
19.99                         -998.7952                     -0.9247018                    
20.005                        -1002.234                     -0.9273041                    
20.02                         -1004.331                     -0.9310817                    
20.035                        -1007.603                     -0.9330125                    
20.05                         -1011.042                     -0.9358667                    
20.065                        -1014.062                     -0.9388888                    
20.08                         -1017.249                     -0.941743                     
20.095                        -1019.933                     -0.9438416                    
20.11                         -1022.701                     -0.9471155                    
20.125                        -1025.889                     -0.9494661                    
20.14                         -1028.992                     -0.9519005                    
20.155                        -1031.677                     -0.9545029                    
20.17                         -1035.283                     -0.9580287                    
20.185                        -1037.968                     -0.9607149                    
20.2                          -1041.071                     -0.9630654                    
20.215                        -1043.755                     -0.9658357                    
20.23                         -1046.691                     -0.9689417                    
20.245                        -1050.047                     -0.9712083                    
20.26                         -1052.815                     -0.9740624                    
20.275                        -1055.834                     -0.9775043                    
20.29                         -1059.106                     -0.9799387                    
20.305                        -1061.958                     -0.9822053                    
20.32                         -1065.229                     -0.9853953                    
20.335                        -1067.745                     -0.9877458                    
20.35                         -1071.101                     -0.9903481                    
20.365                        -1073.953                     -0.9932023                    
20.38                         -1076.721                     -0.9957207                    
20.395                        -1080.16                      -0.9988268                    
20.41                         -1083.012                     -1.001513                     
20.425                        -1085.528                     -1.004283                     
20.44                         -1088.716                     -1.007054                     
20.455                        -1092.155                     -1.00932                      
20.47                         -1095.259                     -1.012594                     
20.485                        -1098.194                     -1.014777                     
20.5                          -1101.046                     -1.017967                     
20.515                        -1104.066                     -1.020569                     
20.53                         -1106.834                     -1.023255                     
20.545                        -1110.105                     -1.025606                     
20.56                         -1113.209                     -1.028964                     
20.575                        -1116.061                     -1.030978                     
20.59                         -1119.081                     -1.03442                      
20.605                        -1121.429                     -1.036939                     
20.62                         -1125.036                     -1.039961                     
20.635                        -1127.888                     -1.042395                     
20.65                         -1130.824                     -1.045081                     
20.665                        -1133.928                     -1.047516                     
20.68                         -1137.115                     -1.05037                      
20.695                        -1139.883                     -1.053308                     
20.71                         -1142.819                     -1.055575                     
20.725                        -1146.258                     -1.058933                     
20.74                         -1149.11                      -1.061535                     
20.755                        -1151.962                     -1.064053                     
20.77                         -1155.234                     -1.06674                      
20.785                        -1158.086                     -1.06993                      
20.8                          -1161.021                     -1.072112                     
20.815                        -1163.873                     -1.074547                     
20.83                         -1166.977                     -1.077569                     
20.845                        -1169.913                     -1.081011                     
20.86                         -1173.268                     -1.083193                     
20.875                        -1175.785                     -1.085796                     
20.89                         -1179.224                     -1.089321                     
20.905                        -1182.411                     -1.091756                     
20.92                         -1185.431                     -1.094526                     
20.935                        -1187.947                     -1.096625                     
20.95                         -1190.883                     -1.099983                     
20.965                        -1194.238                     -1.102417                     
20.98                         -1196.503                     -1.105439                     
20.995                        -1200.278                     -1.107622                     
21.01                         -1203.13                      -1.110812                     
21.025                        -1205.73                      -1.11333                      
21.04                         -1209.169                     -1.115933                     
21.055                        -1212.189                     -1.118955                     
21.07                         -1214.873                     -1.121725                     
21.085                        -1218.312                     -1.123824                     
21.1                          -1221.248                     -1.127097                     
21.115                        -1224.184                     -1.129532                     
21.13                         -1227.12                      -1.13247                      
21.145                        -1229.888                     -1.134988                     
21.16                         -1232.824                     -1.137255                     
21.175                        -1236.263                     -1.140949                     
21.19                         -1239.031                     -1.143047                     
21.205                        -1241.967                     -1.14565                      
21.22                         -1244.986                     -1.148672                     
21.235                        -1247.755                     -1.151694                     
21.25                         -1250.858                     -1.154212                     
21.265                        -1254.213                     -1.156647                     
21.28                         -1257.401                     -1.159837                     
21.295                        -1260.421                     -1.162523                     
21.31                         -1263.356                     -1.164874                     
21.325                        -1266.125                     -1.167812                     
21.34                         -1269.228                     -1.170582                     
21.355                        -1271.745                     -1.173268                     
21.37                         -1275.267                     -1.176038                     
21.385                        -1278.287                     -1.178809                     
21.4                          -1281.391                     -1.181579                     
21.415                        -1284.159                     -1.184097                     
21.43                         -1286.927                     -1.187035                     
21.445                        -1290.198                     -1.189218                     
21.46                         -1293.134                     -1.192408                     
21.475                        -1296.49                      -1.194423                     
21.49                         -1299.006                     -1.197781                     
21.505                        -1302.193                     -1.200551                     
21.52                         -1305.465                     -1.203321                     
21.535                        -1308.233                     -1.205672                     
21.55                         -1311.336                     -1.20903                      
21.565                        -1314.188                     -1.211548                     
21.58                         -1317.208                     -1.214738                     
21.595                        -1320.479                     -1.21692                      
21.61                         -1323.499                     -1.220446                     
21.625                        -1325.764                     -1.222965                     
21.64                         -1329.455                     -1.225063                     
21.655                        -1332.391                     -1.227582                     
21.67                         -1335.243                     -1.230856                     
21.685                        -1338.598                     -1.23329                      
21.7                          -1341.282                     -1.235641                     
21.715                        -1344.218                     -1.238663                     
21.73                         -1347.322                     -1.241349                     
21.745                        -1349.922                     -1.244035                     
21.76                         -1353.361                     -1.247225                     
21.775                        -1356.8                       -1.24966                      
21.79                         -1358.981                     -1.252178                     
21.805                        -1362.42                      -1.255368                     
21.82                         -1365.44                      -1.257719                     
21.835                        -1368.124                     -1.260993                     
21.85                         -1371.396                     -1.263343                     
21.865                        -1374.247                     -1.266197                     
21.88                         -1377.351                     -1.268884                     
21.895                        -1380.371                     -1.271654                     
21.91                         -1383.642                     -1.274088                     
21.925                        -1386.494                     -1.276439                     
21.94                         -1389.094                     -1.279461                     
21.955                        -1392.282                     -1.282567                     
21.97                         -1395.05                      -1.285001                     
21.985                        -1398.154                     -1.287772                     
22                            -1401.509                     -1.290794                     
22.015                        -1404.528                     -1.29306                      
22.03                         -1407.464                     -1.296166                     
22.045                        -1409.729                     -1.298433                     
22.06                         -1413.42                      -1.301119                     
22.075                        -1416.524                     -1.304141                     
22.09                         -1419.208                     -1.307079                     
22.105                        -1422.06                      -1.309346                     
22.12                         -1425.583                     -1.312704                     
22.135                        -1428.854                     -1.315306                     
22.15                         -1431.37                      -1.317992                     
22.165                        -1434.306                     -1.320595                     
22.18                         -1437.242                     -1.323281                     
22.195                        -1440.43                      -1.326387                     
22.21                         -1443.533                     -1.328906                     
22.225                        -1446.217                     -1.331424                     
22.24                         -1449.321                     -1.334026                     
22.255                        -1451.921                     -1.336964                     
22.27                         -1455.444                     -1.339399                     
22.285                        -1458.212                     -1.342505                     
22.3                          -1461.232                     -1.345023                     
22.315                        -1464.252                     -1.347878                     
22.33                         -1467.104                     -1.350564                     
22.345                        -1470.124                     -1.352998                     
22.36                         -1473.479                     -1.355769                     
22.375                        -1476.247                     -1.358875                     
22.39                         -1479.686                     -1.361981                     
22.405                        -1482.286                     -1.364079                     
22.42                         -1485.558                     -1.366933                     
22.435                        -1488.578                     -1.370291                     
22.45                         -1491.262                     -1.37239                      
22.465                        -1494.198                     -1.375244                     
22.48                         -1497.553                     -1.378182                     
22.495                        -1500.656                     -1.38112                      
22.51                         -1503.508                     -1.383387                     
22.525                        -1506.276                     -1.385989                     
22.54                         -1509.799                     -1.389012                     
22.555                        -1512.4                       -1.39153                      
22.57                         -1515.168                     -1.394552                     
22.585                        -1518.439                     -1.396483                     
22.6                          -1521.291                     -1.399589                     
22.615                        -1524.73                      -1.402359                     
22.63                         -1527.75                      -1.405045                     
22.645                        -1530.518                     -1.407648                     
22.66                         -1533.622                     -1.410502                     
22.675                        -1536.893                     -1.412852                     
22.69                         -1539.829                     -1.415958                     
22.705                        -1542.597                     -1.419064                     
22.72                         -1545.533                     -1.421331                     
22.735                        -1548.301                     -1.424185                     
22.75                         -1550.901                     -1.427123                     
22.765                        -1554.676                     -1.430145                     
22.78                         -1557.779                     -1.432916                     
22.795                        -1560.212                     -1.435182                     
22.81                         -1563.483                     -1.438036                     
22.825                        -1566.503                     -1.440555                     
22.84                         -1569.439                     -1.443409                     
22.855                        -1572.291                     -1.445424                     
22.87                         -1575.646                     -1.449369                     
22.885                        -1578.33                      -1.45172                      
22.9                          -1582.021                     -1.454406                     
22.915                        -1584.873                     -1.456673                     
22.93                         -1587.389                     -1.459863                     
22.945                        -1590.409                     -1.462549                     
22.96                         -1593.597                     -1.465151                     
22.975                        -1596.365                     -1.46767                      
22.99                         -1599.468                     -1.470608                     
23.005                        -1602.572                     -1.473294                     
23.02                         -1605.256                     -1.47598                      
23.035                        -1608.192                     -1.478583                     
23.05                         -1611.38                      -1.481017                     
23.065                        -1614.818                     -1.484291                     
23.08                         -1617.922                     -1.486558                     
23.095                        -1620.522                     -1.489496                     
23.11                         -1623.878                     -1.492014                     
23.125                        -1626.73                      -1.495708                     
23.14                         -1629.33                      -1.498226                     
23.155                        -1632.35                      -1.500745                     
23.17                         -1635.537                     -1.503095                     
23.185                        -1638.305                     -1.506033                     
23.2                          -1641.577                     -1.508636                     
23.215                        -1644.596                     -1.51149                      
23.23                         -1647.868                     -1.514344                     
23.245                        -1650.804                     -1.516946                     
23.26                         -1653.907                     -1.519633                     
23.275                        -1656.508                     -1.522571                     
23.29                         -1659.443                     -1.525089                     
23.305                        -1662.966                     -1.527691                     
23.32                         -1665.567                     -1.53021                      
23.335                        -1668.67                      -1.533484                     
23.35                         -1671.858                     -1.535834                     
23.365                        -1674.626                     -1.538605                     
23.38                         -1677.646                     -1.541627                     
23.395                        -1680.498                     -1.544313                     
23.41                         -1683.853                     -1.547251                     
23.425                        -1686.705                     -1.549686                     
23.44                         -1689.808                     -1.552456                     
23.455                        -1692.66                      -1.555058                     
23.47                         -1695.764                     -1.55766                      
23.485                        -1698.7                       -1.560095                     
23.5                          -1701.384                     -1.563285                     
23.515                        -1704.571                     -1.566391                     
23.53                         -1707.927                     -1.568406                     
23.545                        -1710.779                     -1.570924                     
23.56                         -1713.631                     -1.57487                      
23.575                        -1716.483                     -1.577304                     
23.59                         -1719.502                     -1.579403                     
23.605                        -1722.354                     -1.582341                     
23.62                         -1725.542                     -1.585111                     
23.635                        -1728.478                     -1.58763                      
23.65                         -1731.665                     -1.590652                     
23.665                        -1735.02                      -1.593254                     
23.68                         -1737.956                     -1.59636                      
23.695                        -1740.976                     -1.598627                     
23.71                         -1743.408                     -1.601565                     
23.725                        -1746.512                     -1.604167                     
23.74                         -1749.699                     -1.607021                     
23.755                        -1752.719                     -1.609288                     
23.77                         -1755.236                     -1.612478                     
23.785                        -1758.759                     -1.615164                     
23.8                          -1761.695                     -1.617934                     
23.815                        -1764.882                     -1.620621                     
23.83                         -1767.231                     -1.623475                     
23.845                        -1770.586                     -1.625657                     
23.86                         -1773.522                     -1.628847                     
23.875                        -1776.625                     -1.63103                      
23.89                         -1779.477                     -1.633968                     
23.905                        -1782.665                     -1.637326                     
23.92                         -1785.685                     -1.640096                     
23.935                        -1788.956                     -1.642699                     
23.95                         -1791.556                     -1.645721                     
23.965                        -1794.66                      -1.648239                     
23.98                         -1798.015                     -1.65017                      
23.995                        -1800.867                     -1.652856                     
24.01                         -1803.719                     -1.656466                     
24.025                        -1806.823                     -1.658984                     
24.04                         -1810.178                     -1.661503                     
24.055                        -1812.61                      -1.664273                     
24.07                         -1815.966                     -1.667127                     
24.085                        -1818.901                     -1.669562                     
24.1                          -1821.418                     -1.672416                     
24.115                        -1824.521                     -1.67527                      
24.13                         -1827.877                     -1.677956                     
24.145                        -1830.645                     -1.679971                     
24.16                         -1833.916                     -1.683497                     
24.175                        -1836.768                     -1.685847                     
24.19                         -1839.956                     -1.688869                     
24.205                        -1842.724                     -1.691304                     
24.22                         -1845.911                     -1.694494                     
24.235                        -1849.015                     -1.697096                     
24.25                         -1851.951                     -1.699867                     
24.265                        -1854.97                      -1.702301                     
24.28                         -1858.074                     -1.704903                     
24.295                        -1860.842                     -1.708009                     
24.31                         -1863.946                     -1.710528                     
24.325                        -1866.881                     -1.712626                     
24.34                         -1869.817                     -1.71632                      
24.355                        -1872.753                     -1.718419                     
24.37                         -1875.857                     -1.720937                     
24.385                        -1878.709                     -1.723959                     
24.4                          -1881.729                     -1.726813                     
24.415                        -1885.251                     -1.7295                       
24.43                         -1887.684                     -1.732606                     
24.445                        -1890.704                     -1.735208                     
24.46                         -1893.975                     -1.738146                     
24.475                        -1896.827                     -1.740832                     
24.49                         -1900.015                     -1.743435                     
24.505                        -1902.867                     -1.746289                     
24.52                         -1905.635                     -1.749143                     
24.535                        -1908.654                     -1.751242                     
24.55                         -1911.842                     -1.754684                     
24.565                        -1914.861                     -1.756363                     
24.58                         -1918.301                     -1.759888                     
24.595                        -1920.817                     -1.762323                     
24.61                         -1923.753                     -1.765513                     
24.625                        -1926.605                     -1.767863                     
24.64                         -1929.625                     -1.770382                     
24.655                        -1933.148                     -1.772732                     
24.67                         -1936.167                     -1.775922                     
24.685                        -1938.768                     -1.778525                     
24.7                          -1942.123                     -1.781715                     
24.715                        -1945.059                     -1.784149                     
24.73                         -1948.078                     -1.787003                     
24.745                        -1951.35                      -1.78927                      
24.76                         -1953.782                     -1.792376                     
24.775                        -1956.802                     -1.795062                     
24.79                         -1960.073                     -1.797748                     
24.805                        -1962.842                     -1.800687                     
24.82                         -1966.029                     -1.803205                     
24.835                        -1968.965                     -1.805555                     
24.85                         -1971.733                     -1.808661                     
24.865                        -1974.753                     -1.811516                     
24.88                         -1977.94                      -1.813866                     
24.895                        -1980.792                     -1.816972                     
24.91                         -1983.896                     -1.819071                     
24.925                        -1986.999                     -1.822681                     
24.94                         -1989.935                     -1.825367                     
24.955                        -1993.123                     -1.828137                     
24.97                         -1995.639                     -1.830907                     
24.985                        -1998.743                     -1.833594                     
25                            -2002.182                     -1.836448                     
25.015                        -1999.414                     -1.806647                     
25.03                         -1995.975                     -1.797748                     
25.045                        -1992.787                     -1.792879                     
25.06                         -1990.271                     -1.790445                     
25.075                        -1986.916                     -1.786667                     
25.09                         -1984.147                     -1.783981                     
25.105                        -1981.295                     -1.780623                     
25.12                         -1978.443                     -1.778525                     
25.135                        -1974.921                     -1.775586                     
25.15                         -1972.069                     -1.772816                     
25.165                        -1968.713                     -1.769626                     
25.18                         -1966.197                     -1.767695                     
25.195                        -1963.009                     -1.764086                     
25.21                         -1960.409                     -1.761987                     
25.225                        -1957.054                     -1.759049                     
25.24                         -1953.95                      -1.756698                     
25.255                        -1950.847                     -1.753089                     
25.27                         -1947.995                     -1.75141                      
25.285                        -1944.975                     -1.747968                     
25.3                          -1942.207                     -1.746121                     
25.315                        -1938.768                     -1.742428                     
25.33                         -1936.167                     -1.739909                     
25.345                        -1932.812                     -1.737139                     
25.36                         -1929.792                     -1.734452                     
25.375                        -1926.94                      -1.731514                     
25.39                         -1924.172                     -1.729332                     
25.405                        -1921.237                     -1.726394                     
25.42                         -1918.133                     -1.723539                     
25.435                        -1914.861                     -1.720853                     
25.45                         -1911.842                     -1.717831                     
25.465                        -1909.325                     -1.714977                     
25.48                         -1905.97                      -1.712039                     
25.495                        -1903.118                     -1.710192                     
25.51                         -1900.015                     -1.707254                     
25.525                        -1897.163                     -1.70398                      
25.54                         -1894.227                     -1.701881                     
25.555                        -1890.955                     -1.699363                     
25.57                         -1888.187                     -1.696425                     
25.585                        -1885.168                     -1.692983                     
25.6                          -1881.98                      -1.69122                      
25.615                        -1878.793                     -1.688702                     
25.63                         -1876.192                     -1.685092                     
25.645                        -1872.837                     -1.682154                     
25.66                         -1870.405                     -1.679719                     
25.675                        -1867.469                     -1.676781                     
25.69                         -1864.113                     -1.674431                     
25.705                        -1860.758                     -1.671324                     
25.72                         -1858.242                     -1.669226                     
25.735                        -1854.887                     -1.665952                     
25.75                         -1852.202                     -1.663517                     
25.765                        -1848.511                     -1.660327                     
25.78                         -1845.827                     -1.658313                     
25.795                        -1843.059                     -1.654787                     
25.81                         -1839.956                     -1.652688                     
25.825                        -1836.768                     -1.64975                      
25.84                         -1834.336                     -1.647316                     
25.855                        -1831.148                     -1.643706                     
25.87                         -1828.129                     -1.642027                     
25.885                        -1824.857                     -1.638585                     
25.9                          -1821.586                     -1.636235                     
25.915                        -1818.734                     -1.633297                     
25.93                         -1815.882                     -1.630443                     
25.945                        -1812.946                     -1.627756                     
25.96                         -1810.01                      -1.625574                     
25.975                        -1807.158                     -1.621796                     
25.99                         -1804.138                     -1.619445                     
26.005                        -1800.783                     -1.617011                     
26.02                         -1798.434                     -1.614325                     
26.035                        -1794.576                     -1.610883                     
26.05                         -1791.724                     -1.608868                     
26.065                        -1788.704                     -1.605342                     
26.08                         -1785.852                     -1.603412                     
26.095                        -1782.413                     -1.600138                     
26.11                         -1780.316                     -1.597955                     
26.125                        -1776.961                     -1.594681                     
26.14                         -1773.857                     -1.592331                     
26.155                        -1771.257                     -1.589057                     
26.17                         -1768.153                     -1.586958                     
26.185                        -1765.218                     -1.584272                     
26.2                          -1761.695                     -1.581334                     
26.215                        -1759.01                      -1.578479                     
26.23                         -1756.075                     -1.576381                     
26.245                        -1752.803                     -1.572603                     
26.26                         -1749.867                     -1.571008                     
26.275                        -1746.596                     -1.56765                      
26.29                         -1743.576                     -1.5653                       
26.305                        -1741.06                      -1.561774                     
26.32                         -1737.621                     -1.560011                     
26.335                        -1735.104                     -1.556569                     
26.35                         -1732.252                     -1.554051                     
26.365                        -1728.813                     -1.551113                     
26.38                         -1726.045                     -1.549014                     
26.395                        -1722.941                     -1.545824                     
26.41                         -1719.586                     -1.543641                     
26.425                        -1716.567                     -1.540032                     
26.44                         -1713.715                     -1.538017                     
26.455                        -1710.443                     -1.534827                     
26.47                         -1707.759                     -1.532225                     
26.485                        -1704.823                     -1.528783                     
26.5                          -1701.887                     -1.5266                       
26.515                        -1698.448                     -1.524166                     
26.53                         -1696.016                     -1.521312                     
26.545                        -1692.744                     -1.51829                      
26.56                         -1689.976                     -1.515687                     
26.575                        -1686.789                     -1.513001                     
26.59                         -1683.853                     -1.510818                     
26.605                        -1680.749                     -1.507208                     
26.62                         -1677.478                     -1.504858                     
26.635                        -1674.458                     -1.502591                     
26.65                         -1671.774                     -1.499737                     
26.665                        -1668.503                     -1.496463                     
26.68                         -1665.818                     -1.494029                     
26.695                        -1662.882                     -1.491259                     
26.71                         -1659.779                     -1.488992                     
26.725                        -1656.759                     -1.485215                     
26.74                         -1653.656                     -1.483032                     
26.755                        -1650.552                     -1.480178                     
26.77                         -1648.287                     -1.477575                     
26.785                        -1644.68                      -1.474385                     
26.8                          -1641.577                     -1.472623                     
26.815                        -1638.976                     -1.469013                     
26.83                         -1636.292                     -1.46725                      
26.845                        -1632.434                     -1.463976                     
26.86                         -1629.833                     -1.461709                     
26.875                        -1626.73                      -1.458184                     
26.89                         -1623.626                     -1.456001                     
26.905                        -1620.355                     -1.452475                     
26.92                         -1618.09                      -1.450712                     
26.935                        -1614.818                     -1.447438                     
26.95                         -1611.631                     -1.445172                     
26.965                        -1608.611                     -1.441478                     
26.98                         -1605.676                     -1.439883                     
26.995                        -1603.075                     -1.436357                     
27.01                         -1600.223                     -1.434259                     
27.025                        -1596.281                     -1.430481                     
27.04                         -1593.68                      -1.428718                     
27.055                        -1590.996                     -1.424941                     
27.07                         -1587.809                     -1.423681                     
27.085                        -1584.705                     -1.419736                     
27.1                          -1581.853                     -1.418309                     
27.115                        -1579.169                     -1.414112                     
27.13                         -1575.562                     -1.412517                     
27.145                        -1572.375                     -1.408823                     
27.16                         -1569.607                     -1.406724                     
27.175                        -1566.922                     -1.403702                     
27.19                         -1563.651                     -1.401435                     
27.205                        -1560.38                      -1.398162                     
27.22                         -1557.36                      -1.395979                     
27.235                        -1554.508                     -1.392537                     
27.25                         -1551.488                     -1.390271                     
27.265                        -1548.804                     -1.387333                     
27.28                         -1545.197                     -1.38515                      
27.295                        -1542.345                     -1.381624                     
27.31                         -1539.577                     -1.379022                     
27.325                        -1536.809                     -1.376084                     
27.34                         -1533.622                     -1.374405                     
27.355                        -1530.602                     -1.370543                     
27.37                         -1527.33                      -1.368193                     
27.385                        -1524.898                     -1.36559                      
27.4                          -1521.71                      -1.363408                     
27.415                        -1518.775                     -1.359966                     
27.43                         -1515.671                     -1.358455                     
27.445                        -1512.819                     -1.354761                     
27.46                         -1510.219                     -1.352495                     
27.475                        -1506.612                     -1.349137                     
27.49                         -1503.424                     -1.346702                     
27.505                        -1500.405                     -1.343596                     
27.52                         -1497.301                     -1.341917                     
27.535                        -1494.617                     -1.337804                     
27.55                         -1491.765                     -1.336125                     
27.565                        -1488.326                     -1.332683                     
27.58                         -1485.642                     -1.33092                      
27.595                        -1482.538                     -1.327143                     
27.61                         -1479.518                     -1.324792                     
27.625                        -1476.666                     -1.321518                     
27.64                         -1473.898                     -1.319755                     
27.655                        -1470.459                     -1.316565                     
27.67                         -1467.859                     -1.313711                     
27.685                        -1464.923                     -1.310689                     
27.7                          -1461.316                     -1.30901                      
27.715                        -1459.051                     -1.305484                     
27.73                         -1455.444                     -1.303218                     
27.745                        -1452.592                     -1.299692                     
27.76                         -1449.656                     -1.297929                     
27.775                        -1446.301                     -1.294403                     
27.79                         -1443.533                     -1.291885                     
27.805                        -1440.514                     -1.288947                     
27.82                         -1437.662                     -1.286345                     
27.835                        -1434.726                     -1.283071                     
27.85                         -1431.203                     -1.28114                      
27.865                        -1428.267                     -1.277782                     
27.88                         -1425.918                     -1.276103                     
27.895                        -1422.563                     -1.272661                     
27.91                         -1419.543                     -1.270311                     
27.925                        -1416.775                     -1.266869                     
27.94                         -1413.252                     -1.265358                     
27.955                        -1410.484                     -1.261916                     
27.97                         -1407.8                       -1.259482                     
27.985                        -1404.109                     -1.256376                     
28                            -1401.509                     -1.254277                     
28.015                        -1398.657                     -1.250751                     
28.03                         -1395.469                     -1.248484                     
28.045                        -1392.366                     -1.245043                     
28.06                         -1389.262                     -1.243616                     
28.075                        -1386.41                      -1.240006                     
28.09                         -1383.642                     -1.237739                     
28.105                        -1380.203                     -1.234465                     
28.12                         -1377.603                     -1.231863                     
28.135                        -1374.499                     -1.228757                     
28.15                         -1371.312                     -1.22691                      
28.165                        -1367.956                     -1.2233                       
28.18                         -1365.356                     -1.221202                     
28.195                        -1362.42                      -1.217508                     
28.21                         -1359.149                     -1.216165                     
28.225                        -1356.129                     -1.212639                     
28.24                         -1353.445                     -1.210373                     
28.255                        -1350.341                     -1.206931                     
28.27                         -1347.07                      -1.204916                     
28.285                        -1344.05                      -1.201558                     
28.3                          -1341.618                     -1.199208                     
28.315                        -1338.011                     -1.19627                      
28.33                         -1335.494                     -1.194255                     
28.345                        -1332.307                     -1.190561                     
28.36                         -1329.623                     -1.188547                     
28.375                        -1326.183                     -1.185273                     
28.39                         -1323.331                     -1.183174                     
28.405                        -1320.312                     -1.179732                     
28.42                         -1317.208                     -1.177466                     
28.435                        -1314.188                     -1.174276                     
28.45                         -1311.253                     -1.171925                     
28.465                        -1307.981                     -1.168987                     
28.48                         -1305.297                     -1.166469                     
28.495                        -1302.277                     -1.163363                     
28.51                         -1299.509                     -1.161516                     
28.525                        -1296.49                      -1.158158                     
28.54                         -1293.302                     -1.156647                     
28.555                        -1290.031                     -1.152785                     
28.57                         -1287.598                     -1.150435                     
28.585                        -1284.495                     -1.147161                     
28.6                          -1281.055                     -1.145314                     
28.615                        -1278.287                     -1.141452                     
28.63                         -1275.855                     -1.139522                     
28.645                        -1272.08                      -1.136248                     
28.66                         -1269.396                     -1.134149                     
28.675                        -1266.46                      -1.13012                      
28.69                         -1263.273                     -1.128692                     
28.705                        -1260.253                     -1.125754                     
28.72                         -1257.317                     -1.123068                     
28.735                        -1254.046                     -1.119542                     
28.75                         -1251.361                     -1.117612                     
28.765                        -1248.174                     -1.114254                     
28.78                         -1244.986                     -1.112575                     
28.795                        -1242.135                     -1.108713                     
28.81                         -1239.199                     -1.107034                     
28.825                        -1236.347                     -1.102921                     
28.84                         -1233.579                     -1.101326                     
28.855                        -1230.643                     -1.097548                     
28.87                         -1227.288                     -1.095785                     
28.885                        -1224.771                     -1.092427                     
28.9                          -1221.5                       -1.090581                     
28.915                        -1217.725                     -1.086971                     
28.93                         -1215.293                     -1.085124                     
28.945                        -1211.937                     -1.080843                     
28.96                         -1209.421                     -1.0795                       
28.975                        -1206.233                     -1.075386                     
28.99                         -1203.465                     -1.074379                     
29.005                        -1200.446                     -1.070181                     
29.02                         -1197.426                     -1.068671                     
29.035                        -1193.987                     -1.065061                     
29.05                         -1191.386                     -1.062962                     
29.065                        -1188.534                     -1.059268                     
29.08                         -1185.766                     -1.057757                     
29.095                        -1182.411                     -1.054316                     
29.11                         -1179.14                      -1.052385                     
29.125                        -1176.204                     -1.048859                     
29.14                         -1172.932                     -1.046928                     
29.155                        -1170.164                     -1.043486                     
29.17                         -1167.313                     -1.04164                      
29.185                        -1164.209                     -1.037358                     
29.2                          -1161.441                     -1.036099                     
29.215                        -1157.918                     -1.032573                     
29.23                         -1155.401                     -1.030475                     
29.245                        -1152.214                     -1.026781                     
29.26                         -1149.11                      -1.025186                     
29.275                        -1146.007                     -1.021576                     
29.29                         -1143.155                     -1.019142                     
29.305                        -1140.051                     -1.015952                     
29.32                         -1137.367                     -1.014021                     
29.335                        -1134.263                     -1.010579                     
29.35                         -1131.076                     -1.008061                     
29.365                        -1128.559                     -1.004955                     
29.38                         -1125.036                     -1.003024                     
29.395                        -1122.017                     -0.9999181                    
29.41                         -1119.416                     -0.9970639                    
29.425                        -1115.893                     -0.9944615                    
29.44                         -1112.874                     -0.9925308                    
29.455                        -1110.105                     -0.989005                     
29.47                         -1107.002                     -0.9861508                    
29.485                        -1104.402                     -0.9831287                    
29.5                          -1101.382                     -0.981114                     
29.515                        -1098.446                     -0.9778401                    
29.53                         -1095.091                     -0.9753217                    
29.545                        -1092.155                     -0.9724675                    
29.56                         -1088.884                     -0.9702849                    
29.575                        -1085.948                     -0.9670949                    
29.59                         -1083.347                     -0.9646604                    
29.605                        -1079.992                     -0.9616383                    
29.62                         -1077.476                     -0.9592038                    
29.635                        -1074.037                     -0.9556782                    
29.65                         -1071.436                     -0.9539992                    
29.665                        -1067.829                     -0.9503894                    
29.68                         -1065.145                     -0.9485427                    
29.695                        -1062.293                     -0.9451008                    
29.71                         -1059.022                     -0.9431701                    
29.725                        -1056.589                     -0.9397283                    
29.74                         -1053.066                     -0.9372098                    
29.755                        -1049.795                     -0.9346914                    
29.77                         -1047.111                     -0.9325088                    
29.785                        -1043.755                     -0.9287312                    
29.8                          -1041.742                     -0.9268004                    
29.815                        -1038.135                     -0.9230228                    
29.83                         -1034.864                     -0.9215957                    
29.845                        -1031.677                     -0.9175662                    
29.86                         -1029.244                     -0.9158034                    
29.875                        -1026.057                     -0.9124455                    
29.89                         -1023.121                     -0.9106826                    
29.905                        -1020.269                     -0.9066532                    
29.92                         -1017.081                     -0.9046385                    
29.935                        -1014.565                     -0.9012806                    
29.95                         -1010.958                     -0.8996856                    
29.965                        -1007.938                     -0.8957402                    
29.98                         -1005.086                     -0.8939772                    
29.995                        -1001.899                     -0.8901157                    
30.01                         -998.8791                     -0.8884367                    
30.025                        -995.9432                     -0.8849109                    
30.04                         -993.0074                     -0.8828123                    
30.055                        -990.3232                     -0.8792865                    
30.07                         -986.7163                     -0.8773558                    
30.085                        -983.8643                     -0.8739979                    
30.1                          -980.9285                     -0.8718153                    
30.115                        -977.741                      -0.8683735                    
30.13                         -975.1407                     -0.8661909                    
30.145                        -971.9532                     -0.8632527                    
30.16                         -968.9335                     -0.8611541                    
30.175                        -965.8298                     -0.8576283                    
30.19                         -963.2296                     -0.8560333                    
30.205                        -960.0421                     -0.8526754                    
30.22                         -957.0224                     -0.8502409                    
30.235                        -953.8348                     -0.8467991                    
30.25                         -951.3185                     -0.8451202                    
30.265                        -948.1309                     -0.8415105                    
30.28                         -945.0274                     -0.8394119                    
30.295                        -942.1754                     -0.8353824                    
30.31                         -938.904                      -0.834375                     
30.325                        -935.6326                     -0.8305135                    
30.34                         -932.613                      -0.8287506                    
30.355                        -929.5933                     -0.8248051                    
30.37                         -926.8252                     -0.8230422                    
30.385                        -923.8054                     -0.8196003                    
30.4                          -920.6179                     -0.8173338                    
30.415                        -917.8499                     -0.813892                     
30.43                         -914.6624                     -0.8126327                    
30.445                        -911.6426                     -0.8086034                    
30.46                         -909.1262                     -0.8065886                    
30.475                        -905.6032                     -0.8032307                    
30.49                         -902.919                      -0.8014679                    
30.505                        -899.8154                     -0.7979421                    
30.52                         -896.8796                     -0.7959274                    
30.535                        -893.8598                     -0.7922337                    
30.55                         -890.924                      -0.7907227                    
30.565                        -887.8204                     -0.7863574                    
30.58                         -885.0523                     -0.7850983                    
30.595                        -881.8648                     -0.7809848                    
30.61                         -878.8451                     -0.779054                     
30.625                        -875.5737                     -0.7756962                    
30.64                         -873.309                      -0.7733457                    
30.655                        -869.8698                     -0.7704076                    
30.67                         -866.934                      -0.768225                     
30.685                        -863.7465                     -0.7644473                    
30.7                          -860.3913                     -0.7628524                    
30.715                        -857.4554                     -0.7597463                    
30.73                         -855.0229                     -0.7573118                    
30.745                        -852.1709                     -0.7537022                    
30.76                         -848.8995                     -0.7525269                    
30.775                        -845.6281                     -0.7490011                    
30.79                         -842.944                      -0.7467346                    
30.805                        -839.5887                     -0.7433767                    
30.82                         -836.7368                     -0.741362                     
30.835                        -833.8848                     -0.7377523                    
30.85                         -831.0328                     -0.7354857                    
30.865                        -827.9292                     -0.7324636                    
30.88                         -824.9933                     -0.7301131                    
30.895                        -822.2253                     -0.7269231                    
30.91                         -819.1218                     -0.7247405                    
30.925                        -815.8503                     -0.7210469                    
30.94                         -812.9984                     -0.7192                       
30.955                        -809.3915                     -0.7155903                    
30.97                         -806.7073                     -0.7136595                    
30.985                        -804.0231                     -0.7100499                    
31                            -800.9194                     -0.7087906                    
31.015                        -797.3126                     -0.7047611                    
31.03                         -794.8801                     -0.7028304                    
31.045                        -791.7764                     -0.6993046                    
31.06                         -788.5889                     -0.6977097                    
31.075                        -785.5692                     -0.6939321                    
31.09                         -782.7172                     -0.6921691                    
31.105                        -779.4459                     -0.6888952                    
31.12                         -777.0134                     -0.6867965                    
31.135                        -773.742                      -0.6831869                    
31.15                         -770.5546                     -0.6815079                    
31.165                        -767.7864                     -0.6776463                    
31.18                         -764.8505                     -0.6757995                    
31.195                        -761.747                      -0.6721058                    
31.21                         -758.4756                     -0.6707627                    
31.225                        -755.7075                     -0.6667333                    
31.24                         -752.7717                     -0.6645507                    
31.255                        -749.6681                     -0.6612767                    
31.27                         -746.7322                     -0.6590102                    
31.285                        -743.8803                     -0.6559041                    
31.3                          -740.6089                     -0.6538894                    
31.315                        -737.9247                     -0.6502797                    
31.33                         -734.6533                     -0.6483489                    
31.345                        -731.4659                     -0.6454947                    
31.36                         -728.6978                     -0.6433121                    
31.375                        -726.2653                     -0.6393666                    
31.39                         -722.4905                     -0.6373519                    
31.405                        -719.6386                     -0.6343299                    
31.42                         -716.535                      -0.6317275                    
31.435                        -713.9347                     -0.6288733                    
31.45                         -710.7473                     -0.6268585                    
31.465                        -707.4759                     -0.6235846                    
31.48                         -704.7078                     -0.6209822                    
31.495                        -701.5203                     -0.6175405                    
31.51                         -698.4167                     -0.6158615                    
31.525                        -695.397                      -0.6124197                    
31.54                         -692.6289                     -0.6099852                    
31.555                        -689.777                      -0.6067953                    
31.57                         -686.6733                     -0.6052003                    
31.585                        -683.7375                     -0.6010029                    
31.6                          -680.6339                     -0.599408                     
31.615                        -677.5303                     -0.5956303                    
31.63                         -674.9299                     -0.5937835                    
31.645                        -671.407                      -0.5902578                    
31.66                         -668.8905                     -0.5878233                    
31.675                        -665.3675                     -0.5852209                    
31.69                         -663.1866                     -0.5830383                    
31.705                        -659.8314                     -0.5791768                    
31.72                         -656.3922                     -0.5779176                    
31.735                        -653.7081                     -0.573972                     
31.75                         -650.7722                     -0.5720413                    
31.765                        -647.5847                     -0.5683476                    
31.78                         -644.2294                     -0.5668366                    
31.795                        -641.5453                     -0.563059                     
31.81                         -638.6933                     -0.5612961                    
31.825                        -635.3381                     -0.5577703                    
31.84                         -632.1505                     -0.5561754                    
31.855                        -629.718                      -0.551978                     
31.87                         -626.4466                     -0.5500472                    
31.885                        -623.4269                     -0.5466054                    
31.9                          -620.7427                     -0.5448425                    
31.915                        -617.9747                     -0.5410649                    
31.93                         -614.5355                     -0.5391341                    
31.945                        -611.348                      -0.5359442                    
31.96                         -608.3283                     -0.5337616                    
31.975                        -605.6441                     -0.5303198                    
31.99                         -602.2889                     -0.5279692                    
32.005                        -599.6047                     -0.5246953                    
32.02                         -596.0817                     -0.5231003                    
32.035                        -593.5652                     -0.5199103                    
32.05                         -590.7971                     -0.5175598                    
32.065                        -587.2741                     -0.5142019                    
32.08                         -584.59                       -0.5123551                    
32.095                        -581.6541                     -0.5085775                    
32.11                         -578.6343                     -0.5064788                    
32.125                        -575.4469                     -0.5033728                    
32.14                         -572.2594                     -0.5020508                    
32.155                        -569.6591                     -0.4982768                    
32.17                         -566.3038                     -0.4962556                    
32.185                        -563.2841                     -0.4926243                    
32.2                          -560.5161                     -0.4907457                    
32.215                        -557.4963                     -0.4869046                    
32.23                         -554.4766                     -0.485177                     
32.245                        -551.1213                     -0.4819398                    
32.26                         -548.3533                     -0.4797593                    
32.275                        -545.5013                     -0.4759434                    
32.29                         -542.8171                     -0.4742829                    
32.305                        -539.6296                     -0.470836                     
32.32                         -536.526                      -0.4688987                    
32.335                        -533.674                      -0.4648648                    
32.35                         -530.7382                     -0.4637662                    
32.365                        -527.3829                     -0.4599922                    
32.38                         -525.0343                     -0.4579627                    
32.395                        -521.4274                     -0.4543313                    
32.41                         -518.4915                     -0.4527043                    
32.425                        -515.6396                     -0.4488465                    
32.44                         -512.536                      -0.4470518                    
32.455                        -509.6001                     -0.4435043                    
32.47                         -506.4127                     -0.4417934                    
32.485                        -503.5607                     -0.4382124                    
32.5                          -500.7926                     -0.436057                     
32.515                        -497.5213                     -0.4326269                    
32.53                         -494.2499                     -0.4304045                    
32.545                        -491.3979                     -0.4273853                    
32.56                         -488.2104                     -0.425079                     
32.575                        -485.4424                     -0.4215231                    
32.59                         -482.4226                     -0.4196361                    
32.605                        -479.319                      -0.4164325                    
32.62                         -476.2993                     -0.4142604                    
32.635                        -473.1957                     -0.4107967                    
32.65                         -470.6793                     -0.408482                     
32.665                        -467.2402                     -0.4053539                    
32.68                         -464.1366                     -0.4033663                    
32.695                        -461.2007                     -0.3999865                    
32.71                         -458.4326                     -0.3979737                    
32.725                        -454.9935                     -0.3946443                    
32.74                         -452.4771                     -0.3923799                    
32.755                        -449.4574                     -0.3887737                    
32.77                         -446.3537                     -0.3868615                    
32.785                        -443.5018                     -0.383356                     
32.8                          -440.6498                     -0.381318                     
32.815                        -437.714                      -0.3780976                    
32.83                         -434.3587                     -0.3762693                    
32.845                        -431.339                      -0.3723193                    
32.86                         -428.6548                     -0.3708432                    
32.875                        -425.6351                     -0.3674299                    
32.89                         -422.6154                     -0.3654088                    
32.905                        -418.9246                     -0.3615509                    
32.92                         -416.492                      -0.3600665                    
32.935                        -413.4723                     -0.3564771                    
32.95                         -410.3687                     -0.3544643                    
32.965                        -407.4329                     -0.3506149                    
32.98                         -404.4131                     -0.3490382                    
32.995                        -401.3934                     -0.3455243                    
33.01                         -397.9543                     -0.3432683                    
33.025                        -395.1024                     -0.3395278                    
33.04                         -392.4182                     -0.3384376                    
33.055                        -389.0629                     -0.3345295                    
33.07                         -386.127                      -0.3326257                    
33.085                        -383.1912                     -0.3288686                    
33.1                          -380.507                      -0.3269732                    
33.115                        -377.3195                     -0.323518                     
33.13                         -374.2998                     -0.3213962                    
33.145                        -371.2801                     -0.3183435                    
33.16                         -368.0087                     -0.3158526                    
33.175                        -365.3245                     -0.3127412                    
33.19                         -362.4725                     -0.310544                     
33.205                        -359.369                      -0.3070719                    
33.22                         -356.3492                     -0.305185                     
33.235                        -353.3295                     -0.301671                     
33.25                         -350.7292                     -0.2997002                    
33.265                        -347.4578                     -0.2964462                    
33.28                         -344.1026                     -0.2942824                    
33.295                        -341.4184                     -0.2909614                    
33.31                         -338.3987                     -0.2887976                    
33.325                        -335.3789                     -0.2851663                    
33.34                         -331.9398                     -0.2833967                    
33.355                        -329.4234                     -0.2799163                    
33.37                         -326.2359                     -0.2781383                    
33.385                        -323.3                        -0.2744818                    
33.4                          -320.1964                     -0.2725697                    
33.415                        -317.2606                     -0.2687538                    
33.43                         -314.5764                     -0.2669339                    
33.445                        -311.4728                     -0.2633529                    
33.46                         -307.8659                     -0.2613904                    
33.475                        -304.8462                     -0.2574991                    
33.49                         -302.4136                     -0.2563333                    
33.505                        -299.0584                     -0.2527942                    
33.52                         -295.9548                     -0.2507143                    
33.535                        -293.1028                     -0.2470578                    
33.55                         -290.2509                     -0.2456489                    
33.565                        -287.3989                     -0.2418582                    
33.58                         -284.1275                     -0.2397699                    
33.595                        -281.1078                     -0.2361805                    
33.61                         -278.2559                     -0.2347044                    
33.625                        -275.2361                     -0.2308802                    
33.64                         -271.797                      -0.2289093                    
33.655                        -269.0289                     -0.2253199                    
33.67                         -266.177                      -0.2234832                    
33.685                        -262.9056                     -0.2197512                    
33.7                          -260.0536                     -0.2178139                    
33.715                        -257.2017                     -0.2147193                    
33.73                         -254.3497                     -0.2124214                    
33.745                        -251.2461                     -0.2090835                    
33.76                         -248.0586                     -0.2070288                    
33.775                        -245.2067                     -0.2034058                    
33.79                         -241.8514                     -0.2014937                    
33.805                        -238.9995                     -0.1981307                    
33.82                         -236.1475                     -0.1959921                    
33.835                        -232.96                       -0.1926459                    
33.85                         -230.1081                     -0.190566                     
33.865                        -226.8367                     -0.1869263                    
33.88                         -223.9008                     -0.185249                     
33.895                        -221.0489                     -0.1817182                    
33.91                         -218.6163                     -0.1797055                    
33.925                        -214.9256                     -0.1757889                    
33.94                         -211.9897                     -0.1747658                    
33.955                        -208.7184                     -0.1708241                    
33.97                         -206.2858                     -0.1685681                    
33.985                        -202.595                      -0.165029                     
34                            -200.0786                     -0.1635026                    
34.015                        -196.975                      -0.1598126                    
34.03                         -194.2069                     -0.1576908                    
34.045                        -191.0194                     -0.1539839                    
34.06                         -188.4191                     -0.1527846                    
34.075                        -185.1478                     -0.1488933                    
34.09                         -182.128                      -0.1468554                    
34.105                        -178.9405                     -0.1434756                    
34.12                         -175.6692                     -0.141748                     
34.135                        -173.0688                     -0.1380914                    
34.15                         -169.9652                     -0.1360786                    
34.165                        -167.1133                     -0.132615                     
34.18                         -164.0936                     -0.1309796                    
34.195                        -161.5771                     -0.1273734                    
34.21                         -158.0541                     -0.1251426                    
34.225                        -154.8666                     -0.1217293                    
34.24                         -152.518                      -0.1196494                    
34.255                        -148.9949                     -0.1163619                    
34.27                         -145.9752                     -0.1141646                    
34.285                        -142.7039                     -0.1107764                    
34.3                          -140.1874                     -0.1088559                    
34.315                        -137.2516                     -0.1056355                    
34.33                         -134.0641                     -0.1032705                    
34.345                        -130.7927                     -0.09971458                   
34.36                         -127.9408                     -0.09801211                   
34.375                        -125.0888                     -0.09448137                   
34.39                         -121.9013                     -0.09230087                   
34.405                        -118.8816                     -0.08899658                   
34.42                         -116.3652                     -0.08710121                   
34.435                        -113.0099                     -0.08348662                   
34.45                         -109.9902                     -0.08164157                   
34.465                        -106.8027                     -0.07796827                   
34.48                         -104.1185                     -0.07605614                   
34.495                        -101.0149                     -0.07235767                   
34.51                         -97.99519                     -0.07067197                   
34.525                        -95.05935                     -0.06728381                   
34.54                         -91.95575                     -0.06530458                   
34.555                        -88.51662                     -0.06179062                   
34.57                         -85.83242                     -0.05953464                   
34.585                        -82.64494                     -0.05627227                   
34.6                          -80.21238                     -0.05420079                   
34.615                        -77.10878                     -0.0507036                    
34.63                         -74.25682                     -0.04848956                   
34.645                        -71.2371                      -0.04546202                   
34.66                         -67.71408                     -0.04344925                   
34.675                        -64.27496                     -0.03992689                   
34.69                         -61.67464                     -0.03783216                   
34.705                        -59.07433                     -0.03470285                   
34.72                         -56.0546                      -0.03236593                   
34.735                        -52.69936                     -0.02884755                   
34.75                         -49.93127                     -0.0267714                    
34.765                        -46.74379                     -0.02395821                   
34.78                         -44.0596                      -0.02144185                   
34.795                        -41.03987                     -0.01797965                   
34.81                         -38.02015                     -0.01602257                   
34.825                        -35.00043                     -0.01260062                   
34.84                         -32.06458                     -0.01063599                   
34.855                        -28.96098                     -0.007120966                  
34.87                         -26.02514                     -0.004960969                  
34.885                        -23.00542                     -0.001898736                  
34.9                          -19.73405                     1.725464E-05                  
34.915                        -17.13374                     0.003591815                   
34.93                         -14.03013                     0.00558411                    
34.945                        -11.17817                     0.00913687                    
34.96                         -8.326211                     0.01076441                    
34.975                        -5.054845                     0.01467522                    
34.99                         -1.951241                     0.01644866                    
35.005                        0.9846003                     0.02003915                    
35.02                         3.752679                      0.02176983                    
35.035                        7.275689                      0.0254752                     
35.05                         10.29541                      0.02760585                    
35.065                        12.81185                      0.03092299                    
35.08                         15.99933                      0.03292786                    
35.095                        19.10294                      0.03664161                    
35.11                         22.03878                      0.03822136                    
35.125                        24.80686                      0.04185881                    
35.14                         28.24598                      0.0437899                     
35.155                        31.26571                      0.04727809                    
35.17                         34.36931                      0.04950013                    
35.185                        37.5568                       0.05289023                    
35.2                          40.15711                      0.05498398                    
35.215                        43.17683                      0.05786509                    
35.23                         46.02879                      0.06024729                    
35.245                        49.30016                      0.06383947                    
35.26                         51.81659                      0.06570011                    
35.275                        55.25573                      0.06938536                    
35.29                         58.27544                      0.07112107                    
35.305                        61.46293                      0.07494131                    
35.32                         64.23101                      0.07656969                    
35.335                        67.50237                      0.07997907                    
35.35                         69.68329                      0.08185733                    
35.365                        73.12241                      0.08562558                    
35.38                         76.56155                      0.08733698                    
35.395                        78.99409                      0.09113206                    
35.41                         82.26546                      0.09291389                    
35.425                        85.53683                      0.09661423                    
35.44                         88.30491                      0.0982163                     
35.455                        91.32463                      0.1018644                     
35.47                         94.26048                      0.1039779                     
35.485                        97.36407                      0.1075002                     
35.5                          99.96439                      0.1093788                     
35.515                        103.4874                      0.112876                      
35.53                         106.2555                      0.1153416                     
35.545                        109.0236                      0.1182098                     
35.56                         112.211                       0.120122                      
35.575                        115.063                       0.1238624                     
35.59                         118.0827                      0.1260177                     
35.605                        121.438                       0.1291291                     
35.62                         124.2061                      0.1312593                     
35.635                        127.058                       0.1349242                     
35.65                         130.4133                      0.1369873                     
35.665                        133.1814                      0.1401658                     
35.68                         136.0333                      0.1421953                     
35.695                        139.3885                      0.1457261                     
35.71                         142.2405                      0.1475124                     
35.725                        145.2602                      0.151278                      
35.74                         148.3638                      0.1528882                     
35.755                        151.4674                      0.1564944                     
35.77                         154.4033                      0.1579788                     
35.785                        157.0036                      0.1619708                     
35.8                          160.4427                      0.1634468                     
35.815                        163.4624                      0.1673801                     
35.83                         166.2305                      0.1692252                     
35.845                        169.0825                      0.1729656                     
35.86                         172.4377                      0.1744751                     
35.875                        175.4575                      0.1783078                     
35.89                         178.3094                      0.1800858                     
35.905                        181.2453                      0.1838429                     
35.92                         184.3489                      0.1858892                     
35.935                        187.5363                      0.1891432                     
35.95                         190.3883                      0.1910638                     
35.965                        193.408                       0.1948629                     
35.98                         196.5116                      0.1970769                     
35.995                        199.4475                      0.1997438                     
36.01                         202.635                       0.2019579                     
36.025                        205.3192                      0.2056396                     
36.04                         208.0872                      0.2076607                     
36.055                        211.5264                      0.2111831                     
36.07                         213.9589                      0.2129275                     
36.085                        217.5658                      0.2166427                     
36.1                          220.1661                      0.2185549                     
36.115                        223.6053                      0.2220269                     
36.13                         226.7927                      0.2237377                     
36.145                        229.3092                      0.2274865                     
36.16                         232.1611                      0.2293567                     
36.175                        235.6842                      0.2330468                     
36.19                         238.3683                      0.2346906                     
36.205                        241.4719                      0.2385819                     
36.22                         244.4917                      0.2400831                     
36.235                        247.5953                      0.2436809                     
36.25                         250.1956                      0.2455511                     
36.265                        253.6347                      0.2492077                     
36.28                         256.4028                      0.2511953                     
36.295                        259.5064                      0.2548015                     
36.31                         261.8551                      0.2568646                     
36.325                        265.7975                      0.2604121                     
36.34                         268.3978                      0.2618714                     
36.355                        271.2498                      0.2656369                     
36.37                         274.0179                      0.2678677                     
36.385                        277.6247                      0.2710127                     
36.4                          280.6445                      0.2731429                     
36.415                        283.6642                      0.2766149                     
36.43                         286.0967                      0.2788122                     
36.445                        289.3681                      0.2817894                     
36.46                         292.304                       0.2834667                     
36.475                        295.6592                      0.2871484                     
36.49                         298.4273                      0.2892367                     
36.505                        301.3631                      0.2927674                     
36.52                         304.4667                      0.2947382                     
36.535                        307.822                       0.2982019                     
36.55                         310.0868                      0.3003404                     
36.565                        313.6936                      0.3039383                     
36.58                         316.7134                      0.3054311                     
36.595                        319.6492                      0.3092637                     
36.61                         322.5012                      0.3112178                     
36.625                        325.3531                      0.3149666                     
36.64                         328.4567                      0.3164761                     
36.655                        331.2248                      0.3202837                     
36.67                         333.9929                      0.3223383                     
36.685                        337.1804                      0.3256762                     
36.7                          340.284                       0.3272613                     
36.715                        343.7231                      0.3311778                     
36.73                         346.4912                      0.3332241                     
36.745                        349.5109                      0.3364697                     
36.76                         352.5306                      0.3384657                     
36.775                        355.9698                      0.3419797                     
36.79                         358.6539                      0.3441601                     
36.805                        361.1704                      0.3472967                     
36.82                         364.6095                      0.3494353                     
36.835                        367.5453                      0.3527899                     
36.85                         370.649                       0.3549621                     
36.865                        373.6687                      0.3583754                     
36.88                         376.6884                      0.3604804                     
36.895                        379.2888                      0.3637511                     
36.91                         382.2245                      0.3661581                     
36.925                        385.5798                      0.3692024                     
36.94                         388.7673                      0.3713661                     
36.955                        391.5354                      0.3745949                     
36.97                         394.8906                      0.3768593                     
36.985                        397.4909                      0.3800629                     
37                            400.4268                      0.3820003                     
37.015                        403.111                       0.3854807                     
37.03                         406.5501                      0.3871664                     
37.045                        409.2343                      0.3906719                     
37.06                         412.5056                      0.3928189                     
37.075                        415.4415                      0.3965929                     
37.09                         418.629                       0.3985218                     
37.105                        421.7326                      0.4020692                     
37.12                         424.5007                      0.4040736                     
37.135                        427.7721                      0.4077973                     
37.15                         430.7079                      0.4090636                     
37.165                        433.9792                      0.4129131                     
37.18                         436.244                       0.4147749                     
37.195                        439.3477                      0.4186495                     
37.21                         442.7868                      0.4202681                     
37.225                        445.7226                      0.4239498                     
37.24                         448.6584                      0.42582                       
37.255                        451.8459                      0.4293758                     
37.27                         454.6979                      0.4308351                     
37.285                        457.466                       0.4346091                     
37.3                          461.0729                      0.4368399                     
37.315                        463.9249                      0.4401358                     
37.33                         466.4413                      0.4418047                     
37.345                        469.9643                      0.4456122                     
37.36                         472.7324                      0.4478765                     
37.375                        475.7521                      0.4510215                     
37.39                         478.4363                      0.452942                      
37.405                        482.0432                      0.456674                      
37.42                         484.8113                      0.458561                      
37.435                        487.7471                      0.4620247                     
37.45                         490.4313                      0.4640458                     
37.465                        493.7027                      0.4674088                     
37.48                         496.4707                      0.4696648                     
37.495                        499.7421                      0.4726085                     
37.51                         503.0135                      0.4749399                     
37.525                        505.9493                      0.4784875                     
37.54                         508.298                       0.4805841                     
37.555                        511.821                       0.4838381                     
37.57                         514.4213                      0.4861276                     
37.585                        517.6927                      0.489239                      
37.6                          520.5446                      0.4912266                     
37.615                        523.5643                      0.4941536                     
37.63                         526.5002                      0.4965353                     
37.645                        529.0167                      0.4998899                     
37.66                         532.288                       0.5020117                     
37.675                        535.3916                      0.5055928                     
37.69                         538.8307                      0.5078404                     
37.705                        541.9343                      0.5111111                     
37.72                         544.954                       0.512931                      
37.735                        547.806                       0.516554                      
37.75                         550.3224                      0.5188267                     
37.765                        553.8455                      0.5218962                     
37.78                         557.1168                      0.5239258                     
37.795                        559.9688                      0.5275739                     
37.81                         563.2401                      0.5296705                     
37.825                        565.7566                      0.5326729                     
37.84                         568.6085                      0.5348031                     
37.855                        571.9638                      0.5384009                     
37.87                         574.8157                      0.5402544                     
37.885                        577.8355                      0.5438271                     
37.9                          580.8552                      0.5456553                     
37.915                        583.9588                      0.5495551                     
37.93                         586.8947                      0.5513582                     
37.945                        589.9982                      0.5546625                     
37.96                         593.1857                      0.5566417                     
37.975                        595.8699                      0.5602815                     
37.99                         599.0574                      0.5621684                     
38.005                        602.2449                      0.5658501                     
38.02                         604.9291                      0.567452                      
38.035                        608.1166                      0.5713349                     
38.05                         610.5491                      0.5728194                     
38.065                        613.9883                      0.5766352                     
38.08                         616.8403                      0.5783041                     
38.095                        619.8599                      0.5820864                     
38.11                         622.7958                      0.5842167                     
38.125                        625.8156                      0.587781                      
38.14                         628.7513                      0.5893157                     
38.155                        632.1066                      0.5928464                     
38.17                         634.5391                      0.5950521                     
38.185                        637.5589                      0.5984989                     
38.2                          641.0819                      0.6004027                     
38.215                        643.7661                      0.6038579                     
38.23                         646.7019                      0.6059965                     
38.245                        649.9733                      0.6096027                     
38.26                         652.6575                      0.6112968                     
38.275                        655.5095                      0.6143411                     
38.29                         658.9486                      0.6165384                     
38.305                        662.0522                      0.620111                      
38.32                         664.988                       0.6221741                     
38.335                        667.7561                      0.6252772                     
38.35                         671.0275                      0.6277093                     
38.365                        674.215                       0.6309716                     
38.38                         676.6475                      0.6327747                     
38.395                        680.2544                      0.6365739                     
38.41                         682.687                       0.6385866                     
38.425                        686.1261                      0.642                         
38.44                         688.978                       0.6438282                     
38.455                        692.1656                      0.6477447                     
38.47                         695.2691                      0.6495563                     
38.485                        697.9534                      0.6528018                     
38.5                          701.0569                      0.6549572                     
38.515                        703.9089                      0.6584544                     
38.53                         706.6769                      0.660182                      
38.545                        710.1161                      0.664023                      
38.56                         712.7164                      0.6658429                     
38.575                        715.9878                      0.6693653                     
38.59                         719.0075                      0.6715793                     
38.605                        722.1111                      0.674523                      
38.62                         724.6276                      0.6765777                     
38.635                        727.815                       0.6802258                     
38.65                         731.0864                      0.6823896                     
38.665                        733.8545                      0.6853584                     
38.68                         737.2936                      0.6876144                     
38.695                        740.0617                      0.691296                      
38.71                         743.333                       0.6931243                     
38.725                        746.2689                      0.696588                      
38.74                         749.0369                      0.6984582                     
38.755                        752.0567                      0.7020728                     
38.77                         754.657                       0.7041695                     
38.785                        758.18                        0.7077421                     
38.8                          760.8643                      0.7093272                     
38.815                        764.1356                      0.7131934                     
38.83                         766.4003                      0.7145604                     
38.845                        770.0073                      0.7186698                     
38.86                         772.7753                      0.7201122                     
38.875                        776.0467                      0.7238442                     
38.89                         779.3181                      0.7258235                     
38.905                        782.0023                      0.7293375                     
38.92                         785.2736                      0.7309812                     
38.935                        787.9578                      0.7349984                     
38.95                         790.8098                      0.7366505                     
38.965                        793.8295                      0.7402903                     
38.98                         796.9332                      0.7422527                     
38.995                        799.9528                      0.7459344                     
39.01                         803.0565                      0.7476369                     
39.025                        806.0762                      0.7510083                     
39.04                         808.9282                      0.7532894                     
39.055                        812.4511                      0.7566021                     
39.07                         815.1354                      0.7582123                     
39.085                        817.8195                      0.7618437                     
39.1                          821.2587                      0.7639571                     
39.115                        824.3623                      0.7670518                     
39.13                         827.1304                      0.7694335                     
39.145                        830.0662                      0.7728049                     
39.16                         833.0859                      0.7751616                     
39.175                        836.0217                      0.778231                      
39.19                         839.1254                      0.7801012                     
39.205                        842.4806                      0.7840009                     
39.22                         844.9131                      0.7859131                     
39.235                        848.1006                      0.789318                      
39.25                         850.8688                      0.7912638                     
39.265                        854.0562                      0.7949706                     
39.28                         857.4114                      0.7970169                     
39.295                        860.0956                      0.8000696                     
39.31                         863.6187                      0.801881                      
39.325                        866.4706                      0.8056802                     
39.34                         869.071                       0.807693                      
39.355                        872.0906                      0.8111734                     
39.37                         875.1943                      0.8128422                     
39.385                        878.1301                      0.8167253                     
39.4                          881.2337                      0.8183607                     
39.415                        884.0018                      0.8220927                     
39.43                         887.1893                      0.8240803                     
39.445                        890.1251                      0.8276697                     
39.46                         893.4803                      0.8295819                     
39.475                        896.2484                      0.8332132                     
39.49                         899.3521                      0.8352176                     
39.505                        902.204                       0.8385303                     
39.52                         904.9721                      0.840325                      
39.535                        908.1595                      0.8440151                     
39.55                         911.431                       0.8460111                     
39.565                        914.2829                      0.848938                      
39.58                         916.8832                      0.8509927                     
39.595                        920.4063                      0.8546576                     
39.61                         923.2582                      0.8569555                     
39.625                        926.0262                      0.8596727                     
39.64                         929.2976                      0.8620797                     
39.655                        932.4012                      0.8657698                     
39.67                         935.1693                      0.8677742                     
39.685                        938.3568                      0.8713384                     
39.7                          940.7055                      0.8728229                     
39.715                        944.1447                      0.8767394                     
39.73                         946.8288                      0.8782992                     
39.745                        950.7712                      0.8821571                     
39.76                         953.2038                      0.8839853                     
39.775                        955.6364                      0.8876167                     
39.79                         958.9916                      0.8894114                     
39.805                        962.2629                      0.8933111                     
39.82                         965.031                       0.8947117                     
39.835                        968.554                       0.8983096                     
39.85                         971.3221                      0.9002888                     
39.865                        974.4257                      0.9041131                     
39.88                         977.1938                      0.9057065                     
39.895                        980.3812                      0.909447                      
39.91                         982.8977                      0.9113507                     
39.925                        986.5046                      0.9149653                     
39.94                         989.4404                      0.9164161                     
39.955                        992.0408                      0.9202823                     
39.97                         994.9766                      0.9224377                     
39.985                        998.1641                      0.9258007                     
40                            1001.016                      0.9280148                     
40.015                        998.6674                      0.9001336                     
40.03                         995.396                       0.8903958                     
40.045                        992.5441                      0.8866182                     
40.06                         989.6082                      0.8819171                     
40.075                        986.3369                      0.8794827                     
40.09                         982.8977                      0.8764607                     
40.105                        980.2974                      0.874278                      
40.12                         977.4454                      0.8709201                     
40.135                        974.3419                      0.8685696                     
40.15                         971.2382                      0.8655475                     
40.165                        968.4702                      0.863197                      
40.18                         965.6182                      0.8596712                     
40.195                        962.5145                      0.8578244                     
40.21                         959.2432                      0.8543826                     
40.225                        956.4752                      0.8518642                     
40.24                         953.1199                      0.8489261                     
40.255                        950.184                       0.8467435                     
40.27                         947.4999                      0.8427979                     
40.285                        944.564                       0.841203                      
40.3                          940.9571                      0.8375933                     
40.315                        938.3568                      0.8355786                     
40.33                         935.3371                      0.8323886                     
40.345                        932.4851                      0.8304578                     
40.36                         929.2137                      0.826848                      
40.375                        926.278                       0.8250012                     
40.39                         923.0904                      0.8213076                     
40.405                        920.3223                      0.8192929                     
40.42                         917.051                       0.8161868                     
40.435                        914.199                       0.8140042                     
40.45                         911.347                       0.8099747                     
40.465                        908.3273                      0.8086316                     
40.48                         905.3076                      0.8053576                     
40.495                        902.4556                      0.8030911                     
40.51                         899.1843                      0.7992296                     
40.525                        896.5001                      0.7974667                     
40.54                         893.3126                      0.7939409                     
40.555                        890.209                       0.7921781                     
40.57                         887.2732                      0.7882325                     
40.585                        884.7567                      0.7868894                     
40.6                          880.9821                      0.7828599                     
40.615                        877.9623                      0.7810971                     
40.63                         875.4459                      0.7777392                     
40.645                        872.0906                      0.7756405                     
40.66                         869.4904                      0.7721148                     
40.675                        866.0512                      0.7701001                     
40.69                         863.5348                      0.7668261                     
40.705                        860.4312                      0.763888                      
40.72                         857.2437                      0.7609499                     
40.735                        854.6434                      0.7593548                     
40.75                         851.3721                      0.7555773                     
40.765                        847.7651                      0.7540662                     
40.78                         844.9971                      0.7504565                     
40.795                        842.3967                      0.7484418                     
40.81                         839.2092                      0.7449999                     
40.825                        836.3573                      0.7427334                     
40.84                         833.1697                      0.7390398                     
40.855                        830.1501                      0.7376965                     
40.87                         827.2142                      0.7340029                     
40.885                        824.1106                      0.7321561                     
40.9                          820.9232                      0.7286303                     
40.915                        817.9034                      0.7269514                     
40.93                         815.2192                      0.722922                      
40.945                        812.1995                      0.7209912                     
40.96                         808.9282                      0.7169617                     
40.975                        806.3278                      0.7153667                     
40.99                         803.2242                      0.711841                      
41.005                        799.9528                      0.710246                      
41.02                         797.3525                      0.7060486                     
41.035                        794.3328                      0.7045376                     
41.05                         791.1453                      0.7010958                     
41.065                        788.0417                      0.699165                      
41.08                         785.1898                      0.6953874                     
41.095                        782.0023                      0.6937084                     
41.11                         779.0665                      0.6903506                     
41.125                        776.2984                      0.6883358                     
41.14                         773.2786                      0.6847262                     
41.155                        770.2589                      0.6828793                     
41.17                         767.0714                      0.6792696                     
41.185                        764.2195                      0.6775907                     
41.2                          761.1158                      0.673897                      
41.215                        758.18                        0.6720502                     
41.23                         754.9926                      0.6683565                     
41.245                        752.56                        0.6664258                     
41.26                         748.7014                      0.6631518                     
41.275                        746.0173                      0.6603816                     
41.29                         743.1653                      0.6571077                     
41.305                        739.9778                      0.6551769                     
41.32                         737.1259                      0.6521548                     
41.335                        734.5256                      0.6493006                     
41.35                         731.1702                      0.6464464                     
41.365                        728.5699                      0.6446835                     
41.38                         724.7953                      0.6408219                     
41.395                        721.8595                      0.6388072                     
41.41                         719.2592                      0.6352815                     
41.425                        716.1556                      0.6336026                     
41.44                         713.2197                      0.6300768                     
41.455                        709.9484                      0.6278942                     
41.47                         707.2641                      0.6248721                     
41.485                        703.6573                      0.6226055                     
41.5                          700.973                       0.6190798                     
41.515                        698.0372                      0.6172329                     
41.53                         695.1852                      0.6137911                     
41.545                        692.0817                      0.6118603                     
41.56                         688.8941                      0.6083345                     
41.575                        686.2939                      0.6062359                     
41.59                         683.1902                      0.6027941                     
41.605                        680.0027                      0.6009473                     
41.62                         676.983                       0.5972536                     
41.635                        673.9633                      0.5952389                     
41.65                         670.9436                      0.5917971                     
41.665                        667.6722                      0.590202                      
41.68                         665.3235                      0.5864244                     
41.695                        662.22                        0.5847455                     
41.71                         658.8647                      0.5804642                     
41.725                        656.1805                      0.579205                      
41.74                         653.0769                      0.5755953                     
41.755                        650.4766                      0.5737485                     
41.77                         647.1213                      0.5700548                     
41.785                        644.2693                      0.5681241                     
41.8                          641.0819                      0.565018                      
41.815                        637.8943                      0.5625836                     
41.83                         635.4619                      0.5589738                     
41.845                        632.0228                      0.5574628                     
41.86                         629.2546                      0.5537692                     
41.875                        625.9833                      0.5519223                     
41.89                         622.7958                      0.547725                      
41.905                        619.9438                      0.5459621                     
41.92                         617.0919                      0.5424363                     
41.935                        614.0721                      0.5405895                     
41.95                         610.7169                      0.5372316                     
41.965                        608.1166                      0.5353848                     
41.98                         605.013                       0.5321109                     
41.995                        601.9094                      0.5294245                     
42.01                         599.2252                      0.5264865                     
42.025                        595.7861                      0.524052                      
42.04                         592.5147                      0.5204422                     
42.055                        589.8305                      0.5188473                     
42.07                         586.643                       0.5157412                     
42.085                        583.7072                      0.5137265                     
42.1                          580.9391                      0.509865                      
42.115                        578.2549                      0.507463                      
42.13                         574.5641                      0.5041503                     
42.145                        571.7122                      0.5015588                     
42.16                         568.6924                      0.4983636                     
42.175                        565.9243                      0.4963508                     
42.19                         562.9885                      0.4930297                     
42.205                        560.3043                      0.4910002                     
42.22                         556.9491                      0.4874946                     
42.235                        553.9293                      0.4857502                     
42.25                         550.9096                      0.482404                      
42.265                        548.2254                      0.4801983                     
42.28                         544.954                       0.4765669                     
42.295                        542.0182                      0.4748561                     
42.31                         538.7468                      0.4713253                     
42.325                        535.7271                      0.4695138                     
42.34                         533.1268                      0.4657735                     
42.355                        530.191                       0.4640542                     
42.37                         526.9196                      0.4604061                     
42.385                        523.8999                      0.4582759                     
42.4                          520.7124                      0.4545523                     
42.415                        517.8604                      0.4525059                     
42.43                         514.9246                      0.4491765                     
42.445                        511.7371                      0.4470295                     
42.46                         508.8852                      0.4435659                     
42.475                        506.201                       0.4419808                     
42.49                         502.7618                      0.4381566                     
42.505                        500.0776                      0.4362277                     
42.52                         496.8901                      0.4327137                     
42.535                        494.1221                      0.4309945                     
42.55                         491.2701                      0.4276398                     
42.565                        487.6632                      0.4257193                     
42.58                         484.7274                      0.4221718                     
42.595                        481.7915                      0.4198655                     
42.61                         478.4363                      0.4167122                     
42.625                        475.7521                      0.4149007                     
42.64                         473.0679                      0.4109674                     
42.655                        469.8804                      0.4091978                     
42.67                         466.7768                      0.4056755                     
42.685                        463.9249                      0.4038723                     
42.7                          460.7374                      0.3999475                     
42.715                        457.5499                      0.3979766                     
42.73                         455.2012                      0.3948065                     
42.745                        451.6782                      0.392777                      
42.76                         448.8262                      0.3891624                     
42.775                        445.6388                      0.3873257                     
42.79                         442.7868                      0.3839627                     
42.805                        440.1026                      0.3821177                     
42.82                         436.999                       0.378327                      
42.835                        434.147                       0.3763729                     
42.85                         430.7917                      0.3729763                     
42.865                        427.6882                      0.3711732                     
42.88                         424.5846                      0.3674748                     
42.895                        421.7326                      0.3654704                     
42.91                         418.7968                      0.3623925                     
42.925                        416.0287                      0.3599772                     
42.94                         412.8412                      0.3565219                     
42.955                        409.9054                      0.3545175                     
42.97                         406.8018                      0.3510623                     
42.985                        403.782                       0.3492005                     
43                            400.7623                      0.3457201                     
43.015                        398.0781                      0.3433634                     
43.03                         394.8067                      0.3402269                     
43.045                        391.6193                      0.3376522                     
43.06                         388.7673                      0.3346666                     
43.075                        385.6637                      0.3324442                     
43.09                         382.8956                      0.3291734                     
43.105                        380.0436                      0.3268923                     
43.12                         376.94                        0.3241163                     
43.135                        373.7526                      0.3218268                     
43.15                         370.8167                      0.3182709                     
43.165                        367.9648                      0.3159562                     
43.18                         364.7773                      0.3131132                     
43.195                        361.9253                      0.3105804                     
43.21                         358.4862                      0.3075026                     
43.225                        355.3826                      0.3054478                     
43.24                         353.2017                      0.3021519                     
43.255                        349.5109                      0.2998289                     
43.27                         346.4912                      0.296491                      
43.285                        343.807                       0.2944279                     
43.3                          340.4518                      0.291132                      
43.315                        337.8514                      0.2888677                     
43.33                         334.7478                      0.2857311                     
43.345                        331.7281                      0.283559                      
43.36                         328.5406                      0.280565                      
43.375                        325.7725                      0.2779651                     
43.39                         322.7528                      0.2745602                     
43.405                        319.4814                      0.2724971                     
43.42                         316.7134                      0.2694276                     
43.435                        313.3581                      0.2670039                     
43.45                         310.6739                      0.2639261                     
43.465                        308.4091                      0.2616282                     
43.48                         304.3828                      0.2584496                     
43.495                        301.2792                      0.2556653                     
43.51                         298.4273                      0.2530068                     
43.525                        295.2398                      0.2510443                     
43.54                         292.6395                      0.2474129                     
43.555                        289.8714                      0.2453918                     
43.57                         286.7678                      0.2422972                     
43.585                        283.9997                      0.2400999                     
43.6                          280.7283                      0.236544                      
43.615                        277.7086                      0.2344725                     
43.63                         274.8567                      0.2311011                     
43.645                        271.8369                      0.2286606                     
43.66                         268.7333                      0.2255576                     
43.675                        265.6297                      0.2234274                     
43.69                         262.3584                      0.2200896                     
43.705                        259.6742                      0.2179678                     
43.72                         256.6544                      0.2142442                     
43.735                        253.3831                      0.212634                      
43.75                         250.3633                      0.2090529                     
43.765                        247.763                       0.2069563                     
43.78                         244.7433                      0.2038113                     
43.795                        241.3881                      0.201505                      
43.81                         238.5361                      0.1981588                     
43.825                        235.5164                      0.1958273                     
43.84                         232.4967                      0.1927494                     
43.855                        229.7286                      0.190636                      
43.87                         226.5411                      0.1874659                     
43.885                        223.4375                      0.1851764                     
43.9                          220.5016                      0.1819476                     
43.915                        217.5658                      0.1798509                     
43.93                         214.7139                      0.1768653                     
43.945                        211.4425                      0.1741229                     
43.96                         208.4228                      0.170978                      
43.975                        205.6547                      0.1687555                     
43.99                         202.2994                      0.1658538                     
44.005                        199.3636                      0.1631366                     
44.02                         196.5955                      0.1603271                     
44.035                        193.3241                      0.1579788                     
44.05                         190.4722                      0.1546661                     
44.065                        187.788                       0.1522592                     
44.08                         184.4327                      0.1494078                     
44.095                        181.4969                      0.1469337                     
44.11                         178.6449                      0.1439901                     
44.125                        175.3736                      0.1413231                     
44.14                         172.5216                      0.1383459                     
44.155                        169.7535                      0.1360145                     
44.17                         166.4822                      0.1326011                     
44.185                        163.4624                      0.130211                      
44.2                          160.275                       0.1272086                     
44.215                        157.6747                      0.124961                      
44.23                         154.2355                      0.1218747                     
44.245                        151.6352                      0.119711                      
44.26                         148.1961                      0.1164486                     
44.275                        145.3441                      0.1137566                     
44.29                         142.6599                      0.1110477                     
44.305                        139.4724                      0.1088504                     
44.32                         136.4527                      0.1055965                     
44.335                        133.8524                      0.1031476                     
44.35                         130.4971                      0.1002123                     
44.365                        127.813                       0.09818275                    
44.38                         124.3738                      0.09431655                    
44.395                        121.6057                      0.09217798                    
44.41                         118.6699                      0.08928462                    
44.425                        115.3985                      0.08691123                    
44.44                         112.3788                      0.08361532                    
44.455                        109.6107                      0.08153545                    
44.47                         106.6749                      0.07849953                    
44.485                        103.739                       0.07600033                    
44.5                          100.7193                      0.07233541                    
44.515                        97.44796                      0.07049038                    
44.53                         94.51212                      0.06751315                    
44.545                        91.07299                      0.06484623                    
44.56                         88.22103                      0.06201158                    
44.575                        85.78848                      0.05948723                    
44.59                         82.85263                      0.05668612                    
44.605                        79.58126                      0.05366696                    
44.62                         76.47766                      0.05094134                    
44.635                        73.37406                      0.04863504                    
44.65                         70.94151                      0.0456662                     
44.665                        67.50237                      0.04307476                    
44.68                         64.31489                      0.04048331                    
44.695                        61.79845                      0.03748932                    
44.71                         58.35933                      0.03471337                    
44.725                        55.42348                      0.03203806                    
44.74                         52.40377                      0.02942541                    
44.755                        49.38404                      0.02649231                    
44.77                         46.28044                      0.02378561                    
44.785                        43.68012                      0.02118036                    
44.8                          40.15711                      0.01789844                    
44.815                        37.47291                      0.01556571                    
44.83                         34.03379                      0.01248336                    
44.845                        31.26571                      0.009863018                   
44.86                         28.07822                      0.007074977                   
44.875                        25.14238                      0.004946006                   
44.89                         22.29042                      0.001856103                   
44.905                        19.43846                      -0.0007751356                 
44.92                         16.50262                      -0.00352125                   
44.935                        13.4829                       -0.005967178                  
44.95                         10.21153                      -0.009265031                  
44.965                        7.191808                      -0.01162375                   
44.98                         3.920442                      -0.01457027                   
44.995                        1.571769                      -0.01676884                   
45.01                         -1.364073                     -0.02011449                   
45.025                        -4.71932                      -0.022412                     
45.04                         -7.906805                     -0.02532414                   
45.055                        -11.01041                     -0.02813314                   
45.07                         -13.94625                     -0.03120963                   
45.085                        -17.13374                     -0.03344928                   
45.1                          -19.65017                     -0.03631111                   
45.115                        -22.58601                     -0.03896751                   
45.13                         -25.35409                     -0.04177148                   
45.145                        -28.62546                     -0.04435911                   
45.16                         -31.39354                     -0.04741548                   
45.175                        -34.91655                     -0.04984631                   
45.19                         -37.43298                     -0.05250522                   
45.205                        -40.45271                     -0.05518173                   
45.22                         -43.64019                     -0.05833872                   
45.235                        -46.91156                     -0.06071338                   
45.25                         -49.67963                     -0.06320374                   
45.265                        -52.53159                     -0.06618213                   
45.28                         -55.88684                     -0.06912697                   
45.295                        -59.15821                     -0.07167184                   
45.31                         -61.67464                     -0.07415969                   
45.325                        -64.86212                     -0.07718167                   
45.34                         -68.04961                     -0.07989089                   
45.355                        -70.90157                     -0.08272421                   
45.37                         -73.83742                     -0.08551896                   
45.385                        -77.19266                     -0.08878076                   
45.4                          -79.79298                     -0.09106234                   
45.415                        -82.72881                     -0.09370197                   
45.43                         -86.08407                     -0.09635249                   
45.445                        -88.85215                     -0.09904745                   
45.46                         -91.7041                      -0.1018263                    
45.475                        -94.8077                      -0.10405                      
45.49                         -97.65967                     -0.1074554                    
45.505                        -100.5955                     -0.109661                     
45.52                         -103.6991                     -0.1126718                    
45.535                        -106.8027                     -0.1150536                    
45.55                         -109.7386                     -0.1180056                    
45.565                        -112.6744                     -0.1205635                    
45.58                         -115.8619                     -0.1235072                    
45.595                        -118.7977                     -0.1260903                    
45.61                         -121.9013                     -0.129143                     
45.625                        -125.0049                     -0.1313403                    
45.64                         -127.773                      -0.1346446                    
45.655                        -131.2121                     -0.1370683                    
45.67                         -134.0641                     -0.140079                     
45.685                        -137.0838                     -0.1423434                    
45.7                          -139.8519                     -0.1456141                    
45.715                        -143.0394                     -0.1481972                    
45.73                         -145.9752                     -0.1508474                    
45.745                        -149.1627                     -0.1536233                    
45.76                         -152.0147                     -0.1563825                    
45.775                        -155.286                      -0.1589572                    
45.79                         -158.2219                     -0.1614563                    
45.805                        -160.99                       -0.1641065                    
45.82                         -163.8419                     -0.1671844                    
45.835                        -166.6939                     -0.1697758                    
45.85                         -170.133                      -0.1724846                    
45.865                        -172.5656                     -0.1751683                    
45.88                         -176.0886                     -0.1778436                    
45.895                        -179.0244                     -0.1805525                    
45.91                         -182.128                      -0.1831691                    
45.925                        -184.6445                     -0.1865489                    
45.94                         -188.0836                     -0.1888887                    
45.955                        -191.0194                     -0.191933                     
45.97                         -193.9553                     -0.1946335                    
45.985                        -196.8072                     -0.1975185                    
46                            -200.5819                     -0.1999674                    
46.015                        -203.1822                     -0.2027097                    
46.03                         -206.0341                     -0.2057792                    
46.045                        -209.0539                     -0.2080939                    
46.06                         -211.9058                     -0.2110795                    
46.075                        -215.0933                     -0.2137968                    
46.09                         -218.3647                     -0.216296                     
46.105                        -221.2167                     -0.2188203                    
46.12                         -224.0686                     -0.221655                     
46.135                        -227.1722                     -0.2244561                    
46.15                         -229.7725                     -0.2273662                    
46.165                        -232.96                       -0.2299493                    
46.18                         -236.0636                     -0.2326581                    
46.195                        -239.335                      -0.2348973                    
46.21                         -242.2708                     -0.2381848                    
46.225                        -245.1228                     -0.2406505                    
46.24                         -248.2264                     -0.2438961                    
46.255                        -250.8267                     -0.2461353                    
46.27                         -254.0142                     -0.2490119                    
46.285                        -257.1178                     -0.2516704                    
46.3                          -260.0536                     -0.2546979                    
46.315                        -262.9056                     -0.2569456                    
46.33                         -266.0092                     -0.2600402                    
46.345                        -269.1128                     -0.2624304                    
46.36                         -272.0486                     -0.2655166                    
46.375                        -275.32                       -0.2680745                    
46.39                         -278.0042                     -0.2710517                    
46.405                        -281.1917                     -0.2734167                    
46.42                         -284.3792                     -0.2761927                    
46.435                        -286.8956                     -0.2790441                    
46.45                         -289.9153                     -0.2817194                    
46.465                        -292.7673                     -0.2846463                    
46.48                         -295.9548                     -0.28733                      
46.495                        -299.1423                     -0.2895189                    
46.51                         -301.8264                     -0.2928568                    
46.525                        -305.0978                     -0.2952301                    
46.54                         -308.2014                     -0.2979558                    
46.555                        -310.8018                     -0.3005807                    
46.57                         -313.8215                     -0.3036083                    
46.585                        -316.9251                     -0.3063842                    
46.6                          -320.0287                     -0.3088666                    
46.615                        -323.3                        -0.311542                     
46.63                         -326.2359                     -0.3142173                    
46.645                        -329.1717                     -0.3172029                    
46.66                         -331.9398                     -0.319895                     
46.675                        -334.9595                     -0.3224948                    
46.69                         -338.3148                     -0.3257571                    
46.705                        -341.2506                     -0.3284073                    
46.72                         -344.1864                     -0.3311162                    
46.735                        -347.2062                     -0.3336992                    
46.75                         -350.0581                     -0.3363158                    
46.765                        -353.2456                     -0.3392344                    
46.78                         -355.8459                     -0.3416077                    
46.795                        -359.1173                     -0.344652                     
46.81                         -361.9692                     -0.347277                     
46.825                        -365.4084                     -0.3501956                    
46.84                         -368.1765                     -0.3526444                    
46.855                        -371.1123                     -0.3552527                    
46.87                         -374.0482                     -0.3581376                    
46.885                        -377.4873                     -0.3610897                    
46.9                          -379.9199                     -0.3633625                    
46.915                        -383.1912                     -0.3664319                    
46.93                         -386.2109                     -0.369233                     
46.945                        -389.1468                     -0.3716735                    
46.96                         -392.4182                     -0.3746507                    
46.975                        -395.4379                     -0.3769822                    
46.99                         -398.2898                     -0.3799846                    
47.005                        -401.2256                     -0.3823328                    
47.02                         -404.2454                     -0.3855532                    
47.035                        -407.2651                     -0.388304                     
47.05                         -410.3687                     -0.3909709                    
47.065                        -413.1368                     -0.3933946                    
47.08                         -416.492                      -0.3965228                    
47.095                        -418.9246                     -0.3988627                    
47.11                         -422.4476                     -0.4017812                    
47.125                        -424.8802                     -0.4041043                    
47.14                         -427.8999                     -0.4075763                    
47.155                        -431.1713                     -0.4098239                    
47.17                         -434.3587                     -0.4124908                    
47.185                        -437.3784                     -0.4153255                    
47.2                          -440.3982                     -0.4184872                    
47.215                        -443.2501                     -0.4210535                    
47.23                         -446.2699                     -0.4235778                    
47.245                        -449.2057                     -0.4265131                    
47.26                         -451.8899                     -0.4292807                    
47.275                        -455.5807                     -0.4318721                    
47.29                         -458.181                      -0.4344384                    
47.305                        -461.4524                     -0.4370718                    
47.32                         -464.3043                     -0.4400406                    
47.335                        -467.5757                     -0.4429424                    
47.35                         -470.6793                     -0.4451648                    
47.365                        -473.1957                     -0.4482511                    
47.38                         -476.2154                     -0.4509599                    
47.395                        -479.7385                     -0.453392                     
47.41                         -482.4226                     -0.456277                     
47.425                        -484.8552                     -0.4590362                    
47.44                         -488.2943                     -0.4616695                    
47.455                        -491.2302                     -0.4640094                    
47.47                         -494.4177                     -0.4670956                    
47.485                        -497.4374                     -0.4702322                    
47.5                          -500.2893                     -0.472874                     
47.515                        -503.1413                     -0.4749119                    
47.53                         -506.0771                     -0.4781826                    
47.545                        -509.1807                     -0.4808915                    
47.56                         -512.3682                     -0.4836842                    
47.575                        -515.2202                     -0.4858647                    
47.59                         -518.3238                     -0.4891187                    
47.605                        -521.8468                     -0.4917689                    
47.62                         -524.4471                     -0.4944022                    
47.635                        -527.3829                     -0.4969265                    
47.65                         -530.3188                     -0.5001135                    
47.665                        -533.2546                     -0.5026211                    
47.68                         -535.8549                     -0.5055982                    
47.695                        -539.378                      -0.5082819                    
47.71                         -542.0621                     -0.5113178                    
47.725                        -545.5013                     -0.5136242                    
47.74                         -548.1855                     -0.5163666                    
47.755                        -551.2891                     -0.5190419                    
47.77                         -554.6443                     -0.522103                     
47.785                        -557.5802                     -0.5244429                    
47.8                          -560.2644                     -0.527051                     
47.815                        -563.2841                     -0.5300031                    
47.83                         -566.3877                     -0.5330726                    
47.845                        -569.1558                     -0.535337                     
47.86                         -572.0917                     -0.5380542                    
47.875                        -575.4469                     -0.5409056                    
47.89                         -578.131                      -0.5435809                    
47.905                        -581.3185                     -0.5460969                    
47.92                         -584.3383                     -0.5491412                    
47.935                        -587.4419                     -0.5518501                    
47.95                         -590.4616                     -0.554257                     
47.965                        -593.1458                     -0.5572929                    
47.98                         -596.2494                     -0.5600269                    
47.995                        -599.2691                     -0.5626351                    
48.01                         -602.2889                     -0.5650924                    
48.025                        -605.2247                     -0.5678096                    
48.04                         -608.7477                     -0.5711643                    
48.055                        -611.8513                     -0.5736132                    
48.07                         -614.1161                     -0.5759698                    
48.085                        -617.3875                     -0.5790393                    
48.1                          -620.4072                     -0.5815552                    
48.115                        -623.5947                     -0.5843899                    
48.13                         -626.4466                     -0.5868974                    
48.145                        -629.2147                     -0.5906043                    
48.16                         -632.6538                     -0.5927261                    
48.175                        -635.6736                     -0.5955691                    
48.19                         -638.4417                     -0.598387                     
48.205                        -641.1259                     -0.6011126                    
48.22                         -644.2294                     -0.603855                     
48.235                        -647.7524                     -0.606111                     
48.25                         -650.6883                     -0.6090211                    
48.265                        -653.3725                     -0.611881                     
48.28                         -656.56                       -0.6146904                    
48.295                        -659.2442                     -0.6171309                    
48.31                         -662.6833                     -0.6198314                    
48.325                        -665.4514                     -0.6226242                    
48.34                         -668.6389                     -0.6254588                    
48.355                        -671.407                      -0.6277819                    
48.37                         -674.3428                     -0.6311197                    
48.385                        -677.2787                     -0.6334847                    
48.4                          -680.6339                     -0.636529                     
48.415                        -683.7375                     -0.6390114                    
48.43                         -686.2539                     -0.6418712                    
48.445                        -689.3575                     -0.6445298                    
48.46                         -692.3773                     -0.6472638                    
48.475                        -695.4809                     -0.6500901                    
48.49                         -698.5844                     -0.652715                     
48.505                        -701.772                      -0.6554742                    
48.52                         -704.2045                     -0.6580321                    
48.535                        -707.392                      -0.6607997                    
48.55                         -710.244                      -0.6634247                    
48.565                        -713.5992                     -0.6661754                    
48.58                         -716.535                      -0.6685572                    
48.595                        -719.7225                     -0.6719286                    
48.61                         -722.4905                     -0.6740505                    
48.625                        -725.6781                     -0.6771451                    
48.64                         -728.53                       -0.6799546                    
48.655                        -731.5498                     -0.6827976                    
48.67                         -734.6533                     -0.6853219                    
48.685                        -737.3376                     -0.6881063                    
48.7                          -740.525                      -0.6911255                    
48.715                        -743.7964                     -0.6938678                    
48.73                         -746.8162                     -0.6961657                    
48.745                        -749.752                      -0.6991765                    
48.76                         -752.6878                     -0.7016087                    
48.775                        -755.9592                     -0.7045859                    
48.79                         -758.8112                     -0.7069843                    
48.805                        -761.6631                     -0.71023                      
48.82                         -765.0183                     -0.7127711                    
48.835                        -767.7864                     -0.7155387                    
48.85                         -770.4706                     -0.7178534                    
48.865                        -773.6581                     -0.7210151                    
48.88                         -776.6779                     -0.7235562                    
48.895                        -779.362                      -0.7264496                    
48.91                         -782.4656                     -0.7286972                    
48.925                        -785.737                      -0.7319931                    
48.94                         -788.2535                     -0.7341652                    
48.955                        -791.6087                     -0.7373689                    
48.97                         -794.4606                     -0.7396668                    
48.985                        -797.5642                     -0.7427195                    
49                            -800.3323                     -0.7450258                    
49.015                        -803.6037                     -0.748263                     
49.03                         -806.9589                     -0.7506699                    
49.045                        -809.727                      -0.7535716                    
49.06                         -812.4112                     -0.7558863                    
49.075                        -815.5987                     -0.7593248                    
49.09                         -818.6185                     -0.7613208                    
49.105                        -821.6381                     -0.7646419                    
49.12                         -824.1545                     -0.7668308                    
49.135                        -828.0131                     -0.7700093                    
49.15                         -830.6135                     -0.7725337                    
49.165                        -833.6331                     -0.7754605                    
49.18                         -836.7368                     -0.7777165                    
49.195                        -840.0081                     -0.7807105                    
49.21                         -842.944                      -0.7831845                    
49.225                        -845.3765                     -0.7862205                    
49.24                         -848.564                      -0.7885436                    
49.255                        -851.8354                     -0.7919568                    
49.27                         -854.2679                     -0.7941206                    
49.285                        -857.7909                     -0.7971314                    
49.3                          -860.7267                     -0.7994879                    
49.315                        -863.7465                     -0.8025072                    
49.33                         -866.4307                     -0.8049309                    
49.345                        -869.8698                     -0.8078578                    
49.36                         -872.3024                     -0.8105499                    
49.375                        -875.6576                     -0.8136948                    
49.39                         -878.4257                     -0.8161185                    
49.405                        -881.697                      -0.819037                     
49.42                         -885.0523                     -0.8213014                    
49.435                        -887.9882                     -0.8244128                    
49.45                         -890.6724                     -0.8268952                    
49.465                        -893.7759                     -0.8297383                    
49.48                         -896.7957                     -0.832162                     
49.495                        -899.8154                     -0.8353992                    
49.51                         -902.8351                     -0.8376468                    
49.525                        -905.8549                     -0.8410015                    
49.54                         -908.7068                     -0.8427207                    
49.555                        -911.8104                     -0.8462849                    
49.57                         -914.6624                     -0.8484151                    
49.585                        -917.9337                     -0.8516356                    
49.6                          -920.7857                     -0.8542018                    
49.615                        -924.0571                     -0.8574893                    
49.63                         -926.8252                     -0.8593679                    
49.645                        -929.6771                     -0.8629742                    
49.66                         -932.613                      -0.8649618                    
49.675                        -935.8004                     -0.8684338                    
49.69                         -938.8202                     -0.8700776                    
49.705                        -941.9238                     -0.8739522                    
49.72                         -944.8596                     -0.8756882                    
49.735                        -947.7954                     -0.8791602                    
49.75                         -950.5635                     -0.8809465                    
49.765                        -953.9188                     -0.8846701                    
49.78                         -956.4352                     -0.8865319                    
49.795                        -959.5388                     -0.8899202                    
49.81                         -962.9779                     -0.8916729                    
49.825                        -966.0815                     -0.8958913                    
49.84                         -968.7657                     -0.8975267                    
49.855                        -971.7855                     -0.9008478                    
49.87                         -974.6374                     -0.9027432                    
49.885                        -978.0765                     -0.90671                      
49.9                          -980.6769                     -0.9082951                    
49.915                        -983.9482                     -0.9115071                    
49.93                         -987.0518                     -0.9139727                    
49.945                        -989.4844                     -0.9176376                    
49.96                         -993.0074                     -0.9193318                    
49.975                        -995.5239                     -0.9225773                    
49.99                         -999.0468                     -0.9243659                    
50.005                        -1001.731                     -0.9278917                    
50.02                         -1004.667                     -0.9296546                    
50.035                        -1007.938                     -0.9328446                    
50.05                         -1010.958                     -0.9351112                    
50.065                        -1014.145                     -0.9383851                    
50.08                         -1017.585                     -0.9403998                    
50.095                        -1019.933                     -0.9441774                    
50.11                         -1022.785                     -0.946528                     
50.125                        -1025.973                     -0.9493821                    
50.14                         -1028.741                     -0.9514807                    
50.155                        -1031.257                     -0.9550065                    
50.17                         -1034.864                     -0.9570212                    
50.185                        -1037.884                     -0.9602113                    
50.2                          -1040.652                     -0.9624778                    
50.215                        -1043.923                     -0.9654999                    
50.23                         -1046.524                     -0.9679344                    
50.245                        -1049.627                     -0.9713762                    
50.26                         -1052.982                     -0.9733909                    
50.275                        -1055.667                     -0.9768327                    
50.29                         -1058.77                      -0.9785116                    
50.305                        -1061.958                     -0.9821213                    
50.32                         -1064.894                     -0.984304                     
50.335                        -1067.745                     -0.9875779                    
50.35                         -1070.765                     -0.9895926                    
50.365                        -1073.701                     -0.9934542                    
50.38                         -1077.224                     -0.995301                     
50.395                        -1080.076                     -0.998575                     
50.41                         -1082.844                     -1.000925                     
50.425                        -1086.451                     -1.004032                     
50.44                         -1088.632                     -1.006046                     
50.455                        -1091.819                     -1.009488                     
50.47                         -1094.755                     -1.011671                     
50.485                        -1098.11                      -1.015448                     
50.5                          -1101.046                     -1.017211                     
50.515                        -1104.318                     -1.020149                     
50.53                         -1106.834                     -1.022248                     
50.545                        -1109.686                     -1.026193                     
50.56                         -1112.538                     -1.027872                     
50.575                        -1115.642                     -1.031734                     
50.59                         -1118.661                     -1.033749                     
50.605                        -1122.017                     -1.036939                     
50.62                         -1125.036                     -1.038785                     
50.635                        -1127.804                     -1.042563                     
50.65                         -1130.74                      -1.04399                      
50.665                        -1133.928                     -1.047516                     
50.68                         -1137.031                     -1.049699                     
50.695                        -1139.464                     -1.053392                     
50.71                         -1143.071                     -1.055407                     
50.725                        -1145.923                     -1.058597                     
50.74                         -1148.859                     -1.060612                     
50.755                        -1151.878                     -1.063886                     
50.77                         -1154.898                     -1.06632                      
50.785                        -1158.086                     -1.070098                     
50.8                          -1161.525                     -1.071609                     
50.815                        -1164.125                     -1.075218                     
50.83                         -1166.977                     -1.076981                     
50.845                        -1169.913                     -1.080255                     
50.86                         -1173.016                     -1.082354                     
50.875                        -1176.204                     -1.08588                      
50.89                         -1178.972                     -1.088314                     
50.905                        -1181.992                     -1.091168                     
50.92                         -1184.676                     -1.093267                     
50.935                        -1187.947                     -1.096709                     
50.95                         -1191.302                     -1.098891                     
50.965                        -1193.819                     -1.101662                     
50.98                         -1197.09                      -1.104936                     
50.995                        -1200.026                     -1.108042                     
51.01                         -1202.626                     -1.110224                     
51.025                        -1205.898                     -1.113666                     
51.04                         -1209.085                     -1.115345                     
51.055                        -1212.189                     -1.118451                     
51.07                         -1214.873                     -1.120298                     
51.085                        -1218.396                     -1.124831                     
51.1                          -1221.248                     -1.126258                     
51.115                        -1224.1                       -1.129364                     
51.13                         -1226.952                     -1.131631                     
51.145                        -1229.972                     -1.135828                     
51.16                         -1233.243                     -1.136667                     
51.175                        -1236.179                     -1.140613                     
51.19                         -1238.863                     -1.142963                     
51.205                        -1241.799                     -1.146405                     
51.22                         -1245.238                     -1.147916                     
51.235                        -1248.09                      -1.15161                      
51.25                         -1251.445                     -1.152953                     
51.265                        -1254.213                     -1.156731                     
51.28                         -1256.646                     -1.159249                     
51.295                        -1259.833                     -1.162523                     
51.31                         -1263.105                     -1.164118                     
51.325                        -1266.041                     -1.16798                      
51.34                         -1269.06                      -1.169659                     
51.355                        -1271.828                     -1.173268                     
51.37                         -1275.1                       -1.174863                     
51.385                        -1278.623                     -1.17948                      
51.4                          -1280.888                     -1.180655                     
51.415                        -1284.327                     -1.183678                     
51.43                         -1286.675                     -1.186532                     
51.445                        -1290.45                      -1.189722                     
51.46                         -1293.134                     -1.191904                     
51.475                        -1296.322                     -1.195178                     
51.49                         -1298.67                      -1.197361                     
51.505                        -1302.193                     -1.200971                     
51.52                         -1305.549                     -1.202146                     
51.535                        -1308.401                     -1.205504                     
51.55                         -1310.666                     -1.207854                     
51.565                        -1314.188                     -1.2118                       
51.58                         -1317.46                      -1.213059                     
51.595                        -1320.228                     -1.217005                     
51.61                         -1322.912                     -1.219271                     
51.625                        -1326.016                     -1.222377                     
51.64                         -1329.371                     -1.224308                     
51.655                        -1332.055                     -1.227498                     
51.67                         -1335.075                     -1.229596                     
51.685                        -1337.927                     -1.232954                     
51.7                          -1341.282                     -1.235137                     
51.715                        -1344.302                     -1.238999                     
51.73                         -1347.154                     -1.24051                      
51.745                        -1350.341                     -1.244539                     
51.76                         -1353.613                     -1.24605                      
51.775                        -1356.465                     -1.249408                     
51.79                         -1359.065                     -1.251507                     
51.805                        -1362.168                     -1.255368                     
51.82                         -1365.188                     -1.256963                     
51.835                        -1368.124                     -1.260405                     
51.85                         -1371.312                     -1.262672                     
51.865                        -1374.247                     -1.266365                     
51.88                         -1377.099                     -1.268128                     
51.895                        -1380.371                     -1.271654                     
51.91                         -1383.223                     -1.27392                      
51.925                        -1386.158                     -1.276858                     
51.94                         -1389.43                      -1.278957                     
51.955                        -1392.45                      -1.282231                     
51.97                         -1394.966                     -1.28433                      
51.985                        -1397.818                     -1.287772                     
52                            -1401.005                     -1.289954                     
52.015                        -1404.612                     -1.293396                     
52.03                         -1407.38                      -1.295243                     
52.045                        -1410.232                     -1.298601                     
52.06                         -1413.168                     -1.300615                     
52.075                        -1416.272                     -1.303973                     
52.09                         -1419.292                     -1.306408                     
52.105                        -1422.563                     -1.309682                     
52.12                         -1424.828                     -1.311948                     
52.135                        -1428.183                     -1.315054                     
52.15                         -1431.119                     -1.317153                     
52.165                        -1434.39                      -1.320259                     
52.18                         -1437.242                     -1.322693                     
52.195                        -1440.43                      -1.325799                     
52.21                         -1443.365                     -1.328654                     
52.225                        -1446.469                     -1.33134                      
52.24                         -1449.321                     -1.333607                     
52.255                        -1452.173                     -1.336293                     
52.27                         -1455.109                     -1.339063                     
52.285                        -1458.296                     -1.342085                     
52.3                          -1461.4                       -1.344855                     
52.315                        -1464.168                     -1.348213                     
52.33                         -1467.272                     -1.350396                     
52.345                        -1470.459                     -1.352998                     
52.36                         -1473.479                     -1.355853                     
52.375                        -1476.079                     -1.358791                     
52.39                         -1479.518                     -1.361309                     
52.405                        -1482.202                     -1.363492                     
52.42                         -1485.39                      -1.36643                      
52.435                        -1488.326                     -1.369536                     
52.45                         -1491.178                     -1.371718                     
52.465                        -1494.114                     -1.37516                      
52.48                         -1497.469                     -1.377595                     
52.495                        -1500.405                     -1.380533                     
52.51                         -1503.424                     -1.382631                     
52.525                        -1506.696                     -1.386409                     
52.54                         -1509.128                     -1.38834                      
52.555                        -1512.568                     -1.391194                     
52.57                         -1515.755                     -1.393796                     
52.585                        -1518.271                     -1.396735                     
52.6                          -1521.207                     -1.399421                     
52.615                        -1524.479                     -1.402107                     
52.63                         -1527.75                      -1.405129                     
52.645                        -1530.518                     -1.407816                     
52.66                         -1533.118                     -1.410418                     
52.675                        -1536.054                     -1.41344                      
52.69                         -1539.158                     -1.415455                     
52.705                        -1542.261                     -1.418393                     
52.72                         -1545.784                     -1.421583                     
52.735                        -1548.469                     -1.424605                     
52.75                         -1551.404                     -1.426787                     
52.765                        -1554.592                     -1.429642                     
52.78                         -1557.612                     -1.432412                     
52.795                        -1560.38                      -1.435182                     
52.81                         -1563.148                     -1.437617                     
52.825                        -1566.419                     -1.440471                     
52.84                         -1569.774                     -1.442821                     
52.855                        -1572.962                     -1.445927                     
52.87                         -1575.394                     -1.448698                     
52.885                        -1578.163                     -1.45172                      
52.9                          -1581.602                     -1.453986                     
52.915                        -1584.202                     -1.457008                     
52.93                         -1587.473                     -1.459443                     
52.945                        -1590.157                     -1.462381                     
52.96                         -1593.513                     -1.464983                     
52.975                        -1596.449                     -1.467502                     
52.99                         -1599.636                     -1.470356                     
53.005                        -1602.572                     -1.47279                      
53.02                         -1605.508                     -1.476064                     
53.035                        -1608.611                     -1.479002                     
53.05                         -1611.631                     -1.481521                     
53.065                        -1614.399                     -1.483955                     
53.08                         -1617.419                     -1.486893                     
53.095                        -1620.858                     -1.489664                     
53.11                         -1623.542                     -1.492434                     
53.125                        -1626.31                      -1.49512                      
53.14                         -1629.833                     -1.497723                     
53.155                        -1632.182                     -1.500661                     
53.17                         -1635.789                     -1.503347                     
53.185                        -1638.641                     -1.505865                     
53.2                          -1641.157                     -1.508636                     
53.215                        -1644.345                     -1.510986                     
53.23                         -1647.365                     -1.514092                     
53.245                        -1650.468                     -1.516695                     
53.26                         -1653.488                     -1.520388                     
53.275                        -1656.508                     -1.522319                     
53.29                         -1659.695                     -1.524921                     
53.305                        -1662.631                     -1.527943                     
53.32                         -1665.567                     -1.530714                     
53.335                        -1668.67                      -1.5334                       
53.35                         -1671.606                     -1.535918                     
53.365                        -1674.123                     -1.539192                     
53.38                         -1677.562                     -1.541627                     
53.395                        -1680.665                     -1.544061                     
53.41                         -1684.021                     -1.546664                     
53.425                        -1686.621                     -1.549182                     
53.44                         -1689.641                     -1.552372                     
53.455                        -1692.325                     -1.555142                     
53.47                         -1695.764                     -1.557996                     
53.485                        -1699.035                     -1.561102                     
53.5                          -1701.887                     -1.563117                     
53.515                        -1704.488                     -1.566223                     
53.53                         -1707.339                     -1.568993                     
53.545                        -1710.779                     -1.571764                     
53.56                         -1713.882                     -1.574114                     
53.575                        -1716.65                      -1.57722                      
53.59                         -1719.586                     -1.579823                     
53.605                        -1722.438                     -1.582509                     
53.62                         -1725.793                     -1.585111                     
53.635                        -1728.729                     -1.587881                     
53.65                         -1731.497                     -1.5904                       
53.665                        -1734.685                     -1.59275                      
53.68                         -1737.788                     -1.59594                      
53.695                        -1740.976                     -1.598879                     
53.71                         -1743.241                     -1.601565                     
53.725                        -1746.596                     -1.603999                     
53.74                         -1749.699                     -1.606601                     
53.755                        -1752.887                     -1.609624                     
53.77                         -1755.991                     -1.612142                     
53.785                        -1758.759                     -1.615584                     
53.8                          -1761.275                     -1.617934                     
53.815                        -1765.05                      -1.620957                     
53.83                         -1767.986                     -1.623139                     
53.845                        -1771.005                     -1.626077                     
53.86                         -1773.941                     -1.628344                     
53.875                        -1777.045                     -1.631618                     
53.89                         -1779.561                     -1.634304                     
53.905                        -1782.833                     -1.636738                     
53.92                         -1785.601                     -1.639593                     
53.935                        -1788.536                     -1.642531                     
53.95                         -1791.724                     -1.645217                     
53.965                        -1794.66                      -1.648155                     
53.98                         -1797.428                     -1.650254                     
53.995                        -1800.615                     -1.653947                     
54.01                         -1803.719                     -1.656046                     
54.025                        -1806.906                     -1.658732                     
54.04                         -1809.591                     -1.661083                     
54.055                        -1812.862                     -1.664357                     
54.07                         -1816.05                      -1.666624                     
54.085                        -1818.818                     -1.669478                     
54.1                          -1821.67                      -1.672584                     
54.115                        -1824.438                     -1.675606                     
54.13                         -1827.877                     -1.677872                     
54.145                        -1830.729                     -1.680643                     
54.16                         -1834                         -1.683161                     
54.175                        -1836.936                     -1.686351                     
54.19                         -1840.207                     -1.688618                     
54.205                        -1842.472                     -1.69164                      
54.22                         -1845.911                     -1.694494                     
54.235                        -1848.595                     -1.696928                     
54.25                         -1851.447                     -1.699447                     
54.265                        -1855.138                     -1.702301                     
54.28                         -1857.906                     -1.704651                     
54.295                        -1861.094                     -1.707841                     
54.31                         -1863.862                     -1.71036                      
54.325                        -1866.965                     -1.713046                     
54.34                         -1869.65                      -1.715984                     
54.355                        -1872.921                     -1.718922                     
54.37                         -1876.109                     -1.721525                     
54.385                        -1878.96                      -1.723875                     
54.4                          -1882.064                     -1.727233                     
54.415                        -1884.916                     -1.730003                     
54.43                         -1887.936                     -1.733445                     
54.445                        -1890.368                     -1.735544                     
54.46                         -1893.724                     -1.737978                     
54.475                        -1897.247                     -1.740748                     
54.49                         -1900.182                     -1.743435                     
54.505                        -1902.867                     -1.745785                     
54.52                         -1905.635                     -1.748556                     
54.535                        -1908.906                     -1.752081                     
54.55                         -1911.506                     -1.754516                     
54.565                        -1914.861                     -1.757286                     
54.58                         -1917.965                     -1.759469                     
54.595                        -1920.901                     -1.762407                     
54.61                         -1923.753                     -1.765261                     
54.625                        -1927.024                     -1.767779                     
54.64                         -1929.708                     -1.770802                     
54.655                        -1932.98                      -1.773488                     
54.67                         -1935.916                     -1.77609                      
54.685                        -1939.187                     -1.778692                     
54.7                          -1942.039                     -1.780875                     
54.715                        -1945.059                     -1.783561                     
54.73                         -1947.995                     -1.786751                     
54.745                        -1950.511                     -1.789773                     
54.76                         -1953.615                     -1.792712                     
54.775                        -1957.054                     -1.795146                     
54.79                         -1959.822                     -1.797161                     
54.805                        -1962.842                     -1.800183                     
54.82                         -1966.029                     -1.803457                     
54.835                        -1969.133                     -1.806143                     
54.85                         -1971.901                     -1.809165                     
54.865                        -1974.669                     -1.812439                     
54.88                         -1977.689                     -1.814118                     
54.895                        -1981.128                     -1.81714                      
54.91                         -1983.896                     -1.820078                     
54.925                        -1987.083                     -1.822429                     
54.94                         -1990.103                     -1.825115                     
54.955                        -1992.787                     -1.827801                     
54.97                         -1996.394                     -1.831243                     
54.985                        -1998.911                     -1.833594                     
55                            -2002.014                     -1.83628                      
55.015                        -1999.246                     -1.807234                     
55.03                         -1996.394                     -1.797832                     
55.045                        -1993.374                     -1.793467                     
55.06                         -1990.271                     -1.790193                     
55.075                        -1987.503                     -1.786919                     
55.09                         -1983.98                      -1.784569                     
55.105                        -1981.463                     -1.781379                     
55.12                         -1978.36                      -1.778525                     
55.135                        -1975.34                      -1.775838                     
55.15                         -1971.985                     -1.773488                     
55.165                        -1969.552                     -1.770298                     
55.18                         -1966.7                       -1.767695                     
55.195                        -1963.68                      -1.764589                     
55.21                         -1960.073                     -1.762155                     
55.225                        -1957.054                     -1.759385                     
55.24                         -1953.95                      -1.756279                     
55.255                        -1951.266                     -1.754096                     
55.27                         -1948.162                     -1.750822                     
55.285                        -1945.31                      -1.748472                     
55.3                          -1942.207                     -1.745701                     
55.315                        -1939.271                     -1.742595                     
55.33                         -1936.251                     -1.739741                     
55.345                        -1932.896                     -1.737726                     
55.36                         -1930.044                     -1.734704                     
55.375                        -1926.94                      -1.732102                     
55.39                         -1924.676                     -1.729164                     
55.405                        -1921.237                     -1.726813                     
55.42                         -1918.469                     -1.723539                     
55.435                        -1915.113                     -1.720769                     
55.45                         -1912.345                     -1.717579                     
55.465                        -1908.822                     -1.715732                     
55.48                         -1905.97                      -1.712626                     
55.495                        -1903.37                      -1.710108                     
55.51                         -1899.931                     -1.70759                      
55.525                        -1897.247                     -1.704567                     
55.54                         -1893.975                     -1.701461                     
55.555                        -1891.039                     -1.699111                     
55.57                         -1888.355                     -1.696425                     
55.585                        -1885.335                     -1.693403                     
55.6                          -1882.064                     -1.6908                       
55.615                        -1879.128                     -1.688366                     
55.63                         -1876.192                     -1.685176                     
55.645                        -1873.005                     -1.683161                     
55.66                         -1870.153                     -1.680139                     
55.675                        -1867.469                     -1.677369                     
55.69                         -1864.197                     -1.674095                     
55.705                        -1861.094                     -1.671828                     
55.72                         -1857.99                      -1.66931                      
55.735                        -1854.97                      -1.665868                     
55.75                         -1852.119                     -1.663769                     
55.765                        -1849.183                     -1.661251                     
55.78                         -1846.163                     -1.658145                     
55.795                        -1842.891                     -1.655291                     
55.81                         -1839.956                     -1.652604                     
55.825                        -1837.104                     -1.649498                     
55.84                         -1834.168                     -1.647232                     
55.855                        -1830.98                      -1.644378                     
55.87                         -1827.877                     -1.641607                     
55.885                        -1825.109                     -1.638501                     
55.9                          -1822.089                     -1.636235                     
55.915                        -1818.901                     -1.633213                     
55.93                         -1816.05                      -1.631366                     
55.945                        -1813.114                     -1.627756                     
55.96                         -1810.01                      -1.62549                      
55.975                        -1807.242                     -1.622048                     
55.99                         -1804.474                     -1.619697                     
56.005                        -1800.867                     -1.616675                     
56.02                         -1797.847                     -1.614073                     
56.035                        -1795.079                     -1.611303                     
56.05                         -1792.143                     -1.608868                     
56.065                        -1788.704                     -1.606182                     
56.08                         -1785.936                     -1.603747                     
56.095                        -1783.084                     -1.601061                     
56.11                         -1780.148                     -1.598039                     
56.125                        -1776.877                     -1.595101                     
56.14                         -1774.193                     -1.592331                     
56.155                        -1770.67                      -1.589644                     
56.17                         -1767.902                     -1.587126                     
56.185                        -1764.882                     -1.583936                     
56.2                          -1761.527                     -1.581501                     
56.215                        -1758.843                     -1.578983                     
56.23                         -1755.823                     -1.576045                     
56.245                        -1752.719                     -1.573023                     
56.26                         -1749.532                     -1.570588                     
56.275                        -1746.428                     -1.568154                     
56.29                         -1744.331                     -1.56488                      
56.305                        -1740.64                      -1.562278                     
56.32                         -1737.788                     -1.559591                     
56.335                        -1734.769                     -1.556905                     
56.35                         -1731.581                     -1.554135                     
56.365                        -1728.729                     -1.551533                     
56.38                         -1726.129                     -1.548846                     
56.395                        -1723.025                     -1.546076                     
56.41                         -1719.922                     -1.543306                     
56.425                        -1717.238                     -1.540284                     
56.44                         -1714.134                     -1.537933                     
56.455                        -1711.114                     -1.534407                     
56.47                         -1707.927                     -1.532476                     
56.485                        -1704.823                     -1.529203                     
56.5                          -1701.887                     -1.526852                     
56.515                        -1698.28                      -1.524166                     
56.53                         -1695.596                     -1.521731                     
56.545                        -1692.912                     -1.518793                     
56.56                         -1690.144                     -1.516191                     
56.575                        -1686.872                     -1.512917                     
56.59                         -1684.188                     -1.511322                     
56.605                        -1681.001                     -1.507712                     
56.62                         -1677.729                     -1.504942                     
56.635                        -1674.374                     -1.501836                     
56.65                         -1671.858                     -1.499989                     
56.665                        -1669.006                     -1.496463                     
56.68                         -1666.154                     -1.494113                     
56.695                        -1662.966                     -1.490671                     
56.71                         -1660.031                     -1.48874                      
56.725                        -1656.591                     -1.485886                     
56.74                         -1653.823                     -1.4832                       
56.755                        -1650.887                     -1.479842                     
56.77                         -1647.7                       -1.477911                     
56.785                        -1644.764                     -1.474637                     
56.8                          -1641.828                     -1.472623                     
56.815                        -1638.725                     -1.469181                     
56.83                         -1636.124                     -1.467166                     
56.845                        -1632.35                      -1.46364                      
56.86                         -1629.666                     -1.462129                     
56.875                        -1626.646                     -1.457932                     
56.89                         -1624.129                     -1.456085                     
56.905                        -1620.606                     -1.452811                     
56.92                         -1617.838                     -1.450628                     
56.935                        -1614.902                     -1.447438                     
56.95                         -1612.218                     -1.445592                     
56.965                        -1608.611                     -1.442066                     
56.98                         -1605.676                     -1.439715                     
56.995                        -1602.656                     -1.436106                     
57.01                         -1599.72                      -1.434007                     
57.025                        -1597.036                     -1.430649                     
57.04                         -1593.68                      -1.42897                      
57.055                        -1590.745                     -1.42536                      
57.07                         -1587.222                     -1.423514                     
57.085                        -1584.286                     -1.41982                      
57.1                          -1581.434                     -1.417889                     
57.115                        -1578.834                     -1.414447                     
57.13                         -1575.898                     -1.412936                     
57.145                        -1572.626                     -1.408991                     
57.16                         -1569.355                     -1.406892                     
57.175                        -1567.09                      -1.403702                     
57.19                         -1563.399                     -1.401687                     
57.205                        -1560.464                     -1.397826                     
57.22                         -1557.276                     -1.396315                     
57.235                        -1554.676                     -1.392621                     
57.25                         -1551.656                     -1.390522                     
57.265                        -1548.804                     -1.386997                     
57.28                         -1545.868                     -1.385066                     
57.295                        -1542.513                     -1.381624                     
57.31                         -1539.661                     -1.379358                     
57.325                        -1536.809                     -1.376168                     
57.34                         -1534.041                     -1.374069                     
57.355                        -1530.518                     -1.370879                     
57.37                         -1527.666                     -1.369452                     
57.385                        -1524.73                      -1.365422                     
57.4                          -1521.794                     -1.363492                     
57.415                        -1518.607                     -1.359882                     
57.43                         -1515.923                     -1.357699                     
57.445                        -1512.4                       -1.354677                     
57.46                         -1509.548                     -1.352411                     
57.475                        -1506.025                     -1.348801                     
57.49                         -1503.508                     -1.346702                     
57.505                        -1500.572                     -1.343512                     
57.52                         -1497.972                     -1.340994                     
57.535                        -1494.617                     -1.337552                     
57.55                         -1491.429                     -1.336629                     
57.565                        -1488.578                     -1.332515                     
57.58                         -1485.642                     -1.330417                     
57.595                        -1482.119                     -1.326639                     
57.61                         -1479.686                     -1.325128                     
57.625                        -1476.331                     -1.321602                     
57.64                         -1473.311                     -1.319504                     
57.655                        -1470.627                     -1.316649                     
57.67                         -1467.691                     -1.31497                      
57.685                        -1465.007                     -1.310941                     
57.7                          -1461.903                     -1.308087                     
57.715                        -1458.884                     -1.305065                     
57.73                         -1455.78                      -1.303386                     
57.745                        -1452.425                     -1.299524                     
57.76                         -1449.656                     -1.297845                     
57.775                        -1446.469                     -1.293648                     
57.79                         -1443.701                     -1.292389                     
57.805                        -1440.849                     -1.288779                     
57.82                         -1437.41                      -1.28668                      
57.835                        -1434.222                     -1.283239                     
57.85                         -1431.203                     -1.281308                     
57.865                        -1428.435                     -1.278202                     
57.88                         -1425.834                     -1.276355                     
57.895                        -1422.479                     -1.272661                     
57.91                         -1419.375                     -1.270646                     
57.925                        -1416.188                     -1.267457                     
57.94                         -1413.504                     -1.265442                     
57.955                        -1410.82                      -1.261328                     
57.97                         -1407.632                     -1.259482                     
57.985                        -1404.696                     -1.256208                     
58                            -1401.677                     -1.253941                     
58.015                        -1398.321                     -1.250331                     
58.03                         -1395.385                     -1.248652                     
58.045                        -1392.869                     -1.244959                     
58.06                         -1389.346                     -1.243364                     
58.075                        -1386.746                     -1.239586                     
58.09                         -1383.558                     -1.237404                     
58.105                        -1380.455                     -1.234633                     
58.12                         -1377.016                     -1.232283                     
58.135                        -1374.583                     -1.228757                     
58.15                         -1371.983                     -1.22649                      
58.165                        -1368.46                      -1.223133                     
58.18                         -1365.775                     -1.221538                     
58.195                        -1362.42                      -1.218012                     
58.21                         -1359.4                       -1.215745                     
58.225                        -1356.8                       -1.212891                     
58.24                         -1353.613                     -1.210624                     
58.255                        -1350.09                      -1.206679                     
58.27                         -1347.238                     -1.204748                     
58.285                        -1344.805                     -1.20181                      
58.3                          -1341.785                     -1.199208                     
58.315                        -1338.43                      -1.195766                     
58.33                         -1335.243                     -1.193499                     
58.345                        -1332.391                     -1.190729                     
58.36                         -1329.455                     -1.188714                     
58.375                        -1326.351                     -1.185105                     
58.39                         -1323.248                     -1.184013                     
58.405                        -1320.479                     -1.180152                     
58.42                         -1317.544                     -1.177717                     
58.435                        -1314.272                     -1.174108                     
58.45                         -1311.169                     -1.172429                     
58.465                        -1308.484                     -1.169155                     
58.48                         -1305.465                     -1.166553                     
58.495                        -1302.11                      -1.16353                      
58.51                         -1299.258                     -1.161348                     
58.525                        -1296.406                     -1.157822                     
58.54                         -1293.637                     -1.155807                     
58.555                        -1290.282                     -1.152282                     
58.57                         -1287.514                     -1.150099                     
58.585                        -1283.991                     -1.146489                     
58.6                          -1281.139                     -1.145314                     
58.615                        -1278.12                      -1.141704                     
58.63                         -1275.184                     -1.139522                     
58.645                        -1272.416                     -1.135996                     
58.66                         -1269.564                     -1.134065                     
58.675                        -1266.208                     -1.130455                     
58.69                         -1263.44                      -1.128944                     
58.705                        -1260.588                     -1.124663                     
58.72                         -1257.653                     -1.123824                     
58.735                        -1254.633                     -1.11971                      
58.75                         -1251.194                     -1.117444                     
58.765                        -1248.174                     -1.113918                     
58.78                         -1245.238                     -1.112659                     
58.795                        -1242.47                      -1.108881                     
58.81                         -1239.115                     -1.106782                     
58.825                        -1236.515                     -1.103592                     
58.84                         -1233.243                     -1.101494                     
58.855                        -1230.307                     -1.097632                     
58.87                         -1227.371                     -1.095953                     
58.885                        -1224.436                     -1.092343                     
58.9                          -1221.248                     -1.089909                     
58.915                        -1218.145                     -1.086551                     
58.93                         -1215.628                     -1.085124                     
58.945                        -1212.441                     -1.081934                     
58.96                         -1209.169                     -1.079416                     
58.975                        -1206.233                     -1.076226                     
58.99                         -1203.465                     -1.074379                     
59.005                        -1200.11                      -1.071105                     
59.02                         -1197.51                      -1.068671                     
59.035                        -1194.49                      -1.064977                     
59.05                         -1191.386                     -1.063046                     
59.065                        -1188.115                     -1.060108                     
59.08                         -1185.431                     -1.058093                     
59.095                        -1182.076                     -1.054484                     
59.11                         -1179.391                     -1.052133                     
59.125                        -1176.623                     -1.048943                     
59.14                         -1173.352                     -1.046509                     
59.155                        -1170.416                     -1.043486                     
59.17                         -1167.229                     -1.041472                     
59.185                        -1164.209                     -1.038702                     
59.2                          -1161.609                     -1.035847                     
59.215                        -1158.169                     -1.032405                     
59.23                         -1155.569                     -1.029803                     
59.245                        -1152.046                     -1.026697                     
59.26                         -1149.026                     -1.024682                     
59.275                        -1146.258                     -1.021408                     
59.29                         -1143.406                     -1.019394                     
59.305                        -1139.967                     -1.015868                     
59.32                         -1137.283                     -1.014189                     
59.335                        -1133.928                     -1.010831                     
59.35                         -1130.992                     -1.008481                     
59.365                        -1128.056                     -1.005123                     
59.38                         -1125.288                     -1.003444                     
59.395                        -1122.268                     -0.9994983                    
59.41                         -1119.584                     -0.9977355                    
59.425                        -1116.061                     -0.9939579                    
59.44                         -1112.957                     -0.9922789                    
59.455                        -1110.441                     -0.9885013                    
59.47                         -1107.337                     -0.9864026                    
59.485                        -1103.898                     -0.9832126                    
59.5                          -1101.298                     -0.9811979                    
59.515                        -1098.11                      -0.977924                     
59.53                         -1095.259                     -0.9755735                    
59.545                        -1092.239                     -0.9727193                    
59.56                         -1089.471                     -0.9705367                    
59.575                        -1086.199                     -0.9668431                    
59.59                         -1083.347                     -0.965248                     
59.605                        -1079.992                     -0.9618902                    
59.62                         -1077.14                      -0.9594558                    
59.635                        -1074.288                     -0.9560978                    
59.65                         -1071.436                     -0.9541671                    
59.665                        -1068.081                     -0.9509771                    
59.68                         -1064.977                     -0.9487945                    
59.695                        -1062.125                     -0.9456045                    
59.71                         -1059.274                     -0.9429182                    
59.725                        -1056.505                     -0.9398961                    
59.74                         -1053.402                     -0.9374617                    
59.755                        -1050.382                     -0.9346075                    
59.77                         -1047.698                     -0.9324248                    
59.785                        -1044.175                     -0.9292349                    
59.8                          -1041.155                     -0.9262968                    
59.815                        -1038.303                     -0.9229388                    
59.83                         -1035.116                     -0.9220155                    
59.845                        -1032.432                     -0.9179021                    
59.86                         -1029.328                     -0.9159713                    
59.875                        -1026.141                     -0.9126974                    
59.89                         -1022.953                     -0.9105988                    
59.905                        -1019.849                     -0.9074087                    
59.92                         -1016.914                     -0.9049742                    
59.935                        -1014.229                     -0.9019522                    
59.95                         -1010.874                     -0.8995177                    
59.965                        -1008.19                      -0.8965796                    
59.98                         -1004.751                     -0.8939772                    
59.995                        -1002.402                     -0.8907033                    
60.01                         -999.2985                     -0.8879331                    
60.025                        -996.111                      -0.8853307                    
60.04                         -992.9235                     -0.8827283                    
60.055                        -989.9877                     -0.88021                      
60.07                         -986.8841                     -0.8776916                    
60.085                        -984.116                      -0.8743336                    
60.1                          -981.264                      -0.872235                     
60.115                        -978.1605                     -0.8694648                    
60.13                         -975.4762                     -0.8671142                    
60.145                        -972.121                      -0.8637564                    
60.16                         -969.269                      -0.8614898                    
60.175                        -966.3331                     -0.8581319                    
60.19                         -963.0618                     -0.8560333                    
60.205                        -960.4615                     -0.8531791                    
60.22                         -956.8546                     -0.8502409                    
60.235                        -954.0865                     -0.8474708                    
60.25                         -951.2346                     -0.8448684                    
60.265                        -948.0471                     -0.8419302                    
60.28                         -944.9435                     -0.8394957                    
60.295                        -941.9238                     -0.8366416                    
60.31                         -938.8202                     -0.8338713                    
60.325                        -935.9682                     -0.831269                     
60.34                         -933.0323                     -0.8285827                    
60.355                        -929.9287                     -0.8256446                    
60.37                         -927.4962                     -0.8228743                    
60.385                        -923.8893                     -0.8206916                    
60.4                          -920.7857                     -0.8174178                    
60.415                        -918.1854                     -0.8148154                    
60.43                         -914.914                      -0.812297                     
60.445                        -911.8104                     -0.8095267                    
60.46                         -909.2101                     -0.8067565                    
60.475                        -906.1065                     -0.8034825                    
60.49                         -903.3384                     -0.8009642                    
60.505                        -899.8993                     -0.7982779                    
60.52                         -896.6279                     -0.7956756                    
60.535                        -893.5244                     -0.7924855                    
60.55                         -890.8401                     -0.790051                     
60.565                        -888.072                      -0.787113                     
60.58                         -885.2201                     -0.7847624                    
60.595                        -882.0326                     -0.7818243                    
60.61                         -878.929                      -0.7800614                    
60.625                        -876.1609                     -0.7772072                    
60.64                         -872.554                      -0.7745209                    
60.655                        -870.1214                     -0.7709951                    
60.67                         -866.6824                     -0.7688126                    
60.685                        -864.1659                     -0.7660424                    
60.7                          -860.8945                     -0.7630202                    
60.715                        -857.9587                     -0.76025                      
60.73                         -854.6035                     -0.7578155                    
60.745                        -851.7515                     -0.7546255                    
60.76                         -849.0673                     -0.7521911                    
60.775                        -845.712                      -0.7490011                    
60.79                         -842.944                      -0.7466506                    
60.805                        -840.1759                     -0.7433767                    
60.82                         -836.7368                     -0.7406065                    
60.835                        -833.8009                     -0.7390115                    
60.85                         -830.8651                     -0.7359894                    
60.865                        -827.6776                     -0.7327994                    
60.88                         -824.7418                     -0.7305328                    
60.895                        -821.722                      -0.7274268                    
60.91                         -819.0378                     -0.7247405                    
60.925                        -816.0181                     -0.7216344                    
60.94                         -813.0823                     -0.7197037                    
60.955                        -810.0625                     -0.7167655                    
60.97                         -806.8751                     -0.7139953                    
60.985                        -803.5198                     -0.7108893                    
61                            -801.1711                     -0.7085388                    
61.015                        -797.732                      -0.7053488                    
61.03                         -795.1317                     -0.7029143                    
61.045                        -791.7764                     -0.700312                     
61.06                         -788.9244                     -0.6982973                    
61.075                        -785.5692                     -0.6950233                    
61.09                         -782.6334                     -0.692421                     
61.105                        -780.117                      -0.6886433                    
61.12                         -777.1812                     -0.6868805                    
61.135                        -773.6581                     -0.6839424                    
61.15                         -770.89                       -0.6808363                    
61.165                        -767.7025                     -0.6780661                    
61.18                         -765.1022                     -0.6762193                    
61.195                        -761.9148                     -0.6727774                    
61.21                         -758.8112                     -0.6702591                    
61.225                        -755.6237                     -0.6674888                    
61.24                         -752.52                       -0.6653901                    
61.255                        -750.0875                     -0.6619483                    
61.27                         -746.7322                     -0.6595138                    
61.285                        -743.9642                     -0.6569114                    
61.3                          -740.7767                     -0.6540573                    
61.315                        -738.0925                     -0.6512031                    
61.33                         -734.8211                     -0.6485168                    
61.345                        -732.053                      -0.6459144                    
61.36                         -728.9494                     -0.6428924                    
61.375                        -725.6781                     -0.6404579                    
61.39                         -722.7422                     -0.6376037                    
61.405                        -719.8064                     -0.6347495                    
61.42                         -716.7028                     -0.6320632                    
61.435                        -713.683                      -0.6295448                    
61.45                         -710.915                      -0.6265228                    
61.465                        -708.063                      -0.6241722                    
61.48                         -704.8755                     -0.6210662                    
61.495                        -701.772                      -0.618296                     
61.51                         -698.6683                     -0.6158615                    
61.525                        -696.1519                     -0.6129234                    
61.54                         -693.216                      -0.6102371                    
61.555                        -690.0286                     -0.6077186                    
61.57                         -686.4216                     -0.6047806                    
61.585                        -683.5697                     -0.6020942                    
61.6                          -680.7177                     -0.5992401                    
61.615                        -677.9496                     -0.5964698                    
61.63                         -674.7622                     -0.5943711                    
61.645                        -671.8264                     -0.5910133                    
61.66                         -668.555                      -0.5881591                    
61.675                        -665.5353                     -0.5856407                    
61.69                         -662.2639                     -0.5832902                    
61.705                        -659.5797                     -0.5805199                    
61.72                         -656.7277                     -0.5769941                    
61.735                        -653.7081                     -0.5744758                    
61.75                         -650.4366                     -0.5723771                    
61.765                        -648.088                      -0.5690192                    
61.78                         -644.4811                     -0.5665008                    
61.795                        -641.9647                     -0.5636466                    
61.81                         -638.6094                     -0.561464                     
61.825                        -636.009                      -0.55819                      
61.84                         -632.9894                     -0.5560074                    
61.855                        -629.718                      -0.5533211                    
61.87                         -626.9499                     -0.5513064                    
61.885                        -623.5947                     -0.5476128                    
61.9                          -620.7427                     -0.5452623                    
61.915                        -617.5552                     -0.5421562                    
61.93                         -614.6194                     -0.539386                     
61.945                        -611.8513                     -0.536196                     
61.96                         -609.0833                     -0.5338455                    
61.975                        -605.6441                     -0.5311592                    
61.99                         -602.876                      -0.528305                     
62.005                        -599.8563                     -0.5262063                    
62.02                         -596.6688                     -0.523688                     
62.035                        -593.4813                     -0.520414                     
62.05                         -590.5455                     -0.517224                     
62.065                        -587.5258                     -0.5151254                    
62.08                         -584.59                       -0.5123551                    
62.095                        -581.8218                     -0.5091651                    
62.11                         -578.4666                     -0.5065628                    
62.125                        -575.5308                     -0.5041283                    
62.14                         -572.511                      -0.5018579                    
62.155                        -569.4913                     -0.4987632                    
62.17                         -566.7233                     -0.4961466                    
62.185                        -563.4518                     -0.4934461                    
62.2                          -560.4321                     -0.4908631                    
62.215                        -557.9157                     -0.4878859                    
62.23                         -554.8121                     -0.485328                     
62.245                        -551.5407                     -0.4825017                    
62.26                         -548.8565                     -0.4800109                    
62.275                        -545.6691                     -0.4767653                    
62.29                         -542.4816                     -0.4747525                    
62.305                        -539.8812                     -0.4716747                    
62.32                         -536.9454                     -0.469209                     
62.335                        -533.3386                     -0.4661144                    
62.35                         -530.5704                     -0.4635817                    
62.365                        -527.2991                     -0.4605122                    
62.38                         -524.8665                     -0.4583233                    
62.395                        -521.4274                     -0.4550442                    
62.41                         -518.4077                     -0.4527043                    
62.425                        -515.3041                     -0.4497439                    
62.44                         -512.6199                     -0.4474124                    
62.455                        -509.6001                     -0.4441165                    
62.47                         -506.0771                     -0.441525                     
62.485                        -503.6446                     -0.4386317                    
62.5                          -500.8765                     -0.435948                     
62.515                        -497.7729                     -0.4336585                    
62.53                         -494.5854                     -0.4306057                    
62.545                        -491.9012                     -0.427813                     
62.56                         -488.7137                     -0.4250874                    
62.575                        -485.4424                     -0.4227224                    
62.59                         -482.5904                     -0.4198458                    
62.605                        -479.319                      -0.4168854                    
62.62                         -476.551                      -0.4147552                    
62.635                        -473.4474                     -0.4119792                    
62.65                         -470.5954                     -0.4090104                    
62.665                        -467.5757                     -0.4062344                    
62.68                         -464.556                      -0.4037017                    
62.695                        -461.7879                     -0.4008419                    
62.71                         -458.6004                     -0.3978311                    
62.725                        -455.329                      -0.3951139                    
62.74                         -452.3093                     -0.3927657                    
62.755                        -449.3735                     -0.389973                     
62.77                         -446.6893                     -0.3870293                    
62.785                        -443.334                      -0.3842449                    
62.8                          -440.4821                     -0.3812845                    
62.815                        -437.2946                     -0.3787685                    
62.83                         -434.2749                     -0.3761435                    
62.845                        -431.339                      -0.3735102                    
62.86                         -428.4871                     -0.3705246                    
62.875                        -425.4673                     -0.3679079                    
62.89                         -422.1121                     -0.3653165                    
62.905                        -419.4279                     -0.3624148                    
62.92                         -416.4081                     -0.3595466                    
62.935                        -413.1368                     -0.3570558                    
62.95                         -410.2848                     -0.3546824                    
62.965                        -407.4329                     -0.3515877                    
62.98                         -404.497                      -0.3487279                    
62.995                        -401.5612                     -0.3464803                    
63.01                         -398.4576                     -0.3434192                    
63.025                        -395.6057                     -0.340551                     
63.04                         -392.2504                     -0.3379512                    
63.055                        -389.5662                     -0.3357036                    
63.07                         -386.7142                     -0.3327096                    
63.085                        -383.5267                     -0.3297072                    
63.1                          -380.3392                     -0.3267887                    
63.115                        -377.3195                     -0.3241889                    
63.13                         -374.132                      -0.3216394                    
63.145                        -371.1123                     -0.3187041                    
63.16                         -368.4281                     -0.3157772                    
63.175                        -365.4923                     -0.313647                     
63.19                         -362.3048                     -0.3106278                    
63.205                        -359.2851                     -0.3078099                    
63.22                         -356.2654                     -0.3051598                    
63.235                        -353.2456                     -0.3027193                    
63.25                         -350.3098                     -0.2999098                    
63.265                        -347.4578                     -0.2968991                    
63.28                         -344.522                      -0.294794                     
63.295                        -341.67                       -0.2919594                    
63.31                         -338.2309                     -0.2890157                    
63.325                        -335.4628                     -0.2861727                    
63.34                         -332.6947                     -0.2833799                    
63.355                        -329.2556                     -0.2805201                    
63.37                         -326.152                      -0.277979                     
63.385                        -323.6356                     -0.2755888                    
63.4                          -320.2803                     -0.2723852                    
63.415                        -317.68                       -0.2696512                    
63.43                         -314.4925                     -0.2672191                    
63.445                        -311.305                      -0.2643173                    
63.46                         -308.3692                     -0.2614156                    
63.475                        -305.1817                     -0.2585138                    
63.49                         -302.3297                     -0.2560482                    
63.505                        -299.2261                     -0.2535742                    
63.52                         -296.3742                     -0.2506305                    
63.535                        -293.1867                     -0.2477791                    
63.55                         -290.2509                     -0.2452883                    
63.565                        -287.4828                     -0.2424368                    
63.58                         -283.7081                     -0.2396525                    
63.595                        -281.1078                     -0.2366249                    
63.61                         -278.0881                     -0.2346373                    
63.625                        -274.9845                     -0.2315008                    
63.64                         -272.2164                     -0.2288087                    
63.655                        -269.4483                     -0.2260411                    
63.67                         -266.6803                     -0.2234245                    
63.685                        -263.4089                     -0.220615                     
63.7                          -260.0536                     -0.2178307                    
63.715                        -257.2017                     -0.2153063                    
63.73                         -254.2658                     -0.2127652                    
63.745                        -251.0783                     -0.2095699                    
63.76                         -248.3941                     -0.2067185                    
63.775                        -245.4583                     -0.2041858                    
63.79                         -241.9353                     -0.2016027                    
63.805                        -238.8317                     -0.1986675                    
63.82                         -235.8959                     -0.1956651                    
63.835                        -233.4633                     -0.193451                     
63.85                         -230.3597                     -0.1905996                    
63.865                        -227.5916                     -0.188201                     
63.88                         -224.4041                     -0.1852154                    
63.895                        -221.1328                     -0.182624                     
63.91                         -218.1131                     -0.1794119                    
63.925                        -215.345                      -0.1770134                    
63.94                         -212.493                      -0.1743129                    
63.955                        -209.4733                     -0.1717382                    
63.97                         -206.3697                     -0.1684255                    
63.985                        -203.2661                     -0.1662031                    
64                            -199.9947                     -0.1630498                    
64.015                        -196.8911                     -0.1608189                    
64.03                         -193.452                      -0.1570953                    
64.045                        -191.1872                     -0.1556445                    
64.06                         -188.0836                     -0.1522395                    
64.075                        -185.3155                     -0.1497403                    
64.09                         -181.7086                     -0.1465283                    
64.105                        -179.5277                     -0.1444233                    
64.12                         -175.6692                     -0.1412699                    
64.135                        -172.8172                     -0.1386114                    
64.15                         -170.3008                     -0.1360199                    
64.165                        -167.1972                     -0.1334788                    
64.18                         -164.3452                     -0.1304429                    
64.19501                      -160.99                       -0.1278766                    
64.21001                      -158.138                      -0.124782                     
64.22501                      -155.286                      -0.1223079                    
64.24001                      -152.0986                     -0.1194649                    
64.255                        -149.2466                     -0.116907                     
64.27                         -146.0591                     -0.1138962                    
64.285                        -143.0394                     -0.1115228                    
64.3                          -140.4391                     -0.1080089                    
64.315                        -136.9999                     -0.1062309                    
64.33                         -134.0641                     -0.1028512                    
64.345                        -130.5411                     -0.1002765                    
64.36                         -127.6891                     -0.0970225                    
64.375                        -124.7533                     -0.09542067                   
64.39                         -122.2369                     -0.09193187                   
64.405                        -119.5527                     -0.08981007                   
64.42                         -115.9458                     -0.0863632                    
64.435                        -113.2616                     -0.08460203                   
64.45                         -109.8224                     -0.08111322                   
64.465                        -106.8027                     -0.07887401                   
64.48                         -104.0346                     -0.07580454                   
64.495                        -101.3504                     -0.07384209                   
64.51                         -97.91132                     -0.07007653                   
64.525                        -95.22712                     -0.06786248                   
64.54                         -92.2074                      -0.06461688                   
64.555                        -89.18767                     -0.06241122                   
64.57001                      -85.49689                     -0.05898113                   
64.58501                      -83.06435                     -0.0573122                    
64.60001                      -80.21238                     -0.05378147                   
64.61501                      -77.61207                     -0.05138291                   
64.63                         -73.83742                     -0.04816248                   
64.645                        -70.98546                     -0.04606584                   
64.66                         -67.79797                     -0.04256865                   
64.675                        -64.94601                     -0.04048879                   
64.69                         -62.01017                     -0.03778689                   
64.705                        -58.82268                     -0.03522608                   
64.72                         -55.80296                     -0.03184941                   
64.735                        -53.45428                     -0.02965                      
64.75                         -50.09904                     -0.02671019                   
64.765                        -47.07932                     -0.02430954                   
64.78                         -44.0596                      -0.02068048                   
64.795                        -41.29152                     -0.01886176                   
64.81                         -37.85239                     -0.01596136                   
64.825                        -35.33595                     -0.01339636                   
64.84                         -32.06458                     -0.00977149                   
64.855                        -28.8771                      -0.007819442                  
64.87                         -25.94126                     -0.00430777                   
64.885                        -22.83765                     -0.00245299                   
64.9                          -19.81793                     0.0009379366                  
64.915                        -17.13374                     0.002451444                   
64.93                         -13.77849                     0.006314451                   
64.94501                      -11.09429                     0.00797302                    
64.96001                      -7.990686                     0.01158615                    
64.97501                      -4.551558                     0.01368997                    
64.99001                      -1.699597                     0.01733245                    
65.005                        0.9846003                     0.0193063                     
65.02                         4.255966                      0.02255719                    
65.035                        7.191808                      0.02468197                    
65.05                         10.21153                      0.02822635                    
65.065                        13.06349                      0.03017672                    
65.08                         15.83157                      0.03346451                    
65.095                        18.68353                      0.03579053                    
65.11                         21.9549                       0.03930052                    
65.125                        25.39402                      0.04112344                    
65.14                         27.99434                      0.04433493                    
65.155                        31.18183                      0.04662322                    
65.17                         33.94991                      0.05005607                    
65.185                        37.30515                      0.05213556                    
65.2                          39.90547                      0.0553068                     
65.215                        42.75743                      0.05781059                    
65.23                         46.36432                      0.06099441                    
65.245                        49.04852                      0.06285758                    
65.26                         52.236                        0.06608583                    
65.275                        55.42348                      0.0684479                     
65.29                         58.27544                      0.0721038                     
65.305                        61.21129                      0.0739896                     
65.32001                      63.97937                      0.07758764                    
65.33501                      66.99909                      0.0794592                     
65.35001                      70.43822                      0.08274866                    
65.36501                      73.2063                       0.08507049                    
65.38                         76.14214                      0.08835493                    
65.395                        79.32962                      0.09017868                    
65.41                         82.34934                      0.09344719                    
65.425                        85.36907                      0.09564072                    
65.44                         88.13715                      0.09924784                    
65.455                        90.98911                      0.1006652                     
65.47                         94.17659                      0.1046739                     
65.485                        97.11243                      0.1065358                     
65.5                          100.4677                      0.1102091                     
65.515                        103.4035                      0.1120289                     
65.53                         106.0877                      0.1157022                     
65.545                        109.1074                      0.1177989                     
65.56                         112.211                       0.120818                      
65.575                        114.9791                      0.1226379                     
65.59                         118.586                       0.1266383                     
65.605                        121.0186                      0.1287098                     
65.62                         124.2899                      0.1320476                     
65.635                        127.7291                      0.1337836                     
65.65                         130.4971                      0.1373731                     
65.665                        133.3491                      0.1396878                     
65.68                         136.2849                      0.1428998                     
65.69501                      139.2208                      0.1446861                     
65.71001                      142.4922                      0.1485943                     
65.72501                      145.3441                      0.1503135                     
65.74001                      148.1961                      0.1539281                     
65.755                        151.803                       0.1554125                     
65.77                         154.571                       0.1594213                     
65.785                        157.423                       0.1610819                     
65.8                          160.1911                      0.1646629                     
65.815                        163.3786                      0.1664325                     
65.83                         166.5661                      0.1702316                     
65.845                        169.1664                      0.1723198                     
65.86                         172.5216                      0.175817                      
65.875                        175.6252                      0.177704                      
65.89                         178.3094                      0.1812599                     
65.905                        181.0775                      0.1830546                     
65.92                         184.3489                      0.1868789                     
65.935                        187.4525                      0.1883297                     
65.95                         190.0528                      0.1919024                     
65.965                        192.8209                      0.193672                      
65.98                         196.0922                      0.1975046                     
65.995                        198.9442                      0.1989723                     
66.01                         202.1317                      0.2024695                     
66.025                        205.1514                      0.2047422                     
66.04                         208.4228                      0.2082478                     
66.055                        211.0231                      0.2100257                     
66.07001                      214.2944                      0.2137158                     
66.08501                      217.4819                      0.2157957                     
66.10001                      220.4178                      0.2193935                     
66.11501                      222.8503                      0.2209031                     
66.13                         226.3733                      0.2246435                     
66.145                        229.2253                      0.2266982                     
66.16                         232.5805                      0.2303044                     
66.175                        235.4325                      0.2321411                     
66.19                         238.4522                      0.2356634                     
66.205                        241.5558                      0.2378355                     
66.22                         244.4078                      0.2408295                     
66.235                        247.4275                      0.2429513                     
66.25                         250.5311                      0.246524                      
66.265                        253.3831                      0.2485032                     
66.28                         256.4867                      0.2519417                     
66.295                        259.4225                      0.2540635                     
66.31                         262.2745                      0.2573762                     
66.325                        265.3781                      0.2592548                     
66.34                         268.4817                      0.2627519                     
66.355                        271.5014                      0.2648318                     
66.37                         274.0179                      0.2681193                     
66.385                        277.3731                      0.2704256                     
66.4                          280.5606                      0.2739648                     
66.415                        283.4125                      0.2758266                     
66.43                         286.6                         0.2791393                     
66.44501                      289.2842                      0.2810262                     
66.46001                      292.4717                      0.2847834                     
66.47501                      295.5753                      0.2868968                     
66.49001                      298.1756                      0.2901172                     
66.505                        301.0276                      0.2923061                     
66.52                         304.4667                      0.2958704                     
66.535                        307.4026                      0.2979335                     
66.55                         310.2545                      0.3008772                     
66.565                        313.2742                      0.3029319                     
66.58                         316.4617                      0.3064459                     
66.595                        319.4814                      0.3083496                     
66.61                         322.4173                      0.3119474                     
66.625                        325.1854                      0.3136247                     
66.64                         328.4567                      0.3173567                     
66.655                        331.4764                      0.319185                      
66.67                         334.8317                      0.3226067                     
66.685                        337.2643                      0.3244769                     
66.7                          340.6195                      0.3282174                     
66.715                        343.4714                      0.3303391                     
66.73                         346.5751                      0.3337021                     
66.745                        349.5109                      0.335782                      
66.76                         352.4467                      0.3393043                     
66.775                        354.9632                      0.3409313                     
66.79                         358.6539                      0.3447388                     
66.805                        361.5059                      0.3468187                     
66.82001                      364.3579                      0.3500559                     
66.83501                      367.5453                      0.3520854                     
66.85001                      370.2296                      0.3555994                     
66.86501                      373.7526                      0.3579476                     
66.88                         376.3529                      0.360581                      
66.895                        379.1209                      0.3628286                     
66.91                         382.3923                      0.3664684                     
66.925                        385.412                       0.3686321                     
66.94                         388.6834                      0.3716009                     
66.955                        391.5354                      0.3738317                     
66.97                         394.4712                      0.3773289                     
66.985                        397.8264                      0.3793585                     
67                            400.4268                      0.3826208                     
67.015                        403.8659                      0.3847846                     
67.03                         406.3824                      0.3882985                     
67.045                        409.4021                      0.3903784                     
67.06                         412.4218                      0.3940098                     
67.075                        415.1898                      0.3958716                     
67.09                         418.629                       0.3994862                     
67.105                        421.9004                      0.4013396                     
67.12                         424.5846                      0.4046271                     
67.135                        427.1849                      0.4063044                     
67.15                         430.2885                      0.4099526                     
67.165                        433.7276                      0.4118731                     
67.18                         437.1667                      0.4154123                     
67.19501                      439.5993                      0.417576                      
67.21001                      442.4513                      0.4209893                     
67.22501                      445.6388                      0.4229853                     
67.24001                      448.7424                      0.4263567                     
67.255                        451.8459                      0.428445                      
67.27                         454.6979                      0.431506                      
67.285                        457.2982                      0.4340052                     
67.3                          460.4857                      0.4374689                     
67.315                        463.4216                      0.4396074                     
67.33                         466.8607                      0.4420815                     
67.345                        470.0482                      0.4447987                     
67.36                         472.4807                      0.4483127                     
67.375                        475.5004                      0.4502164                     
67.39                         478.3524                      0.4536717                     
67.405                        481.7077                      0.455718                      
67.42                         484.6435                      0.4592991                     
67.435                        487.7471                      0.4608506                     
67.45                         490.8507                      0.4644484                     
67.465                        493.5349                      0.4663773                     
67.48                         496.8901                      0.4698996                     
67.495                        499.5743                      0.4721472                     
67.51                         502.8457                      0.4753509                     
67.525                        505.5299                      0.477783                      
67.54                         508.4657                      0.4809531                     
67.555                        511.7371                      0.4828401                     
67.57001                      514.6729                      0.4863624                     
67.58501                      517.5249                      0.4886939                     
67.60001                      520.5446                      0.4918053                     
67.61501                      523.8999                      0.4939355                     
67.63                         526.8358                      0.4972649                     
67.645                        529.6877                      0.4999235                     
67.66                         532.6235                      0.502104                      
67.675                        535.3077                      0.5045612                     
67.69                         538.663                       0.507832                      
67.705                        541.7666                      0.5102138                     
67.72                         544.1992                      0.5129561                     
67.735                        547.2189                      0.5155644                     
67.75                         550.7418                      0.5189693                     
67.765                        553.6777                      0.5209905                     
67.78                         556.6974                      0.5242193                     
67.795                        559.6332                      0.5265843                     
67.81                         562.8207                      0.5299138                     
67.825                        565.8405                      0.5321194                     
67.84                         568.6085                      0.5354321                     
67.855                        571.796                       0.5375036                     
67.87                         574.7319                      0.5409421                     
67.885                        577.6677                      0.542871                      
67.9                          581.1068                      0.5462172                     
67.915                        583.791                       0.5481377                     
67.93                         586.643                       0.5517188                     
67.94501                      589.6627                      0.5539832                     
67.96001                      593.1857                      0.5573462                     
67.97501                      595.7861                      0.5591828                     
67.99001                      598.8058                      0.5626045                     
68.005                        601.6578                      0.5646844                     
68.02                         604.9291                      0.5680306                     
68.035                        607.6972                      0.5699847                     
68.05                         610.5491                      0.57344                       
68.065                        613.9044                      0.5756288                     
68.08                         616.6725                      0.5788325                     
68.095                        619.3567                      0.5814071                     
68.11                         622.628                       0.5842418                     
68.125                        626.1511                      0.5866739                     
68.14                         628.8352                      0.5896679                     
68.155                        632.2744                      0.59236                       
68.17                         634.7908                      0.595354                      
68.185                        637.7267                      0.5976267                     
68.2                          640.998                       0.6008136                     
68.215                        643.85                        0.6031199                     
68.23                         646.7019                      0.605812                      
68.245                        649.7217                      0.6080931                     
68.26                         652.993                       0.6111878                     
68.275                        656.1805                      0.6138547                     
68.29                         659.0325                      0.616748                      
68.30501                      661.5489                      0.6194318                     
68.32001                      664.6525                      0.6222329                     
68.33501                      667.5884                      0.6250256                     
68.35001                      670.8597                      0.627659                      
68.36501                      673.6278                      0.6300911                     
68.38                         677.0669                      0.6334624                     
68.395                        679.5834                      0.6356681                     
68.41                         683.0225                      0.6386453                     
68.425                        686.0422                      0.6411529                     
68.44                         688.8941                      0.6442727                     
68.455                        691.6623                      0.6467803                     
68.47                         694.6819                      0.6495898                     
68.485                        697.7017                      0.6519464                     
68.5                          700.973                       0.6549907                     
68.515                        703.825                       0.6576241                     
68.53                         707.0125                      0.6605174                     
68.545                        709.6967                      0.6626979                     
68.56                         712.8003                      0.6659855                     
68.575                        715.6523                      0.668535                      
68.59                         719.0075                      0.6713277                     
68.605                        721.6078                      0.6736341                     
68.62                         725.0469                      0.6769803                     
68.635                        727.8989                      0.6793704                     
68.65                         730.8347                      0.6823979                     
68.665                        733.9384                      0.6848468                     
68.68001                      736.5386                      0.6880421                     
68.69501                      740.2295                      0.6905161                     
68.71001                      742.7458                      0.6928476                     
68.72501                      746.0173                      0.6957912                     
68.74001                      749.0369                      0.6985337                     
68.755                        751.9728                      0.7012006                     
68.77                         754.9926                      0.7038676                     
68.785                        758.0961                      0.7066938                     
68.8                          761.0319                      0.7093859                     
68.815                        763.8839                      0.7118095                     
68.83                         766.9036                      0.7146609                     
68.845                        769.9234                      0.7175292                     
68.86                         772.8593                      0.7202548                     
68.875                        775.7951                      0.7229804                     
68.89                         778.9825                      0.725899                      
68.905                        782.0023                      0.7286665                     
68.92                         784.8542                      0.7310232                     
68.935                        788.0417                      0.7334384                     
68.95                         791.0615                      0.7369356                     
68.965                        793.9973                      0.7393845                     
68.98                         796.9332                      0.7421353                     
68.995                        799.4496                      0.7447268                     
69.01                         803.1403                      0.747704                      
69.025                        805.6568                      0.7505554                     
69.04                         809.0959                      0.7530127                     
69.05501                      811.7801                      0.7555118                     
69.07001                      815.2192                      0.7587071                     
69.08501                      818.0712                      0.7612482                     
69.10001                      821.0909                      0.7640745                     
69.11501                      824.0267                      0.7665401                     
69.13                         826.7949                      0.7697439                     
69.145                        830.1501                      0.7720669                     
69.16                         832.8343                      0.7749183                     
69.175                        836.1895                      0.7772834                     
69.19                         838.7899                      0.7803947                     
69.205                        842.0612                      0.7829862                     
69.22                         844.7454                      0.7859802                     
69.235                        847.6812                      0.788471                      
69.25                         850.8688                      0.7914985                     
69.265                        853.8045                      0.7937964                     
69.28                         857.2437                      0.7967318                     
69.295                        859.844                       0.7994825                     
69.31                         863.0315                      0.8021411                     
69.325                        865.6318                      0.8049589                     
69.34                         869.4065                      0.8077685                     
69.355                        871.9229                      0.8107373                     
69.37                         875.1104                      0.8128003                     
69.385                        878.0462                      0.8158027                     
69.4                          881.066                       0.8186793                     
69.415                        884.2534                      0.821472                      
69.43001                      886.686                       0.8240216                     
69.44501                      890.2929                      0.8269233                     
69.46001                      892.9771                      0.8295483                     
69.47501                      895.4935                      0.8318713                     
69.49001                      898.8488                      0.8348234                     
69.505                        902.2879                      0.8374736                     
69.52                         904.9721                      0.8401321                     
69.535                        908.2434                      0.8428074                     
69.55                         911.0954                      0.8454827                     
69.565                        914.0313                      0.8484096                     
69.58                         917.3026                      0.8512862                     
69.595                        920.1545                      0.8534499                     
69.61                         923.0904                      0.8563852                     
69.625                        925.8585                      0.8593876                     
69.64                         929.1299                      0.862239                      
69.655                        932.569                       0.8646879                     
69.67                         935.3371                      0.8678412                     
69.685                        938.4406                      0.8704159                     
69.7                          941.1249                      0.8729403                     
69.715                        944.3962                      0.8756239                     
69.73                         947.3321                      0.8788025                     
69.745                        950.2679                      0.881201                      
69.76                         953.2877                      0.8840776                     
69.775                        955.8879                      0.8866355                     
69.79                         959.1593                      0.8896798                     
69.80501                      962.0952                      0.8921455                     
69.82001                      964.9471                      0.8947537                     
69.83501                      968.554                       0.8975967                     
69.85001                      971.0705                      0.9008172                     
69.86501                      973.6708                      0.9028215                     
69.88                         977.4454                      0.9058407                     
69.895                        979.9619                      0.9084741                     
69.91                         983.2332                      0.9116526                     
69.925                        986.0013                      0.913506                      
69.94                         988.9371                      0.9167264                     
69.955                        991.9568                      0.9192759                     
69.97                         995.5638                      0.9220603                     
69.985                        998.3318                      0.9248698                     
70                            1001.268                      0.9276205                     
70.01                         998.8351                      0.08936011                    
70.02                         996.6542                      0.08889046                    
70.03                         994.3894                      0.08862209                    
70.04                         992.7957                      0.08839566                    
70.05                         990.5309                      0.08816921                    
70.06                         988.2661                      0.08798471                    
70.07                         986.3369                      0.08782537                    
70.08                         984.4915                      0.08764925                    
70.09                         982.3944                      0.08748991                    
70.1                          980.4651                      0.08727185                    
70.11                         978.6198                      0.08707896                    
70.12                         976.355                       0.08689446                    
70.13                         974.5095                      0.08667641                    
70.14                         972.5803                      0.086559                      
70.15                         970.9027                      0.08638287                    
70.16                         968.6379                      0.0861816                     
70.17                         965.9537                      0.08593839                    
70.18                         964.2761                      0.08587969                    
70.19                         962.5984                      0.08562809                    
70.2                          960.5853                      0.0854352                     
70.21                         958.2366                      0.08521715                    
70.22                         956.4752                      0.08507458                    
70.23                         954.5458                      0.08483975                    
70.24                         952.5327                      0.08465526                    
70.25                         950.4357                      0.0845043                     
70.26                         948.5903                      0.08434495                    
70.27                         946.4094                      0.08414367                    
70.28                         944.3962                      0.08399271                    
70.29                         942.2153                      0.08373273                    
70.3                          940.2861                      0.0836321                     
70.31                         938.189                       0.08343081                    
70.32                         936.4276                      0.08323792                    
70.33                         934.2466                      0.08306181                    
70.34                         932.4851                      0.08290246                    
70.35                         930.3042                      0.08270957                    
70.36                         928.1233                      0.08249991                    
70.37                         926.194                       0.08232379                    
70.38                         924.5164                      0.08216444                    
70.39                         922.9227                      0.08191285                    
70.4                          919.9868                      0.08177867                    
70.41                         918.3091                      0.08158578                    
70.42                         916.5477                      0.08143482                    
70.43                         914.7023                      0.08122515                    
70.44                         912.4376                      0.08105742                    
70.45                         910.5083                      0.08083937                    
70.46                         908.6628                      0.08070519                    
70.47                         906.5659                      0.08049552                    
70.48                         904.3849                      0.08036973                    
70.49                         902.4556                      0.08011813                    
70.5                          900.3586                      0.07996717                    
70.51                         898.2616                      0.07977428                    
70.52                         896.584                       0.07963172                    
70.53                         894.3192                      0.07943043                    
70.54                         892.2222                      0.07922915                    
70.55                         890.3767                      0.0790782                     
70.56                         888.4474                      0.0788937                     
70.57                         886.6021                      0.07873435                    
70.58                         884.2534                      0.07846598                    
70.59                         882.6597                      0.07834018                    
70.6                          880.311                       0.07816406                    
70.61                         878.4656                      0.07800472                    
70.62                         876.2009                      0.07770281                    
70.63                         874.1877                      0.07765249                    
70.64                         872.3423                      0.07742605                    
70.65                         870.3292                      0.07724993                    
70.66                         868.9032                      0.07704027                    
70.67                         866.3867                      0.0768977                     
70.68                         864.2059                      0.07662094                    
70.69                         862.1927                      0.07649514                    
70.7                          860.2634                      0.07631063                    
70.71                         858.0825                      0.07612614                    
70.72                         856.4888                      0.07596679                    
70.73                         854.6434                      0.07579067                    
70.74                         852.6302                      0.07554746                    
70.75                         850.2816                      0.07544682                    
70.76                         848.1006                      0.07524554                    
70.77                         846.2552                      0.0750275                     
70.78                         844.4938                      0.07485977                    
70.79                         842.3967                      0.07465848                    
70.8                          840.4675                      0.07454108                    
70.81                         838.1188                      0.07435657                    
70.82                         836.1895                      0.07420561                    
70.83                         834.0086                      0.07397079                    
70.84                         832.2471                      0.07381984                    
70.85                         830.8211                      0.07356823                    
70.86                         828.2208                      0.07340889                    
70.87                         825.8722                      0.07320762                    
70.88                         824.3623                      0.07306504                    
70.89                         822.6008                      0.07287215                    
70.9                          820.4199                      0.07270442                    
70.91                         818.7422                      0.07241928                    
70.92                         816.1419                      0.07235219                    
70.93                         813.8771                      0.07215091                    
70.94                         812.1156                      0.07196641                    
70.95                         810.2702                      0.07175674                    
70.96                         808.1732                      0.07160579                    
70.97                         806.1601                      0.07142967                    
70.98                         804.3146                      0.07125355                    
70.99                         802.5532                      0.07101873                    
71                            800.4561                      0.07090132                    
71.01                         798.3591                      0.07068326                    
71.02                         796.5976                      0.07045683                    
71.03                         794.0812                      0.07032264                    
71.04                         792.1519                      0.07018007                    
71.05                         790.0549                      0.06995364                    
71.06                         788.3773                      0.06979429                    
71.07                         786.448                       0.0696014                     
71.08                         784.0992                      0.0694169                     
71.09                         782.4217                      0.06921562                    
71.1                          779.9891                      0.06906466                    
71.11                         778.1437                      0.06886339                    
71.12                         776.3822                      0.06866211                    
71.13                         774.1174                      0.06849437                    
71.14                         772.4398                      0.06836019                    
71.15                         770.175                       0.06815892                    
71.16                         768.5813                      0.06796603                    
71.17                         766.3165                      0.06781507                    
71.18                         764.555                       0.06759702                    
71.19                         762.2063                      0.06739574                    
71.2                          760.6965                      0.06722801                    
71.21                         758.5156                      0.06706867                    
71.22                         756.3346                      0.066859                      
71.23                         754.4053                      0.06669126                    
71.24                         752.1406                      0.06651515                    
71.25                         750.3791                      0.06635581                    
71.26                         748.6176                      0.06613776                    
71.27                         746.2689                      0.06592809                    
71.28                         744.2557                      0.06580229                    
71.29                         742.4103                      0.0656094                     
71.3                          740.3133                      0.06539974                    
71.31                         738.1324                      0.06526556                    
71.32                         735.8677                      0.0650559                     
71.33                         734.4417                      0.06485461                    
71.34                         732.2607                      0.06470366                    
71.35                         730.2476                      0.06447722                    
71.36                         728.2345                      0.06427594                    
71.37                         726.3052                      0.06415015                    
71.38                         724.3759                      0.06394048                    
71.39                         722.4467                      0.06378952                    
71.4                          719.9302                      0.06367211                    
71.41                         718.3364                      0.06337859                    
71.42                         716.2394                      0.06326956                    
71.43                         713.8907                      0.06301796                    
71.44                         711.8776                      0.06289216                    
71.45                         710.2                         0.0626825                     
71.46                         708.5224                      0.06245606                    
71.47                         706.0898                      0.06228833                    
71.48                         704.4122                      0.06220447                    
71.49                         702.399                       0.06194448                    
71.5                          700.1342                      0.06181869                    
71.51                         697.7856                      0.06162579                    
71.52                         695.8563                      0.06140774                    
71.53                         694.4304                      0.06124001                    
71.54                         692.2494                      0.06111421                    
71.55                         690.0685                      0.06087101                    
71.56                         688.4747                      0.06071166                    
71.57                         686.6293                      0.06051039                    
71.58                         684.5323                      0.06032588                    
71.59                         682.2675                      0.06014138                    
71.6                          679.835                       0.05999881                    
71.61                         678.0735                      0.05980591                    
71.62                         676.2281                      0.05960464                    
71.63                         674.0472                      0.05940336                    
71.64                         672.034                       0.05926917                    
71.65                         669.8531                      0.05905951                    
71.66                         668.0917                      0.0588834                     
71.67                         666.3301                      0.05867373                    
71.68                         664.1492                      0.05851439                    
71.69                         662.136                       0.05832149                    
71.7                          659.8713                      0.05816215                    
71.71                         658.1936                      0.05795249                    
71.72                         656.0967                      0.05778475                    
71.73                         654.2512                      0.05761703                    
71.74                         652.2381                      0.05739898                    
71.75                         650.3926                      0.0572564                     
71.76                         648.2118                      0.05706352                    
71.77                         646.3664                      0.05687062                    
71.78                         644.2693                      0.05666935                    
71.79                         642.0046                      0.05655194                    
71.8                          639.9915                      0.05631711                    
71.81                         638.1461                      0.05614938                    
71.82                         636.049                       0.05593972                    
71.83                         633.7842                      0.05577198                    
71.84                         631.855                       0.05560426                    
71.85                         630.429                       0.05544491                    
71.86                         628.0803                      0.05521847                    
71.87                         626.0671                      0.05505913                    
71.88                         624.1379                      0.05487463                    
71.89                         622.3763                      0.05470689                    
71.9                          620.3632                      0.05450562                    
71.91                         618.1823                      0.05429595                    
71.92                         616.0853                      0.05415338                    
71.93                         614.1561                      0.05395211                    
71.94                         612.1429                      0.05377599                    
71.95                         610.1297                      0.05357471                    
71.96                         607.9488                      0.05344891                    
71.97                         606.1035                      0.05323086                    
71.98                         604.0903                      0.05305475                    
71.99                         602.0771                      0.05285347                    
72                            600.064                       0.05271928                    
72.01                         598.3025                      0.05251801                    
72.02                         596.3732                      0.05232511                    
72.03                         594.0245                      0.05210707                    
72.04                         592.0114                      0.05197288                    
72.05                         589.9144                      0.05177999                    
72.06                         588.3206                      0.05157872                    
72.07                         586.2236                      0.05141098                    
72.08                         584.0427                      0.05125164                    
72.09                         581.8618                      0.05105036                    
72.1                          580.0164                      0.05088263                    
72.11                         577.8355                      0.1070361                     
72.12                         575.7385                      0.1070344                     
72.13                         574.3964                      0.1070319                     
72.14                         572.2993                      0.1070302                     
72.15                         569.9507                      0.1070369                     
72.16                         568.2731                      0.9472283                     
72.17                         566.2599                      0.6617335                     
72.18                         564.1628                      0.5597531                     
72.19                         562.2336                      0.5206047                     
72.2                          560.2205                      0.503211                      
72.21                         557.9556                      0.4962656                     
72.22                         556.0264                      0.4913967                     
72.23                         554.0971                      0.4875351                     
72.24                         551.9162                      0.4850167                     
72.25                         549.9031                      0.4828341                     
72.26                         547.9738                      0.4799887                     
72.27                         546.2961                      0.4779507                     
72.28                         543.8636                      0.4761392                     
72.29                         542.2699                      0.47442                       
72.3                          540.2567                      0.4724743                     
72.31                         537.908                       0.4704028                     
72.32                         535.6432                      0.468692                      
72.33                         533.8818                      0.4669392                     
72.34                         531.7847                      0.4651277                     
72.35                         530.191                       0.4631485                     
72.36                         527.9261                      0.4615215                     
72.37                         525.913                       0.4594919                     
72.38                         524.0676                      0.4578062                     
72.39                         522.4739                      0.4560115                     
72.4                          520.293                       0.4542252                     
72.41                         518.2798                      0.4524472                     
72.42                         516.3506                      0.450619                      
72.43                         514.1697                      0.448472                      
72.44                         511.9888                      0.4469121                     
72.45                         509.6401                      0.4447736                     
72.46                         508.3819                      0.443331                      
72.47                         505.7815                      0.4414022                     
72.48                         504.0201                      0.439641                      
72.49                         502.3424                      0.4373934                     
72.5                          499.826                       0.4356825                     
72.51                         497.8967                      0.434173                      
72.52                         496.0513                      0.4323866                     
72.53                         493.7027                      0.4301139                     
72.54                         491.9412                      0.4289733                     
72.55                         490.2635                      0.4266167                     
72.56                         488.3343                      0.4248052                     
72.57                         485.7339                      0.423304                      
72.58                         483.7208                      0.421526                      
72.59                         481.7915                      0.4195468                     
72.6                          479.7784                      0.4180372                     
72.61                         478.2685                      0.4155883                     
72.62                         476.3393                      0.4140788                     
72.63                         473.739                       0.4122338                     
72.64                         471.9774                      0.4105313                     
72.65                         470.2159                      0.4086359                     
72.66                         467.7834                      0.4066315                     
72.67                         466.1057                      0.4046859                     
72.68                         464.3442                      0.4034027                     
72.69                         462.2472                      0.4010964                     
72.7                          459.9824                      0.3994275                     
72.71                         457.6338                      0.3977586                     
72.72                         456.04                        0.3958129                     
72.73                         453.7752                      0.3938001                     
72.74                         451.5943                      0.3922402                     
72.75                         449.9167                      0.39037                       
72.76                         447.8196                      0.3888521                     
72.77                         446.0582                      0.3868393                     
72.78                         444.045                       0.3848098                     
72.79                         441.948                       0.383644                      
72.8                          439.9348                      0.3815642                     
72.81                         438.0894                      0.3796856                     
72.82                         435.8246                      0.3778909                     
72.83                         433.9792                      0.3761884                     
72.84                         432.3016                      0.3740582                     
72.85                         429.7852                      0.372339                      
72.86                         427.856                       0.3707455                     
72.87                         425.8428                      0.3687076                     
72.88                         423.8296                      0.3668038                     
72.89                         421.9004                      0.3650762                     
72.9                          420.1389                      0.3630131                     
72.91                         418.1257                      0.3614197                     
72.92                         416.1964                      0.3598849                     
72.93                         413.9316                      0.3577212                     
72.94                         411.6669                      0.3561781                     
72.95                         409.5699                      0.353855                      
72.96                         408.1439                      0.3521777                     
72.97                         405.8791                      0.3505423                     
72.98                         404.1176                      0.348865                      
72.99                         402.1883                      0.3465671                     
73                            399.8396                      0.3454852                     
73.01                         397.9942                      0.3428686                     
73.02                         395.8972                      0.3415435                     
73.03                         393.9679                      0.339363                      
73.04                         391.787                       0.337929                      
73.05                         389.7739                      0.3361342                     
73.06                         388.0124                      0.3343982                     
73.07                         385.9992                      0.3320667                     
73.08                         383.9861                      0.3309094                     
73.09                         382.1407                      0.3286954                     
73.1                          380.0436                      0.3269593                     
73.11                         377.7789                      0.3252988                     
73.12                         376.269                       0.3231183                     
73.13                         373.9203                      0.3214578                     
73.14                         371.8233                      0.3198979                     
73.15                         370.0618                      0.3178683                     
73.16                         368.3003                      0.3158556                     
73.17                         365.7839                      0.3142118                     
73.18                         364.0223                      0.3125093                     
73.19                         361.422                       0.3103624                     
73.2                          359.9122                      0.3086934                     
73.21                         357.5635                      0.3071503                     
73.22                         355.7181                      0.3052298                     
73.23                         353.3694                      0.3032506                     
73.24                         352.5306                      0.3015565                     
73.25                         349.8464                      0.299527                      
73.26                         348.1688                      0.2980425                     
73.27                         345.9879                      0.2961136                     
73.28                         343.7231                      0.2942183                     
73.29                         341.9616                      0.2926081                     
73.3                          340.1162                      0.2907211                     
73.31                         337.9353                      0.2887083                     
73.32                         335.8383                      0.2870729                     
73.33                         333.9929                      0.2850434                     
73.34                         331.9797                      0.2836512                     
73.35                         329.8827                      0.2816049                     
73.36                         327.7857                      0.2793992                     
73.37                         325.3531                      0.2778477                     
73.38                         323.6755                      0.2763801                     
73.39                         321.914                       0.2741912                     
73.4                          320.3203                      0.272581                      
73.41                         318.0555                      0.2705347                     
73.42                         315.8745                      0.2687986                     
73.43                         313.7775                      0.2673981                     
73.44                         311.8483                      0.2655614                     
73.45                         309.5835                      0.2632803                     
73.46                         308.1575                      0.2619301                     
73.47                         305.8927                      0.259867                      
73.48                         304.1312                      0.2578374                     
73.49                         302.0341                      0.2563446                     
73.5                          300.1888                      0.2544996                     
73.51                         298.0078                      0.2526797                     
73.52                         295.8269                      0.2507256                     
73.53                         293.646                       0.2489309                     
73.54                         291.9684                      0.2468511                     
73.55                         289.9553                      0.2454253                     
73.56                         287.6066                      0.2434881                     
73.57                         286.0128                      0.241752                      
73.58                         284.0836                      0.2396386                     
73.59                         281.9027                      0.2381458                     
73.6                          280.1412                      0.2362337                     
73.61                         278.2119                      0.2346738                     
73.62                         276.1988                      0.2326526                     
73.63                         273.934                       0.2309753                     
73.64                         272.0047                      0.2289877                     
73.65                         269.7399                      0.2270336                     
73.66                         267.4751                      0.2253647                     
73.67                         265.7975                      0.2238048                     
73.68                         263.9521                      0.2217669                     
73.69                         261.939                       0.2200309                     
73.7                          260.0097                      0.2180936                     
73.71                         257.8288                      0.2161395                     
73.72                         255.564                       0.214739                      
73.73                         253.9702                      0.212852                      
73.74                         251.7054                      0.2106128                     
73.75                         249.7762                      0.2093464                     
73.76                         248.0986                      0.2071995                     
73.77                         245.666                       0.2052957                     
73.78                         243.6528                      0.2038952                     
73.79                         241.9752                      0.2018321                     
73.8                          239.7104                      0.2000373                     
73.81                         237.6973                      0.198402                      
73.82                         235.768                       0.1960034                     
73.83                         233.671                       0.1943764                     
73.84                         231.7417                      0.1929256                     
73.85                         229.3931                      0.190938                      
73.86                         227.7154                      0.1890929                     
73.87                         225.6184                      0.1870047                     
73.88                         223.6053                      0.1853861                     
73.89                         221.5082                      0.1839016                     
73.9                          219.7467                      0.1815702                     
73.91                         217.7336                      0.1798929                     
73.92                         216.056                       0.1784588                     
73.93                         214.2944                      0.1763202                     
73.94                         211.778                       0.1744165                     
73.95                         209.681                       0.1727224                     
73.96                         207.4162                      0.1711541                     
73.97                         205.7386                      0.169351                      
73.98                         203.9771                      0.1674137                     
73.99                         202.0478                      0.1653422                     
74                            199.783                       0.1637739                     
74.01                         197.9376                      0.1621302                     
74.02                         195.5889                      0.1601509                     
74.03                         193.408                       0.1582304                     
74.04                         191.8143                      0.1567041                     
74.05                         189.9689                      0.1546074                     
74.06                         187.9558                      0.1522508                     
74.07                         186.1942                      0.151236                      
74.08                         183.9295                      0.1492149                     
74.09                         181.413                       0.147177                      
74.1                          179.5676                      0.1454242                     
74.11                         177.7223                      0.143663                      
74.12                         175.793                       0.1412644                     
74.13                         173.9476                      0.1403251                     
74.14                         172.0183                      0.1381446                     
74.15                         169.8374                      0.1364422                     
74.16                         167.4049                      0.1345468                     
74.17                         165.7272                      0.1327689                     
74.18                         163.9657                      0.1308064                     
74.19                         162.1204                      0.1292801                     
74.2                          159.52                        0.1271331                     
74.21                         158.0102                      0.1257242                     
74.22                         155.997                       0.1238707                     
74.23                         153.7322                      0.1218328                     
74.24                         151.7191                      0.12008                       
74.25                         149.2027                      0.1181343                     
74.26                         147.2734                      0.1164151                     
74.27                         145.9313                      0.1146707                     
74.28                         143.6665                      0.1125824                     
74.29                         141.4017                      0.1110393                     
74.3                          139.6402                      0.1093872                     
74.31                         137.5432                      0.1074415                     
74.32                         135.6139                      0.105521                      
74.33                         133.6008                      0.1038353                     
74.34                         131.7554                      0.1019315                     
74.35                         129.5744                      0.09992715                    
74.36                         127.5613                      0.09835048                    
74.37                         125.7998                      0.09657253                    
74.38                         123.535                       0.09476104                    
74.39                         121.7735                      0.0928489                     
74.4                          119.7604                      0.09085291                    
74.41                         117.7472                      0.08894916                    
74.42                         115.1469                      0.08738088                    
74.43                         113.9725                      0.08551907                    
74.44                         111.3722                      0.08359016                    
74.45                         109.443                       0.08192123                    
74.46                         107.7653                      0.0798917                     
74.47                         105.7522                      0.07822277                    
74.48                         103.6552                      0.07636935                    
74.49                         101.9775                      0.07444882                    
74.5                          99.71275                      0.07288054                    
74.51                         97.86736                      0.07095164                    
74.52                         95.43481                      0.06890532                    
74.53                         93.58942                      0.06712737                    
74.54                         91.40851                      0.06587777                    
74.55                         89.39536                      0.0637392                     
74.56                         87.29834                      0.06204512                    
74.57                         85.70459                      0.05991494                    
74.58                         83.60756                      0.0586318                     
74.59                         81.76218                      0.05644291                    
74.6                          79.83291                      0.05488301                    
74.61                         77.652                        0.05245091                    
74.62                         75.47108                      0.05100004                    
74.63                         73.70959                      0.04899566                    
74.64                         71.27703                      0.0475951                     
74.65                         69.51553                      0.04538944                    
74.66                         67.50237                      0.04364504                    
74.67                         65.48923                      0.04200966                    
74.68                         63.47608                      0.04018139                    
74.69                         61.88234                      0.03771575                    
74.7                          59.70143                      0.03697774                    
74.71                         57.52052                      0.03464261                    
74.72                         55.67513                      0.03267379                    
74.73                         53.41034                      0.03096407                    
74.74                         51.31331                      0.02921579                    
74.75                         49.80345                      0.02730315                    
74.76                         47.53866                      0.02570244                    
74.77                         45.77715                      0.02357179                    
74.78                         43.68012                      0.02201887                    
74.79                         41.66697                      0.02026806                    
74.8                          39.48606                      0.01804686                    
74.81                         37.47291                      0.01642267                    
74.82                         35.87917                      0.01467438                    
74.83                         33.69826                      0.0127718                     
74.84                         31.68511                      0.01097152                    
74.85                         29.58808                      0.00884926                    
74.86                         27.49105                      0.007421282                   
74.87                         25.56179                      0.0056797                     
74.88                         23.80028                      0.003593492                   
74.89                         21.70325                      0.001695948                   
74.9                          19.35458                      0.0003602045                  
74.91                         17.67695                      -0.002094109                  
74.92                         16.16709                      -0.003327554                  
74.93                         13.56678                      -0.005493421                  
74.94                         11.46975                      -0.006973388                  
74.95                         9.540481                      -0.008962329                  
74.96                         7.107927                      -0.01080202                   
74.97                         5.430303                      -0.01283204                   
74.98                         3.584917                      -0.01415521                   
74.99                         1.571769                      -0.01621123                   
75                            -0.1897362                    -0.01812806                   
75.01                         -2.370647                     -0.01979502                   
75.02                         -4.132152                     -0.02176803                   
75.03                         -6.229181                     -0.0237469                    
75.04                         -8.661736                     -0.0251665                    
75.05                         -10.591                       -0.0273919                    
75.06                         -12.10086                     -0.02910497                   
75.07                         -14.36566                     -0.03105618                   
75.08                         -16.54657                     -0.03279105                   
75.09                         -18.81136                     -0.03475149                   
75.1                          -20.4051                      -0.03648804                   
75.11                         -22.08273                     -0.03791266                   
75.12                         -24.68304                     -0.03989154                   
75.13                         -26.61231                     -0.04190312                   
75.14                         -28.45769                     -0.04386272                   
75.15                         -30.55472                     -0.04520684                   
75.16                         -32.56787                     -0.04732743                   
75.17                         -34.74878                     -0.04891389                   
75.18                         -36.67805                     -0.05103699                   
75.19                         -38.02015                     -0.05264777                   
75.2                          -40.28494                     -0.05462413                   
75.21                         -42.80137                     -0.05622232                   
75.22                         -44.81452                     -0.05840832                   
75.23                         -46.57603                     -0.06008617                   
75.24                         -48.67306                     -0.06176067                   
75.25                         -50.60233                     -0.06365654                   
75.26                         -52.78323                     -0.06571005                   
75.27                         -54.46086                     -0.06699716                   
75.28                         -56.13848                     -0.06900706                   
75.29                         -58.48716                     -0.07102451                   
75.3                          -60.41642                     -0.07279292                   
75.31                         -62.51345                     -0.07446574                   
75.32                         -64.5266                      -0.07624841                   
75.33                         -66.53975                     -0.0779095                    
75.34                         -68.63678                     -0.08018605                   
75.35                         -70.48216                     -0.08157966                   
75.36                         -72.24368                     -0.08339334                   
75.37                         -74.42458                     -0.08550471                   
75.38                         -76.52161                     -0.0872706                    
75.39                         -78.61864                     -0.08866924                   
75.4                          -80.21238                     -0.09106066                   
75.41                         -82.14165                     -0.09266809                   
75.42                         -84.5742                      -0.09471236                   
75.43                         -86.92288                     -0.09623007                   
75.44                         -88.76826                     -0.09794733                   
75.45                         -90.44588                     -0.1000092                    
75.46                         -92.79456                     -0.1017693                    
75.47                         -94.30442                     -0.1032034                    
75.48                         -96.23369                     -0.1056355                    
75.49                         -98.4146                      -0.1073547                    
75.5                          -100.5116                     -0.1090404                    
75.51                         -102.7764                     -0.110701                     
75.52                         -104.6218                     -0.1124034                    
75.53                         -106.8027                     -0.1143407                    
75.54                         -108.3126                     -0.1165212                    
75.55                         -110.5774                     -0.1174689                    
75.56                         -112.4228                     -0.1198004                    
75.57                         -114.352                      -0.1216957                    
75.58                         -116.4491                     -0.1234233                    
75.59                         -118.7138                     -0.1252432                    
75.6                          -120.8109                     -0.127516                     
75.61                         -122.6563                     -0.1286985                    
75.62                         -124.25                       -0.1308538                    
75.63                         -126.5148                     -0.1323131                    
75.64                         -128.6957                     -0.1346865                    
75.65                         -130.7088                     -0.1361961                    
75.66                         -132.3865                     -0.138452                     
75.67                         -134.2319                     -0.1396597                    
75.68                         -136.4128                     -0.1417983                    
75.69                         -138.1743                     -0.1434169                    
75.7                          -140.3552                     -0.1454296                    
75.71                         -142.5361                     -0.1470399                    
75.72                         -144.717                      -0.1491533                    
75.73                         -146.8979                     -0.1506377                    
75.74                         -148.5755                     -0.152424                     
75.75                         -150.6726                     -0.1545374                    
75.76                         -152.3502                     -0.1562315                    
75.77                         -154.4472                     -0.1581772                    
75.78                         -156.3765                     -0.1597287                    
75.79                         -158.6413                     -0.1615821                    
75.8                          -160.7383                     -0.1634272                    
75.81                         -162.5837                     -0.1652974                    
75.82                         -164.6807                     -0.1671089                    
75.83                         -166.9455                     -0.1697171                    
75.84                         -168.8748                     -0.1706564                    
75.85                         -170.6363                     -0.172602                     
75.86                         -172.3978                     -0.174531                     
75.87                         -174.7465                     -0.1764599                    
75.88                         -176.9274                     -0.1780449                    
75.89                         -178.6889                     -0.1797893                    
75.9                          -180.3665                     -0.1815337                    
75.91                         -182.5474                     -0.1837226                    
75.92                         -184.5606                     -0.1851986                    
75.93                         -186.6576                     -0.1868927                    
75.94                         -188.503                      -0.1890732                    
75.95                         -191.0194                     -0.190826                     
75.96                         -192.5293                     -0.1922433                    
75.97                         -194.7102                     -0.1944574                    
75.98                         -196.6395                     -0.1961347                    
75.99                         -198.6526                     -0.1983823                    
76                            -200.7496                     -0.2000848                    
76.01                         -202.8467                     -0.2015859                    
76.02                         -204.7759                     -0.2037245                    
76.03                         -206.4536                     -0.2055192                    
76.04                         -208.8022                     -0.2068779                    
76.05                         -210.5637                     -0.2091926                    
76.06                         -212.5769                     -0.2109705                    
76.07                         -214.6739                     -0.2126478                    
76.08                         -216.9387                     -0.2143084                    
76.09                         -218.7841                     -0.216145                     
76.1                          -220.7134                     -0.217923                     
76.11                         -222.5588                     -0.2201705                    
76.12                         -224.7397                     -0.2213111                    
76.13                         -226.3334                     -0.2236845                    
76.14                         -228.8498                     -0.2253031                    
76.15                         -230.9469                     -0.2270307                    
76.16                         -232.7084                     -0.2289177                    
76.17                         -234.6376                     -0.2310227                    
76.18                         -236.7347                     -0.2326162                    
76.19                         -238.7478                     -0.2345619                    
76.2                          -240.5093                     -0.2361721                    
76.21                         -242.6902                     -0.23821                      
76.22                         -244.955                      -0.2399544                    
76.23                         -246.8843                     -0.2414137                    
76.24                         -248.9813                     -0.2438877                    
76.25                         -250.7428                     -0.2452379                    
76.26                         -252.5882                     -0.2471668                    
76.27                         -254.6852                     -0.2491041                    
76.28                         -257.1178                     -0.250773                     
76.29                         -258.5438                     -0.2525762                    
76.3                          -260.6408                     -0.2543206                    
76.31                         -262.9895                     -0.2560901                    
76.32                         -264.6671                     -0.2582035                    
76.33                         -266.848                      -0.2599647                    
76.34                         -269.0289                     -0.2614659                    
76.35                         -270.6227                     -0.2633445                    
76.36                         -272.8036                     -0.2654495                    
76.37                         -274.649                      -0.267001                     
76.38                         -276.9138                     -0.2690809                    
76.39                         -278.6753                     -0.270993                     
76.4                          -281.3594                     -0.2728045                    
76.41                         -283.0371                     -0.2741883                    
76.42                         -284.5469                     -0.2763185                    
76.43                         -286.3084                     -0.2782809                    
76.44                         -288.8249                     -0.2802266                    
76.45                         -290.5025                     -0.2813672                    
76.46                         -292.9351                     -0.2836483                    
76.47                         -294.7805                     -0.2853592                    
76.48                         -296.9614                     -0.2872042                    
76.49                         -298.8906                     -0.2888899                    
76.5                          -300.9038                     -0.2909278                    
76.51                         -302.6653                     -0.2925045                    
76.52                         -304.6784                     -0.2945424                    
76.53                         -307.0271                     -0.2960269                    
76.54                         -309.1241                     -0.2980312                    
76.55                         -310.7179                     -0.3000273                    
76.56                         -312.5633                     -0.301671                     
76.57                         -314.7442                     -0.3033483                    
76.58                         -317.0928                     -0.3053359                    
76.59                         -318.6027                     -0.3073655                    
76.6                          -321.0353                     -0.309026                     
76.61                         -322.9645                     -0.3111814                    
76.62                         -324.8938                     -0.3125232                    
76.63                         -326.9908                     -0.3143347                    
76.64                         -329.0878                     -0.3163307                    
76.65                         -330.6816                     -0.3183015                    
76.66                         -332.8625                     -0.3197943                    
76.67                         -334.7917                     -0.3215052                    
76.68                         -336.721                      -0.3233838                    
76.69                         -338.8181                     -0.3252959                    
76.7                          -340.8312                     -0.3270319                    
76.71                         -342.7605                     -0.3289776                    
76.72                         -344.8575                     -0.3310323                    
76.73                         -346.8706                     -0.3328438                    
76.74                         -348.9677                     -0.3342276                    
76.75                         -350.7292                     -0.3364752                    
76.76                         -352.9101                     -0.3379848                    
76.77                         -354.42                       -0.3402072                    
76.78                         -356.6009                     -0.3420606                    
76.79                         -358.5302                     -0.3432851                    
76.8                          -360.9627                     -0.3455158                    
76.81                         -362.892                      -0.3475119                    
76.82                         -364.4857                     -0.3486189                    
76.83                         -367.086                      -0.3508162                    
76.84                         -369.0153                     -0.3528541                    
76.85                         -370.8607                     -0.3543217                    
76.86                         -372.9577                     -0.3560829                    
76.87                         -375.3903                     -0.3581292                    
76.88                         -377.1518                     -0.3598568                    
76.89                         -378.8294                     -0.3620877                    
76.9                          -380.7586                     -0.3631611                    
76.91                         -382.9395                     -0.365501                     
76.92                         -385.1205                     -0.3669938                    
76.93                         -387.1336                     -0.3690149                    
76.94                         -388.8951                     -0.3708936                    
76.95                         -390.5727                     -0.3727973                    
76.96                         -392.9214                     -0.374374                     
76.97                         -394.8507                     -0.3764119                    
76.98                         -397.1994                     -0.3778041                    
76.99                         -398.9609                     -0.379842                     
77                            -400.7224                     -0.3820141                    
77.01                         -403.071                      -0.3833056                    
77.02                         -405.1681                     -0.3852346                    
77.03                         -407.1812                     -0.3870544                    
77.04                         -409.1105                     -0.3889917                    
77.05                         -410.5365                     -0.3908535                    
77.06                         -413.0529                     -0.3927489                    
77.07                         -415.0661                     -0.394401                     
77.08                         -416.7437                     -0.3961706                    
77.09                         -418.7568                     -0.3980408                    
77.1                          -420.6022                     -0.4001794                    
77.11                         -423.2864                     -0.4017644                    
77.12                         -425.2996                     -0.4037604                    
77.13                         -426.8933                     -0.4053287                    
77.14                         -428.9065                     -0.4073163                    
77.15                         -431.0035                     -0.4088595                    
77.16                         -432.8489                     -0.4107129                    
77.17                         -434.6104                     -0.4125412                    
77.18                         -436.7913                     -0.4149397                    
77.19                         -438.7206                     -0.4161558                    
77.2                          -441.0692                     -0.4179253                    
77.21                         -442.9985                     -0.4197536                    
77.22                         -445.0116                     -0.4219508                    
77.23                         -446.857                      -0.4237959                    
77.24                         -448.8702                     -0.4252216                    
77.25                         -450.8833                     -0.4271086                    
77.26                         -453.3997                     -0.4295155                    
77.27                         -454.8257                     -0.4307399                    
77.28                         -456.9228                     -0.4326353                    
77.29                         -459.1037                     -0.4348661                    
77.3                          -461.2846                     -0.4363338                    
77.31                         -462.9622                     -0.4377427                    
77.32                         -464.7237                     -0.4399819                    
77.33                         -467.324                      -0.441458                     
77.34                         -468.8339                     -0.4438146                    
77.35                         -470.9309                     -0.4453661                    
77.36                         -472.9441                     -0.4469931                    
77.37                         -474.9572                     -0.4489975                    
77.38                         -477.3898                     -0.4509767                    
77.39                         -478.8157                     -0.452503                     
77.4                          -480.4095                     -0.4545493                    
77.41                         -482.6743                     -0.4563441                    
77.42                         -485.023                      -0.4582562                    
77.43                         -487.2878                     -0.4597993                    
77.44                         -488.8815                     -0.4616611                    
77.45                         -490.7269                     -0.4638333                    
77.46                         -492.9917                     -0.4655693                    
77.47                         -495.1726                     -0.467104                     
77.48                         -496.7663                     -0.4690832                    
77.49                         -498.6117                     -0.4708528                    
77.5                          -500.6249                     -0.4727817                    
77.51                         -503.2252                     -0.474308                     
77.52                         -505.0706                     -0.4762118                    
77.53                         -506.6643                     -0.4779394                    
77.54                         -509.1807                     -0.4799857                    
77.55                         -511.2777                     -0.4815037                    
77.56                         -513.0392                     -0.4835752                    
77.57                         -514.9686                     -0.4853867                    
77.58                         -517.1495                     -0.4878356                    
77.59                         -518.8271                     -0.4887832                    
77.6                          -520.8402                     -0.4909302                    
77.61                         -523.0212                     -0.4928088                    
77.62                         -524.9504                     -0.4944106                    
77.63                         -527.0474                     -0.496415                     
77.64                         -529.0605                     -0.4982265                    
77.65                         -530.9898                     -0.4999373                    
77.66                         -533.0869                     -0.5016985                    
77.67                         -535.6033                     -0.503879                     
77.68                         -537.1132                     -0.5050867                    
77.69                         -539.2102                     -0.5073007                    
77.7                          -541.2233                     -0.5091709                    
77.71                         -543.1526                     -0.5107811                    
77.72                         -545.0819                     -0.5127101                    
77.73                         -547.5145                     -0.5145551                    
77.74                         -549.1082                     -0.5163162                    
77.75                         -551.0375                     -0.5183542                    
77.76                         -552.9667                     -0.5199896                    
77.77                         -555.3993                     -0.5220107                    
77.78                         -557.4963                     -0.523688                     
77.79                         -558.9222                     -0.5257427                    
77.8                          -561.1871                     -0.5273194                    
77.81                         -563.2841                     -0.5293406                    
77.82                         -565.2972                     -0.5306489                    
77.83                         -567.1426                     -0.5331313                    
77.84                         -568.9042                     -0.5343724                    
77.85                         -571.3367                     -0.5362595                    
77.86                         -572.8466                     -0.5382555                    
77.87                         -575.0275                     -0.5403857                    
77.88                         -576.789                      -0.5414843                    
77.89                         -579.1376                     -0.5437487                    
77.9                          -581.3185                     -0.5452666                    
77.91                         -582.9962                     -0.5474387                    
77.92                         -584.9254                     -0.549158                     
77.93                         -587.0225                     -0.5509024                    
77.94                         -589.3712                     -0.552521                     
77.95                         -591.3843                     -0.5546764                    
77.96                         -593.0619                     -0.5561775                    
77.97                         -594.9073                     -0.5579806                    
77.98                         -597.3398                     -0.5599934                    
77.99                         -599.6047                     -0.5623919                    
78                            -601.5339                     -0.5632558                    
78.01                         -603.2115                     -0.5655872                    
78.02                         -605.2247                     -0.5673568                    
78.03                         -607.3217                     -0.5692438                    
78.04                         -609.1671                     -0.5708372                    
78.05                         -611.348                      -0.5729254                    
78.06                         -613.1096                     -0.5744435                    
78.07                         -614.9549                     -0.5766491                    
78.08                         -617.3875                     -0.5780077                    
78.09                         -618.8973                     -0.5799114                    
78.1                          -621.3299                     -0.5820081                    
78.11                         -623.0075                     -0.5836686                    
78.12                         -625.1884                     -0.5851949                    
78.13                         -627.1177                     -0.5873922                    
78.14                         -629.2986                     -0.5891031                    
78.15                         -630.9763                     -0.5912333                    
78.16                         -632.9055                     -0.59281                      
78.17                         -635.1703                     -0.5944872                    
78.18                         -637.6028                     -0.5966174                    
78.19                         -639.5321                     -0.5982361                    
78.2                          -641.2098                     -0.5998043                    
78.21                         -643.0551                     -0.6021693                    
78.22                         -645.236                      -0.6036202                    
78.23                         -647.3331                     -0.6053814                    
78.24                         -649.4301                     -0.6071594                    
78.25                         -651.1077                     -0.6089792                    
78.26                         -652.9531                     -0.610732                     
78.27                         -655.2178                     -0.6128706                    
78.28                         -657.3988                     -0.6143718                    
78.29                         -659.2442                     -0.6161413                    
78.3                          -661.3412                     -0.618129                     
78.31                         -663.1866                     -0.6198565                    
78.32                         -665.1998                     -0.6218442                    
78.33                         -666.9612                     -0.6239827                    
78.34                         -669.1422                     -0.6260123                    
78.35                         -671.3231                     -0.6271864                    
78.36                         -673.1685                     -0.6293418                    
78.37                         -675.5171                     -0.6311029                    
78.38                         -677.2787                     -0.632428                     
78.39                         -678.8724                     -0.634793                     
78.4                          -680.8855                     -0.636638                     
78.41                         -683.402                      -0.6380721                    
78.42                         -685.3312                     -0.6399675                    
78.43                         -687.0089                     -0.6419216                    
78.44                         -689.2737                     -0.6436576                    
78.45                         -690.8674                     -0.645553                     
78.46                         -693.1322                     -0.6471044                    
78.47                         -695.6486                     -0.6490585                    
78.48                         -697.3262                     -0.6512306                    
78.49                         -699.1716                     -0.6525809                    
78.5                          -701.1848                     -0.6548201                    
78.51                         -703.1141                     -0.6564974                    
78.52                         -705.0433                     -0.6583173                    
78.53                         -707.392                      -0.6599778                    
78.54                         -709.1534                     -0.661957                     
78.55                         -711.586                      -0.663584                     
78.56                         -713.5992                     -0.6658987                    
78.57                         -715.1929                     -0.667316                     
78.58                         -717.0383                     -0.6687837                    
78.59                         -719.3031                     -0.6709474                    
78.6                          -720.9808                     -0.6728344                    
78.61                         -722.91                       -0.6744614                    
78.62                         -725.4264                     -0.6764406                    
78.63                         -727.1879                     -0.6783779                    
78.64                         -729.0333                     -0.6800132                    
78.65                         -730.9626                     -0.6817157                    
78.66                         -733.4791                     -0.6834685                    
78.67                         -735.4921                     -0.6854562                    
78.68                         -737.5053                     -0.6874605                    
78.69                         -739.0991                     -0.6894481                    
78.7                          -741.28                       -0.6909745                    
78.71                         -743.377                      -0.6928698                    
78.72                         -745.3063                     -0.6948239                    
78.73                         -747.4033                     -0.6965432                    
78.74                         -749.4164                     -0.6982372                    
78.75                         -751.0102                     -0.7002416                    
78.76                         -753.6105                     -0.701835                     
78.77                         -755.1204                     -0.7040156                    
78.78                         -757.1335                     -0.7056761                    
78.79                         -759.4822                     -0.7071521                    
78.8                          -761.5792                     -0.7093075                    
78.81                         -763.5923                     -0.7111693                    
78.82                         -765.27                       -0.7123685                    
78.83                         -767.7025                     -0.7146916                    
78.84                         -769.2124                     -0.7164864                    
78.85                         -771.2255                     -0.7184991                    
78.86                         -773.5742                     -0.7202687                    
78.87                         -775.0841                     -0.7219376                    
78.88                         -777.4327                     -0.7237743                    
78.89                         -779.4459                     -0.725678                     
78.9                          -781.0397                     -0.7271037                    
78.91                         -783.556                      -0.729301                     
78.92                         -785.1498                     -0.7311796                    
78.93                         -786.9114                     -0.7326724                    
78.94                         -789.0922                     -0.7345929                    
78.95                         -791.5248                     -0.7363541                    
78.96                         -793.454                      -0.7382326                    
78.97                         -795.1317                     -0.7402287                    
78.98                         -797.3965                     -0.7418976                    
78.99                         -799.6613                     -0.7435917                    
79                            -801.5067                     -0.7455457                    
79.01                         -803.1843                     -0.7471224                    
79.02                         -805.1136                     -0.7491352                    
79.03                         -807.2944                     -0.7510473                    
79.04                         -809.5592                     -0.7529678                    
79.05                         -811.153                      -0.7544606                    
79.06                         -813.5016                     -0.7564902                    
79.07                         -815.4309                     -0.7583939                    
79.08                         -817.6957                     -0.7600209                    
79.09                         -819.3734                     -0.7619498                    
79.1                          -821.051                      -0.7645832                    
79.11                         -823.3158                     -0.764969                     
79.12                         -825.4966                     -0.7673423                    
79.13                         -827.342                      -0.7693383                    
79.14                         -829.5229                     -0.7711834                    
79.15                         -831.5361                     -0.7727349                    
79.16                         -833.2137                     -0.7751334                    
79.17                         -835.5624                     -0.7761986                    
79.18                         -837.5756                     -0.7785552                    
79.19                         -838.9177                     -0.7799306                    
79.2                          -841.4341                     -0.7818763                    
79.21                         -843.6989                     -0.7838051                    
79.22                         -845.712                      -0.7859773                    
79.23                         -847.5574                     -0.7872353                    
79.24                         -849.7383                     -0.78929                      
79.25                         -851.4998                     -0.7909002                    
79.26                         -853.5969                     -0.7933071                    
79.27                         -855.2745                     -0.794607                     
79.28                         -857.5393                     -0.7964269                    
79.29                         -859.3847                     -0.7983558                    
79.3                          -861.314                      -0.8002092                    
79.31                         -863.3271                     -0.8019201                    
79.32                         -865.8435                     -0.8037568                    
79.33                         -867.7728                     -0.8056856                    
79.34                         -869.2827                     -0.8074468                    
79.35                         -871.4636                     -0.8091242                    
79.36                         -873.4767                     -0.8108014                    
79.37                         -875.5737                     -0.812722                     
79.38                         -877.1675                     -0.8145921                    
79.39                         -879.2645                     -0.8165547                    
79.4                          -881.7809                     -0.8183242                    
79.41                         -883.4586                     -0.8198506                    
79.42                         -885.5555                     -0.8218884                    
79.43                         -887.0654                     -0.824027                     
79.44                         -889.1625                     -0.8255283                    
79.45                         -891.679                      -0.827759                     
79.46                         -893.5244                     -0.8290589                    
79.47                         -895.4536                     -0.8313065                    
79.48                         -897.2151                     -0.8328162                    
79.49                         -899.4799                     -0.8347283                    
79.5                          -901.493                      -0.8364056                    
79.51                         -903.7579                     -0.8387538                    
79.52                         -905.2676                     -0.8397853                    
79.53                         -907.3647                     -0.8419994                    
79.54                         -909.6295                     -0.8437019                    
79.55                         -911.8104                     -0.8454882                    
79.56                         -913.5719                     -0.847241                     
79.57                         -915.5851                     -0.8495389                    
79.58                         -917.3466                     -0.850822                     
79.59                         -919.6952                     -0.8529103                    
79.6                          -921.5406                     -0.8545205                    
79.61                         -923.3021                     -0.85681                      
79.62                         -925.1475                     -0.8584119                    
79.63                         -927.8317                     -0.8604582                    
79.64                         -929.6771                     -0.8621523                    
79.65                         -931.4386                     -0.8639554                    
79.66                         -933.4518                     -0.865574                     
79.67                         -935.5488                     -0.8675113                    
79.68                         -937.8975                     -0.8693228                    
79.69                         -939.2396                     -0.8711511                    
79.7                          -941.5043                     -0.8727445                    
79.71                         -943.4336                     -0.8746315                    
79.72                         -945.4468                     -0.8767532                    
79.73                         -948.0471                     -0.8781034                    
79.74                         -949.473                      -0.8800408                    
79.75                         -951.4862                     -0.8824058                    
79.76                         -953.2477                     -0.8839741                    
79.77                         -955.6803                     -0.8854333                    
79.78                         -957.4418                     -0.8875048                    
79.79                         -959.6227                     -0.8892073                    
79.8                          -961.6358                     -0.8916142                    
79.81                         -963.5651                     -0.8927883                    
79.82                         -965.8298                     -0.8945915                    
79.83                         -967.5914                     -0.8966294                    
79.84                         -969.1013                     -0.8983905                    
79.85                         -971.366                      -0.8999839                    
79.86                         -973.7986                     -0.9022651                    
79.87                         -975.3085                     -0.9035819                    
79.88                         -977.4894                     -0.9055443                    
79.89                         -979.838                      -0.9074228                    
79.9                          -981.7673                     -0.9089911                    
79.91                         -983.6127                     -0.911113                     
79.92                         -985.4581                     -0.9133857                    
79.93                         -987.639                      -0.9143585                    
79.94                         -989.2327                     -0.9166061                    
79.95                         -991.4136                     -0.9183002                    
79.96                         -993.5946                     -0.9192452                    
79.97                         -995.5239                     -0.9216797                    
79.98                         -997.4531                     -0.9233586                    
79.99                         -999.5501                     -0.9252054                    
80                            -1001.899                     -0.9267165                    
