                       Time(s)                         E(mV)                         I(mA)                         Q(mC)                 Capacity(mAh)                    Energy(Wh)                          P(W)
                      0.100000                   3270.702393                      0.998618                      0.099862                      0.000028                      0.000000                      0.003266
                      0.200000                   7571.263672                      0.997431                      0.199664                      0.000055                      0.000000                      0.007552
                      0.300000                   5331.414551                      0.998703                      0.299471                      0.000083                      0.000000                      0.005325
                      0.400000                   4453.765625                      0.998534                      0.399333                      0.000111                      0.000001                      0.004447
                      0.500000                   3706.673828                      0.994717                      0.498995                      0.000139                      0.000001                      0.003687
                      0.600000                   3525.690186                      0.998364                      0.598649                      0.000166                      0.000001                      0.003520
                      0.700000                   3993.545898                      1.001332                      0.698634                      0.000194                      0.000001                      0.003999
                      0.800000                   3549.351562                      0.998703                      0.798636                      0.000222                      0.000001                      0.003545
                      0.900000                   3539.031250                      0.998194                      0.898481                      0.000250                      0.000001                      0.003533
                      1.000000                   3520.907715                      0.998618                      0.998322                      0.000277                      0.000001                      0.003516
                      1.100000                   3534.584229                      0.998279                      1.098166                      0.000305                      0.000001                      0.003529
                      1.200000                   3524.599365                      0.998534                      1.198007                      0.000333                      0.000001                      0.003519
                      1.300000                   3498.253418                      0.998534                      1.297860                      0.000361                      0.000001                      0.003493
                      1.400000                   3526.781006                      0.998873                      1.397731                      0.000388                      0.000002                      0.003523
                      1.500000                   3495.987793                      0.998618                      1.497605                      0.000416                      0.000002                      0.003491
                      1.600000                   3483.737793                      0.998534                      1.597463                      0.000444                      0.000002                      0.003479
                      1.700000                   3467.963623                      0.998534                      1.697316                      0.000471                      0.000002                      0.003463
                      1.800000                   3493.974121                      0.998449                      1.797165                      0.000499                      0.000002                      0.003489
                      1.900000                   3498.169434                      0.998364                      1.897006                      0.000527                      0.000002                      0.003492
                      2.000000                   3512.097656                      0.998194                      1.996834                      0.000555                      0.000002                      0.003506
                      2.100000                   3500.602783                      0.998618                      2.096674                      0.000582                      0.000002                      0.003496
                      2.200000                   3495.904053                      0.998279                      2.196519                      0.000610                      0.000002                      0.003490
                      2.300000                   3507.231201                      0.998703                      2.296369                      0.000638                      0.000002                      0.003503
                      2.400000                   3492.379883                      0.998449                      2.396226                      0.000666                      0.000003                      0.003487
                      2.500000                   3487.261963                      0.998364                      2.496067                      0.000693                      0.000003                      0.003482
                      2.600000                   3481.891846                      0.998449                      2.595907                      0.000721                      0.000003                      0.003476
                      2.700000                   3475.095703                      0.998534                      2.695756                      0.000749                      0.000003                      0.003470
                      2.800000                   3476.018555                      0.998449                      2.795606                      0.000777                      0.000003                      0.003471
                      2.900000                   3473.249756                      0.998279                      2.895442                      0.000804                      0.000003                      0.003467
                      3.000000                   3472.242676                      0.998449                      2.995278                      0.000832                      0.000003                      0.003467
                      3.100000                   3477.696533                      0.998364                      3.095119                      0.000860                      0.000003                      0.003472
                      3.200000                   3479.542480                      0.998618                      3.194968                      0.000887                      0.000003                      0.003475
                      3.300000                   3478.535645                      0.998449                      3.294822                      0.000915                      0.000003                      0.003473
                      3.400000                   3478.200195                      0.998449                      3.394666                      0.000943                      0.000003                      0.003473
                      3.500000                   3485.248047                      0.998703                      3.494524                      0.000971                      0.000004                      0.003481
                      3.600000                   3484.408936                      0.998449                      3.594382                      0.000998                      0.000004                      0.003479
                      3.700000                   3488.604248                      0.998364                      3.694222                      0.001026                      0.000004                      0.003483
                      3.800000                   3489.107666                      0.998534                      3.794067                      0.001054                      0.000004                      0.003484
                      3.900000                   3493.219238                      0.998449                      3.893916                      0.001082                      0.000004                      0.003488
                      4.000000                   3491.541016                      0.998534                      3.993765                      0.001109                      0.000004                      0.003486
                      4.100000                   3488.688232                      0.998449                      4.093615                      0.001137                      0.000004                      0.003483
                      4.200000                   3490.450195                      0.998449                      4.193459                      0.001165                      0.000004                      0.003485
                      4.300000                   3489.862793                      0.998618                      4.293313                      0.001193                      0.000004                      0.003485
                      4.400000                   3490.282471                      0.998618                      4.393174                      0.001220                      0.000004                      0.003485
                      4.500000                   3487.261963                      0.998279                      4.493019                      0.001248                      0.000005                      0.003481
                      4.600000                   3491.541016                      0.998449                      4.592855                      0.001276                      0.000005                      0.003486
                      4.700000                   3492.967285                      0.998449                      4.692700                      0.001304                      0.000005                      0.003488
                      4.800000                   3498.169434                      0.998449                      4.792545                      0.001331                      0.000005                      0.003493
                      4.900000                   3496.239746                      0.998364                      4.892386                      0.001359                      0.000005                      0.003491
                      5.000000                   3499.344238                      0.998364                      4.992222                      0.001387                      0.000005                      0.003494
                      5.100000                   3502.029053                      0.998534                      5.092067                      0.001414                      0.000005                      0.003497
                      5.200000                   3509.580566                      0.998449                      5.191916                      0.001442                      0.000005                      0.003504
                      5.300000                   3569.321045                      0.998364                      5.291757                      0.001470                      0.000005                      0.003563
                      5.400000                   3626.964111                      0.998703                      5.391610                      0.001498                      0.000005                      0.003622
                      5.500000                   3530.556885                      0.998788                      5.491485                      0.001525                      0.000006                      0.003526
                      5.600000                   3612.532227                      0.998618                      5.591355                      0.001553                      0.000006                      0.003608
                      5.700000                   3488.184570                      0.998449                      5.691208                      0.001581                      0.000006                      0.003483
                      5.800000                   3484.912354                      0.998449                      5.791053                      0.001609                      0.000006                      0.003480
                      5.900000                   3488.268555                      0.998618                      5.890907                      0.001636                      0.000006                      0.003483
                      6.000000                   3488.688232                      0.998449                      5.990760                      0.001664                      0.000006                      0.003483
                      6.100000                   3499.344238                      0.998703                      6.090618                      0.001692                      0.000006                      0.003495
                      6.200000                   3498.840820                      0.998449                      6.190475                      0.001720                      0.000006                      0.003493
                      6.300000                   3512.181641                      0.998449                      6.290320                      0.001747                      0.000006                      0.003507
                      6.400000                   3501.777344                      0.998703                      6.390178                      0.001775                      0.000006                      0.003497
                      6.500000                   3500.770508                      0.998534                      6.490040                      0.001803                      0.000007                      0.003496
                      6.600000                   3497.917725                      0.998873                      6.589910                      0.001831                      0.000007                      0.003494
                      6.700000                   3489.275391                      0.998534                      6.689780                      0.001858                      0.000007                      0.003484
                      6.800000                   3472.578613                      0.998449                      6.789629                      0.001886                      0.000007                      0.003467
                      6.900000                   3481.891846                      0.998449                      6.889474                      0.001914                      0.000007                      0.003476
                      7.000000                   3470.396973                      0.998618                      6.989327                      0.001941                      0.000007                      0.003466
                      7.100000                   3494.645508                      0.998449                      7.089181                      0.001969                      0.000007                      0.003489
                      7.200000                   3478.116211                      0.998449                      7.189026                      0.001997                      0.000007                      0.003473
                      7.300000                   3474.592041                      0.998534                      7.288875                      0.002025                      0.000007                      0.003469
                      7.400000                   3472.997803                      0.998449                      7.388724                      0.002052                      0.000007                      0.003468
                      7.500000                   3487.177979                      0.998449                      7.488569                      0.002080                      0.000007                      0.003482
                      7.600000                   3480.885010                      0.998534                      7.588418                      0.002108                      0.000008                      0.003476
                      7.700000                   3489.611328                      0.998449                      7.688267                      0.002136                      0.000008                      0.003484
                      7.800000                   3467.124512                      0.998788                      7.788129                      0.002163                      0.000008                      0.003463
                      7.900000                   3470.648438                      0.998618                      7.888000                      0.002191                      0.000008                      0.003466
                      8.000000                   3466.201660                      0.998534                      7.987857                      0.002219                      0.000008                      0.003461
                      8.100000                   3463.768311                      0.998703                      8.087719                      0.002247                      0.000008                      0.003459
                      8.200000                   3456.887939                      0.998449                      8.187577                      0.002274                      0.000008                      0.003452
                      8.300000                   3456.300537                      0.998449                      8.287422                      0.002302                      0.000008                      0.003451
                      8.400000                   3453.783447                      0.998449                      8.387266                      0.002330                      0.000008                      0.003448
                      8.500000                   3482.227295                      0.998364                      8.487107                      0.002358                      0.000008                      0.003477
                      8.600000                   3444.553955                      0.998534                      8.586952                      0.002385                      0.000009                      0.003440
                      8.700000                   3450.762939                      0.998788                      8.686818                      0.002413                      0.000009                      0.003447
                      8.800000                   3451.350342                      0.998449                      8.786680                      0.002441                      0.000009                      0.003446
                      8.900000                   3460.580078                      0.998618                      8.886534                      0.002468                      0.000009                      0.003456
                      9.000000                   3455.629395                      0.998534                      8.986391                      0.002496                      0.000009                      0.003451
                      9.100000                   3370.885254                      0.998618                      9.086248                      0.002524                      0.000009                      0.003366
                      9.200000                   3357.040771                      0.998449                      9.186102                      0.002552                      0.000009                      0.003352
                      9.300000                   3358.802734                      0.998449                      9.285947                      0.002579                      0.000009                      0.003354
                      9.400000                   3358.718994                      0.998279                      9.385783                      0.002607                      0.000009                      0.003353
                      9.500000                   3356.957031                      0.998534                      9.485624                      0.002635                      0.000009                      0.003352
                      9.600000                   3359.138428                      0.998618                      9.585482                      0.002663                      0.000009                      0.003354
                      9.700000                   3345.797607                      0.998618                      9.685344                      0.002690                      0.000010                      0.003341
                      9.800000                   3359.390137                      0.998703                      9.785210                      0.002718                      0.000010                      0.003355
                      9.900000                   3361.823486                      0.998449                      9.885067                      0.002746                      0.000010                      0.003357
                     10.000000                   3357.544189                      0.998534                      9.984916                      0.002774                      0.000010                      0.003353
                     10.100000                   3355.111084                      0.998703                     10.084778                      0.002801                      0.000010                      0.003351
                     10.200000                   3365.011963                      0.998449                     10.184635                      0.002829                      0.000010                      0.003360
                     10.300000                   3358.215576                      0.998449                     10.284480                      0.002857                      0.000010                      0.003353
                     10.400000                   3352.174316                      0.998364                     10.384321                      0.002885                      0.000010                      0.003347
                     10.500000                   3352.929688                      0.998534                     10.484166                      0.002912                      0.000010                      0.003348
                     10.600000                   3347.475830                      0.998618                     10.584023                      0.002940                      0.000010                      0.003343
                     10.700000                   3357.544189                      0.998618                     10.683886                      0.002968                      0.000011                      0.003353
                     10.800000                   3362.159180                      0.998703                     10.783751                      0.002995                      0.000011                      0.003358
                     10.900000                   3357.125000                      0.998364                     10.883605                      0.003023                      0.000011                      0.003352
                     11.000000                   3328.512939                      0.998364                     10.983441                      0.003051                      0.000011                      0.003323
                     11.100000                   3320.038574                      0.998449                     11.083282                      0.003079                      0.000011                      0.003315
                     11.200000                   3311.312500                      0.998618                     11.183135                      0.003106                      0.000011                      0.003307
                     11.300000                   3321.968506                      0.998279                     11.282980                      0.003134                      0.000011                      0.003316
                     11.400000                   3322.387939                      0.998534                     11.382821                      0.003162                      0.000011                      0.003318
                     11.500000                   3315.004395                      0.998618                     11.482678                      0.003190                      0.000011                      0.003310
                     11.600000                   3323.059326                      0.998534                     11.582536                      0.003217                      0.000011                      0.003318
                     11.700000                   3338.833496                      0.998618                     11.682393                      0.003245                      0.000011                      0.003334
                     11.800000                   3312.990723                      0.998449                     11.782247                      0.003273                      0.000012                      0.003308
                       Time(s)                         E(mV)                         I(mA)                         Q(mC)                 Capacity(mAh)                    Energy(Wh)                          P(W)
                      0.100000                   3868.778564                      0.998618                      0.099862                      0.000028                      0.000000                      0.003863
                      0.200000                   3673.866943                      0.998958                      0.199741                      0.000055                      0.000000                      0.003670
                      0.300000                   3451.769775                      0.998873                      0.299632                      0.000083                      0.000000                      0.003448
                      0.400000                   3544.904541                      0.999212                      0.399536                      0.000111                      0.000000                      0.003542
                      0.500000                   3485.667480                      0.999127                      0.499453                      0.000139                      0.000001                      0.003483
                      0.600000                   3496.407471                      0.998618                      0.599341                      0.000166                      0.000001                      0.003492
                      0.700000                   3459.489258                      0.998958                      0.699219                      0.000194                      0.000001                      0.003456
                      0.800000                   3380.618164                      0.998703                      0.799102                      0.000222                      0.000001                      0.003376
                      0.900000                   3367.529053                      0.998958                      0.898986                      0.000250                      0.000001                      0.003364
                      1.000000                   3409.146240                      0.998873                      0.998877                      0.000277                      0.000001                      0.003405
                      1.100000                   3403.776123                      0.998703                      1.098756                      0.000305                      0.000001                      0.003399
                      1.200000                   3478.116211                      0.999042                      1.198643                      0.000333                      0.000001                      0.003475
                      1.300000                   3456.552490                      0.998703                      1.298530                      0.000361                      0.000001                      0.003452
                      1.400000                   3455.797363                      0.998873                      1.398409                      0.000388                      0.000001                      0.003452
                      1.500000                   3443.379395                      0.998534                      1.498280                      0.000416                      0.000001                      0.003438
                      1.600000                   3436.247314                      0.998788                      1.598146                      0.000444                      0.000002                      0.003432
                      1.700000                   3443.966553                      0.998873                      1.698029                      0.000472                      0.000002                      0.003440
                      1.800000                   3436.750732                      0.998618                      1.797903                      0.000499                      0.000002                      0.003432
                      1.900000                   3173.036621                      0.998873                      1.897778                      0.000527                      0.000002                      0.003169
                      2.000000                   3138.803467                      0.998618                      1.997652                      0.000555                      0.000002                      0.003134
                      2.100000                   3188.978516                      0.998788                      2.097522                      0.000583                      0.000002                      0.003185
                      2.200000                   3170.100098                      0.998958                      2.197410                      0.000610                      0.000002                      0.003167
                      2.300000                   3168.589844                      0.998618                      2.297289                      0.000638                      0.000002                      0.003164
                      2.400000                   3160.031494                      0.999042                      2.397172                      0.000666                      0.000002                      0.003157
                      2.500000                   3161.038330                      0.998958                      2.497072                      0.000694                      0.000002                      0.003158
                      2.600000                   3156.423584                      0.998873                      2.596963                      0.000721                      0.000002                      0.003153
                      2.700000                   3160.199219                      0.998873                      2.696851                      0.000749                      0.000003                      0.003157
                      2.800000                   3162.884033                      0.998788                      2.796734                      0.000777                      0.000003                      0.003159
                      2.900000                   3154.661621                      0.998958                      2.896621                      0.000805                      0.000003                      0.003151
                      3.000000                   3158.017578                      0.998788                      2.996508                      0.000832                      0.000003                      0.003154
                      3.100000                   3164.394531                      0.998618                      3.096379                      0.000860                      0.000003                      0.003160
                      3.200000                   3157.094727                      0.998873                      3.196253                      0.000888                      0.000003                      0.003154
                      3.300000                   3157.933838                      0.998958                      3.296144                      0.000916                      0.000003                      0.003155
                      3.400000                   3156.003906                      0.998703                      3.396028                      0.000943                      0.000003                      0.003152
                      3.500000                   3154.241943                      0.998788                      3.495902                      0.000971                      0.000003                      0.003150
                      3.600000                   3157.849854                      0.998958                      3.595789                      0.000999                      0.000003                      0.003155
                      3.700000                   3154.661621                      0.998958                      3.695685                      0.001027                      0.000003                      0.003151
                      3.800000                   3177.735352                      0.998788                      3.795573                      0.001054                      0.000004                      0.003174
                      3.900000                   3177.819336                      0.998618                      3.895443                      0.001082                      0.000004                      0.003173
                      4.000000                   3177.987061                      0.998873                      3.995317                      0.001110                      0.000004                      0.003174
                      4.100000                   3179.581299                      0.998703                      4.095196                      0.001138                      0.000004                      0.003175
                      4.200000                   3180.504150                      0.998873                      4.195075                      0.001165                      0.000004                      0.003177
                      4.300000                   3178.406738                      0.998703                      4.294953                      0.001193                      0.000004                      0.003174
                      4.400000                   3177.483887                      0.998788                      4.394828                      0.001221                      0.000004                      0.003174
                      4.500000                   3180.168701                      0.998703                      4.494703                      0.001249                      0.000004                      0.003176
                      4.600000                   3180.756104                      0.998618                      4.594569                      0.001276                      0.000004                      0.003176
                      4.700000                   3176.644531                      0.998703                      4.694435                      0.001304                      0.000004                      0.003173
                      4.800000                   3178.910156                      0.998703                      4.794305                      0.001332                      0.000004                      0.003175
                      4.900000                   3178.826172                      0.998873                      4.894184                      0.001359                      0.000004                      0.003175
                      5.000000                   3182.769775                      0.998618                      4.994059                      0.001387                      0.000005                      0.003178
                      5.100000                   3181.762939                      0.998788                      5.093929                      0.001415                      0.000005                      0.003178
                      5.200000                   3176.393066                      0.998958                      5.193816                      0.001443                      0.000005                      0.003173
                      5.300000                   3171.610352                      0.998618                      5.293695                      0.001470                      0.000005                      0.003167
                      5.400000                   3162.045166                      0.998873                      5.393569                      0.001498                      0.000005                      0.003158
                      5.500000                   3157.933838                      0.998618                      5.493444                      0.001526                      0.000005                      0.003154
                      5.600000                   3152.563721                      0.998873                      5.593318                      0.001554                      0.000005                      0.003149
                      5.700000                   3139.726318                      0.998958                      5.693210                      0.001581                      0.000005                      0.003136
                      5.800000                   3108.681396                      0.998618                      5.793089                      0.001609                      0.000005                      0.003104
                      5.900000                   3080.069580                      0.998534                      5.892946                      0.001637                      0.000005                      0.003076
                      6.000000                   3042.899658                      0.998788                      5.992813                      0.001665                      0.000005                      0.003039
                      6.100000                   3028.719971                      0.998703                      6.092687                      0.001692                      0.000006                      0.003025
                      6.200000                   3021.084473                      0.998618                      6.192553                      0.001720                      0.000006                      0.003017
                      6.300000                   3014.455811                      0.998534                      6.292411                      0.001748                      0.000006                      0.003010
                      6.400000                   3008.079346                      0.998618                      6.392268                      0.001776                      0.000006                      0.003004
                      6.500000                   3004.471436                      0.998534                      6.492126                      0.001803                      0.000006                      0.003000
                      6.600000                   3003.799805                      0.998873                      6.591996                      0.001831                      0.000006                      0.003000
                      6.700000                   3000.276123                      0.998788                      6.691879                      0.001859                      0.000006                      0.002997
                      6.800000                   2997.674805                      0.998873                      6.791762                      0.001887                      0.000006                      0.002994
                      6.900000                   2993.479492                      0.998618                      6.891637                      0.001914                      0.000006                      0.002989
                      7.000000                   2991.298096                      0.998449                      6.991490                      0.001942                      0.000006                      0.002987
                      7.100000                   2986.515625                      0.998618                      7.091344                      0.001970                      0.000006                      0.002982
                      7.200000                   2985.088867                      0.998364                      7.191193                      0.001998                      0.000006                      0.002980
                      7.300000                   2982.488037                      0.998703                      7.291046                      0.002025                      0.000007                      0.002979
                      7.400000                   2978.292725                      0.998788                      7.390921                      0.002053                      0.000007                      0.002975
                      7.500000                   2976.698730                      0.998449                      7.490783                      0.002081                      0.000007                      0.002972
                      7.600000                   2973.845947                      0.998703                      7.590640                      0.002109                      0.000007                      0.002970
                      7.700000                   2971.496338                      0.998534                      7.690502                      0.002136                      0.000007                      0.002967
                      7.800000                   2970.405518                      0.998703                      7.790364                      0.002164                      0.000007                      0.002967
                      7.900000                   2968.559814                      0.998618                      7.890230                      0.002192                      0.000007                      0.002964
                      8.000000                   2967.301270                      0.998873                      7.990105                      0.002219                      0.000007                      0.002964
                      8.100000                   2966.713867                      0.998703                      8.089984                      0.002247                      0.000007                      0.002963
                      8.200000                   2968.811279                      0.998364                      8.189837                      0.002275                      0.000007                      0.002964
                      8.300000                   2967.049561                      0.998703                      8.289690                      0.002303                      0.000007                      0.002963
                      8.400000                   2965.791016                      0.998788                      8.389565                      0.002330                      0.000007                      0.002962
                      8.500000                   2963.944824                      0.998703                      8.489440                      0.002358                      0.000008                      0.002960
                      8.600000                   2963.189697                      0.998703                      8.589310                      0.002386                      0.000008                      0.002959
                      8.700000                   2963.105957                      0.998873                      8.689189                      0.002414                      0.000008                      0.002960
                      8.800000                   2962.183105                      0.998534                      8.789059                      0.002441                      0.000008                      0.002958
                      8.900000                   2961.092285                      0.998449                      8.888908                      0.002469                      0.000008                      0.002956
                      9.000000                   2960.001465                      0.998618                      8.988762                      0.002497                      0.000008                      0.002956
                      9.100000                   2958.826660                      0.998618                      9.088623                      0.002525                      0.000008                      0.002955
                      9.200000                   2954.547607                      0.998534                      9.188481                      0.002552                      0.000008                      0.002950
                      9.300000                   2952.533936                      0.998618                      9.288339                      0.002580                      0.000008                      0.002948
                      9.400000                   2952.617920                      0.998534                      9.388196                      0.002608                      0.000008                      0.002948
                      9.500000                   2951.778564                      0.998703                      9.488058                      0.002636                      0.000008                      0.002948
                      9.600000                   2950.352295                      0.998788                      9.587933                      0.002663                      0.000008                      0.002947
                      9.700000                   2947.247803                      0.998873                      9.687816                      0.002691                      0.000008                      0.002944
                      9.800000                   2946.240967                      0.998788                      9.787699                      0.002719                      0.000009                      0.002943
                      9.900000                   2945.737549                      0.998703                      9.887573                      0.002747                      0.000009                      0.002942
                     10.000000                   2944.814697                      0.998703                      9.987443                      0.002774                      0.000009                      0.002941
                     10.100000                   2944.227295                      0.998618                     10.087310                      0.002802                      0.000009                      0.002940
                     10.200000                   2942.968750                      0.998618                     10.187171                      0.002830                      0.000009                      0.002939
                     10.300000                   2942.549072                      0.998958                     10.287050                      0.002858                      0.000009                      0.002939
                     10.400000                   2941.458252                      0.998618                     10.386929                      0.002885                      0.000009                      0.002937
                     10.500000                   2940.283691                      0.998618                     10.486791                      0.002913                      0.000009                      0.002936
                     10.600000                   2938.941162                      0.998534                     10.586648                      0.002941                      0.000009                      0.002935
                     10.700000                   2938.437744                      0.998534                     10.686502                      0.002968                      0.000009                      0.002934
                     10.800000                   2937.934570                      0.998873                     10.786372                      0.002996                      0.000009                      0.002935
                     10.900000                   2936.843750                      0.998703                     10.886250                      0.003024                      0.000009                      0.002933
                     11.000000                   2937.682617                      0.998534                     10.986113                      0.003052                      0.000010                      0.002933
                     11.100000                   2937.262939                      0.998534                     11.085966                      0.003079                      0.000010                      0.002933
                     11.200000                   2937.262939                      0.998618                     11.185823                      0.003107                      0.000010                      0.002933
                     11.300000                   2937.347168                      0.998618                     11.285686                      0.003135                      0.000010                      0.002933
                     11.400000                   2937.514893                      0.998958                     11.385564                      0.003163                      0.000010                      0.002934
                     11.500000                   2937.095215                      0.998788                     11.485452                      0.003190                      0.000010                      0.002934
                     11.600000                   2937.011475                      0.998534                     11.585318                      0.003218                      0.000010                      0.002933
                     11.700000                   2936.088379                      0.998618                     11.685175                      0.003246                      0.000010                      0.002932
                     11.800000                   2936.424072                      0.998618                     11.785037                      0.003274                      0.000010                      0.002932
                     11.900000                   2936.424072                      0.998534                     11.884894                      0.003301                      0.000010                      0.002932
                     12.000000                   2938.773438                      0.998618                     11.984753                      0.003329                      0.000010                      0.002935
                     12.100000                   2938.521484                      0.998788                     12.084622                      0.003357                      0.000010                      0.002935
                     12.200000                   2938.018311                      0.998703                     12.184497                      0.003385                      0.000011                      0.002934
                     12.300000                   2938.941162                      0.998618                     12.284363                      0.003412                      0.000011                      0.002935
                     12.400000                   2938.857422                      0.998534                     12.384221                      0.003440                      0.000011                      0.002935
                     12.500000                   2938.773438                      0.998703                     12.484082                      0.003468                      0.000011                      0.002935
                     12.600000                   2938.857422                      0.998703                     12.583953                      0.003496                      0.000011                      0.002935
                     12.700000                   2938.521484                      0.998703                     12.683824                      0.003523                      0.000011                      0.002935
                     12.800000                   2939.948242                      0.998788                     12.783698                      0.003551                      0.000011                      0.002936
                     12.900000                   2939.780029                      0.998703                     12.883573                      0.003579                      0.000011                      0.002936
                     13.000000                   2940.115967                      0.998449                     12.983430                      0.003607                      0.000011                      0.002936
                     13.100000                   2940.954834                      0.998534                     13.083280                      0.003634                      0.000011                      0.002937
                     13.200000                   2941.374512                      0.998618                     13.183137                      0.003662                      0.000011                      0.002937
                     13.300000                   2941.290527                      0.998873                     13.283011                      0.003690                      0.000011                      0.002938
                     13.400000                   2941.206787                      0.998703                     13.382890                      0.003717                      0.000012                      0.002937
                     13.500000                   2941.122803                      0.998873                     13.482769                      0.003745                      0.000012                      0.002938
                     13.600000                   2941.710205                      0.998534                     13.582640                      0.003773                      0.000012                      0.002937
                     13.700000                   2941.961670                      0.998618                     13.682497                      0.003801                      0.000012                      0.002938
                     13.800000                   2942.465332                      0.998618                     13.782359                      0.003828                      0.000012                      0.002938
                     13.900000                   2943.220215                      0.998618                     13.882220                      0.003856                      0.000012                      0.002939
                     14.000000                   2943.556152                      0.998873                     13.982095                      0.003884                      0.000012                      0.002940
                     14.100000                   2943.975342                      0.998534                     14.081965                      0.003912                      0.000012                      0.002940
                     14.200000                   2945.150146                      0.998958                     14.181840                      0.003939                      0.000012                      0.002942
                     14.300000                   2946.073242                      0.998873                     14.281732                      0.003967                      0.000012                      0.002943
                     14.400000                   2946.912109                      0.998873                     14.381618                      0.003995                      0.000012                      0.002944
                     14.500000                   2947.667480                      0.998703                     14.481498                      0.004023                      0.000012                      0.002944
                     14.600000                   2947.835205                      0.998703                     14.581367                      0.004050                      0.000012                      0.002944
                     14.700000                   2947.835205                      0.998618                     14.681234                      0.004078                      0.000013                      0.002944
                     14.800000                   2947.751221                      0.998958                     14.781113                      0.004106                      0.000013                      0.002945
                     14.900000                   2948.170654                      0.998618                     14.880992                      0.004134                      0.000013                      0.002944
                     15.000000                   2948.506348                      0.998873                     14.980866                      0.004161                      0.000013                      0.002945
                     15.100000                   2949.597168                      0.998364                     15.080728                      0.004189                      0.000013                      0.002945
                     15.200000                   2949.345459                      0.998534                     15.180573                      0.004217                      0.000013                      0.002945
                     15.300000                   2949.513428                      0.998703                     15.280435                      0.004245                      0.000013                      0.002946
                     15.400000                   2949.597168                      0.998618                     15.380301                      0.004272                      0.000013                      0.002946
                     15.500000                   2950.436279                      0.998788                     15.480171                      0.004300                      0.000013                      0.002947
                     15.600000                   2950.352295                      0.998703                     15.580046                      0.004328                      0.000013                      0.002947
                     15.700000                   2950.184570                      0.998873                     15.679924                      0.004356                      0.000013                      0.002947
                     15.800000                   2951.023438                      0.998618                     15.779799                      0.004383                      0.000013                      0.002947
                     15.900000                   2950.687988                      0.998703                     15.879665                      0.004411                      0.000014                      0.002947
                     16.000000                   2953.540771                      0.998703                     15.979535                      0.004439                      0.000014                      0.002950
                     16.100000                   2954.295654                      0.998534                     16.079397                      0.004466                      0.000014                      0.002950
                     16.200001                   2954.044189                      0.998703                     16.179258                      0.004494                      0.000014                      0.002950
                     16.299999                   2954.044189                      0.998788                     16.279133                      0.004522                      0.000014                      0.002950
                     16.400000                   2954.547607                      0.998534                     16.378998                      0.004550                      0.000014                      0.002950
                     16.500000                   2955.638428                      0.998788                     16.478865                      0.004577                      0.000014                      0.002952
                     16.600000                   2955.218750                      0.998703                     16.578739                      0.004605                      0.000014                      0.002951
                     16.700001                   2956.058105                      0.998788                     16.678614                      0.004633                      0.000014                      0.002952
                     16.799999                   2956.645020                      0.998958                     16.778502                      0.004661                      0.000014                      0.002954
                     16.900000                   2955.973877                      0.998703                     16.878384                      0.004688                      0.000014                      0.002952
                     17.000000                   2956.393555                      0.998618                     16.978251                      0.004716                      0.000014                      0.002952
                     17.100000                   2957.232422                      0.998958                     17.078129                      0.004744                      0.000015                      0.002954
                     17.200001                   2955.806152                      0.998703                     17.178013                      0.004772                      0.000015                      0.002952
                     17.299999                   2956.896973                      0.998873                     17.277891                      0.004799                      0.000015                      0.002954
                     17.400000                   2957.148682                      0.998618                     17.377766                      0.004827                      0.000015                      0.002953
                     17.500000                   2957.232422                      0.998788                     17.477636                      0.004855                      0.000015                      0.002954
                     17.600000                   2957.316650                      0.998788                     17.577515                      0.004883                      0.000015                      0.002954
                     17.700001                   2957.064697                      0.998534                     17.677382                      0.004910                      0.000015                      0.002953
                     17.799999                   2957.652100                      0.998618                     17.777239                      0.004938                      0.000015                      0.002954
                     17.900000                   2957.987793                      0.998788                     17.877110                      0.004966                      0.000015                      0.002954
                     18.000000                   2958.490967                      0.998534                     17.976974                      0.004994                      0.000015                      0.002954
                     18.100000                   2959.162598                      0.998788                     18.076841                      0.005021                      0.000015                      0.002956
                     18.200001                   2959.917480                      0.998703                     18.176716                      0.005049                      0.000015                      0.002956
                     18.299999                   2960.169189                      0.998618                     18.276581                      0.005077                      0.000016                      0.002956
                     18.400000                   2961.260010                      0.998618                     18.376444                      0.005105                      0.000016                      0.002957
                     18.500000                   2961.763428                      0.998703                     18.476309                      0.005132                      0.000016                      0.002958
                     18.600000                   2961.343750                      0.998618                     18.576176                      0.005160                      0.000016                      0.002957
                     18.700001                   2962.434570                      0.998703                     18.676041                      0.005188                      0.000016                      0.002959
                     18.799999                   2962.183105                      0.998703                     18.775911                      0.005216                      0.000016                      0.002958
                     18.900000                   2963.441650                      0.998534                     18.875774                      0.005243                      0.000016                      0.002959
                     19.000000                   2964.280518                      0.998618                     18.975632                      0.005271                      0.000016                      0.002960
                     19.100000                   2964.532227                      0.998449                     19.075485                      0.005299                      0.000016                      0.002960
                     19.200001                   2966.294189                      0.998873                     19.175350                      0.005326                      0.000016                      0.002963
                     19.299999                   2966.713867                      0.998788                     19.275234                      0.005354                      0.000016                      0.002963
                     19.400000                   2966.629883                      0.998788                     19.375113                      0.005382                      0.000016                      0.002963
                     19.500000                   2966.965332                      0.998618                     19.474983                      0.005410                      0.000017                      0.002963
                     19.600000                   2967.804688                      0.998618                     19.574844                      0.005437                      0.000017                      0.002964
                     19.700001                   2968.056152                      0.998534                     19.674702                      0.005465                      0.000017                      0.002964
                     19.799999                   2968.643555                      0.998618                     19.774559                      0.005493                      0.000017                      0.002965
                     19.900000                   2969.566650                      0.998873                     19.874434                      0.005521                      0.000017                      0.002966
                     20.000000                   2970.489502                      0.998873                     19.974321                      0.005548                      0.000017                      0.002967
                     20.100000                   2970.657471                      0.998534                     20.074192                      0.005576                      0.000017                      0.002966
                     20.200001                   2971.328613                      0.998534                     20.174046                      0.005604                      0.000017                      0.002967
                     20.299999                   2971.832275                      0.998618                     20.273903                      0.005632                      0.000017                      0.002968
                     20.400000                   2972.503418                      0.999042                     20.373787                      0.005659                      0.000017                      0.002970
                     20.500000                   2972.755127                      0.998958                     20.473686                      0.005687                      0.000017                      0.002970
                     20.600000                   2973.006592                      0.998703                     20.573568                      0.005715                      0.000017                      0.002969
                     20.700001                   2973.006592                      0.998534                     20.673431                      0.005743                      0.000017                      0.002969
                     20.799999                   2973.677734                      0.998703                     20.773293                      0.005770                      0.000018                      0.002970
                     20.900000                   2974.013672                      0.998618                     20.873159                      0.005798                      0.000018                      0.002970
                     21.000000                   2974.768555                      0.998958                     20.973038                      0.005826                      0.000018                      0.002972
                     21.100000                   2975.607910                      0.998703                     21.072920                      0.005854                      0.000018                      0.002972
                     21.200001                   2976.446777                      0.998703                     21.172791                      0.005881                      0.000018                      0.002973
                     21.299999                   2976.782471                      0.998873                     21.272671                      0.005909                      0.000018                      0.002973
                     21.400000                   2977.453857                      0.998873                     21.372557                      0.005937                      0.000018                      0.002974
                     21.500000                   2978.628418                      0.998703                     21.472435                      0.005965                      0.000018                      0.002975
                     21.600000                   2978.963867                      0.998873                     21.572315                      0.005992                      0.000018                      0.002976
                     21.700001                   2979.467285                      0.998534                     21.672186                      0.006020                      0.000018                      0.002975
                     21.799999                   2980.642090                      0.998788                     21.772051                      0.006048                      0.000018                      0.002977
                     21.900000                   2980.726074                      0.998788                     21.871929                      0.006076                      0.000018                      0.002977
                     22.000000                   2981.145508                      0.998788                     21.971809                      0.006103                      0.000019                      0.002978
                     22.100000                   2981.900635                      0.998534                     22.071674                      0.006131                      0.000019                      0.002978
                     22.200001                   2982.488037                      0.998703                     22.171537                      0.006159                      0.000019                      0.002979
                     22.299999                   2982.907715                      0.998788                     22.271412                      0.006187                      0.000019                      0.002979
                     22.400000                   2983.326904                      0.998364                     22.371269                      0.006214                      0.000019                      0.002978
                     22.500000                   2983.830322                      0.998788                     22.471127                      0.006242                      0.000019                      0.002980
                     22.600000                   2984.585693                      0.998618                     22.570997                      0.006270                      0.000019                      0.002980
                     22.700001                   2985.424805                      0.998618                     22.670858                      0.006297                      0.000019                      0.002981
                     22.799999                   2985.340820                      0.998703                     22.770725                      0.006325                      0.000019                      0.002981
                     22.900000                   2986.011963                      0.998788                     22.870600                      0.006353                      0.000019                      0.002982
                     23.000000                   2985.928223                      0.998703                     22.970474                      0.006381                      0.000019                      0.002982
                     23.100000                   2986.934814                      0.998449                     23.070332                      0.006408                      0.000019                      0.002982
                     23.200001                   2987.606445                      0.998703                     23.170189                      0.006436                      0.000020                      0.002984
                     23.299999                   2987.857910                      0.998703                     23.270060                      0.006464                      0.000020                      0.002984
                     23.400000                   2988.361328                      0.998958                     23.369942                      0.006492                      0.000020                      0.002985
                     23.500000                   2988.948730                      0.998618                     23.469822                      0.006519                      0.000020                      0.002985
                     23.600000                   2989.032715                      0.998788                     23.569691                      0.006547                      0.000020                      0.002985
                     23.700001                   2989.452148                      0.998788                     23.669571                      0.006575                      0.000020                      0.002986
                     23.799999                   2989.703857                      0.998618                     23.769440                      0.006603                      0.000020                      0.002986
                     23.900000                   2990.207275                      0.998703                     23.869307                      0.006630                      0.000020                      0.002986
                     24.000000                   2990.626953                      0.998534                     23.969168                      0.006658                      0.000020                      0.002986
                     24.100000                   2991.214355                      0.998703                     24.069031                      0.006686                      0.000020                      0.002987
                     24.200001                   2991.465820                      0.998788                     24.168905                      0.006714                      0.000020                      0.002988
                     24.299999                   2991.465820                      0.998958                     24.268791                      0.006741                      0.000020                      0.002988
                     24.400000                   2991.969482                      0.998618                     24.368671                      0.006769                      0.000021                      0.002988
                     24.500000                   2991.885498                      0.998703                     24.468536                      0.006797                      0.000021                      0.002988
                     24.600000                   2991.717529                      0.998873                     24.568417                      0.006825                      0.000021                      0.002988
                     24.700001                   2992.472900                      0.998873                     24.668303                      0.006852                      0.000021                      0.002989
                     24.799999                   2993.395752                      0.998873                     24.768190                      0.006880                      0.000021                      0.002990
                     24.900000                   2993.647461                      0.998873                     24.868078                      0.006908                      0.000021                      0.002990
                     25.000000                   2994.654297                      0.998958                     24.967970                      0.006936                      0.000021                      0.002992
                     25.100000                   2995.493408                      0.998873                     25.067862                      0.006963                      0.000021                      0.002992
                     25.200001                   2995.828857                      0.998873                     25.167747                      0.006991                      0.000021                      0.002992
                     25.299999                   2995.996582                      0.998788                     25.267632                      0.007019                      0.000021                      0.002992
                     25.400000                   2996.751953                      0.998873                     25.367514                      0.007047                      0.000021                      0.002993
                     25.500000                   2997.674805                      0.998788                     25.467398                      0.007074                      0.000021                      0.002994
                     25.600000                   2998.430176                      0.998873                     25.567280                      0.007102                      0.000022                      0.002995
                     25.700001                   2999.436768                      0.998958                     25.667171                      0.007130                      0.000022                      0.002996
                     25.799999                   2999.353027                      0.998873                     25.767063                      0.007158                      0.000022                      0.002996
                     25.900000                   2999.353027                      0.998618                     25.866938                      0.007185                      0.000022                      0.002995
                     26.000000                   2999.940430                      0.998534                     25.966795                      0.007213                      0.000022                      0.002996
                     26.100000                   3000.108154                      0.998703                     26.066658                      0.007241                      0.000022                      0.002996
                     26.200001                   3000.359863                      0.998703                     26.166527                      0.007268                      0.000022                      0.002996
                     26.299999                   3001.031250                      0.998958                     26.266411                      0.007296                      0.000022                      0.002998
                     26.400000                   3001.702393                      0.998958                     26.366306                      0.007324                      0.000022                      0.002999
                     26.500000                   3001.786133                      0.998703                     26.466188                      0.007352                      0.000022                      0.002998
                     26.600000                   3002.541260                      0.998788                     26.566063                      0.007379                      0.000022                      0.002999
                     26.700001                   3003.044678                      0.998788                     26.665943                      0.007407                      0.000022                      0.002999
                     26.799999                   3003.464355                      0.998788                     26.765821                      0.007435                      0.000023                      0.003000
                     26.900000                   3004.471436                      0.998788                     26.865700                      0.007463                      0.000023                      0.003001
                     27.000000                   3005.058350                      0.998788                     26.965578                      0.007490                      0.000023                      0.003001
                     27.100000                   3005.645752                      0.998703                     27.065454                      0.007518                      0.000023                      0.003002
                     27.200001                   3006.233154                      0.998958                     27.165337                      0.007546                      0.000023                      0.003003
                     27.299999                   3006.736572                      0.998703                     27.265219                      0.007574                      0.000023                      0.003003
                     27.400000                   3007.743408                      0.998873                     27.365099                      0.007601                      0.000023                      0.003004
                     27.500000                   3008.330811                      0.998873                     27.464985                      0.007629                      0.000023                      0.003005
                     27.600000                   3008.750488                      0.998534                     27.564856                      0.007657                      0.000023                      0.003004
                     27.700001                   3010.009033                      0.998534                     27.664709                      0.007685                      0.000023                      0.003006
                     27.799999                   3009.841064                      0.998788                     27.764576                      0.007712                      0.000023                      0.003006
                     27.900000                   3010.260742                      0.998618                     27.864447                      0.007740                      0.000023                      0.003006
                     28.000000                   3011.099609                      0.998703                     27.964312                      0.007768                      0.000024                      0.003007
                     28.100000                   3011.267578                      0.998788                     28.064186                      0.007796                      0.000024                      0.003008
                     28.200001                   3010.764160                      0.998873                     28.164070                      0.007823                      0.000024                      0.003007
                     28.299999                   3011.770996                      0.998703                     28.263948                      0.007851                      0.000024                      0.003008
                     28.400000                   3012.190430                      0.998618                     28.363813                      0.007879                      0.000024                      0.003008
                     28.500000                   3013.113525                      0.998788                     28.463684                      0.007907                      0.000024                      0.003009
                     28.600000                   3013.364990                      0.998788                     28.563564                      0.007934                      0.000024                      0.003010
                     28.700001                   3013.784668                      0.998958                     28.663450                      0.007962                      0.000024                      0.003011
                     28.799999                   3014.372070                      0.998788                     28.763338                      0.007990                      0.000024                      0.003011
                     28.900000                   3014.623779                      0.998958                     28.863226                      0.008018                      0.000024                      0.003011
                     29.000000                   3014.791748                      0.999042                     28.963125                      0.008045                      0.000024                      0.003012
                     29.100000                   3015.966064                      0.998788                     29.063017                      0.008073                      0.000024                      0.003012
                     29.200001                   3015.798340                      0.998618                     29.162888                      0.008101                      0.000025                      0.003012
                     29.299999                   3016.469482                      0.998873                     29.262762                      0.008129                      0.000025                      0.003013
                     29.400000                   3017.056885                      0.998618                     29.362637                      0.008156                      0.000025                      0.003013
                     29.500000                   3017.224854                      0.998788                     29.462507                      0.008184                      0.000025                      0.003014
                     29.600000                   3017.895996                      0.998873                     29.562389                      0.008212                      0.000025                      0.003014
                     29.700001                   3018.231689                      0.998788                     29.662273                      0.008240                      0.000025                      0.003015
                     29.799999                   3018.735107                      0.998788                     29.762152                      0.008267                      0.000025                      0.003015
                       Time(s)                         E(mV)                         I(mA)                         Q(mC)                 Capacity(mAh)                    Energy(Wh)                          P(W)
                      0.100000                   5033.551270                      0.999127                      0.099913                      0.000028                      0.000000                      0.005029
                      0.200000                   3743.843994                      0.999127                      0.199825                      0.000056                      0.000000                      0.003741
                      0.300000                   3693.500977                      0.999297                      0.299747                      0.000083                      0.000000                      0.003691
                      0.400000                   3668.916504                      0.999042                      0.399664                      0.000111                      0.000000                      0.003665
                      0.500000                   3640.388916                      0.999382                      0.499585                      0.000139                      0.000001                      0.003638
                      0.600000                   3629.397217                      0.998958                      0.599502                      0.000167                      0.000001                      0.003626
                      0.700000                   3600.114258                      0.999382                      0.699419                      0.000194                      0.000001                      0.003598
                      0.800000                   3584.340088                      0.998958                      0.799336                      0.000222                      0.000001                      0.003581
                      0.900000                   3576.117432                      0.999042                      0.899236                      0.000250                      0.000001                      0.003573
                      1.000000                   3572.257812                      0.998958                      0.999136                      0.000278                      0.000001                      0.003569
                      1.100000                   3596.086914                      0.999297                      1.099048                      0.000305                      0.000001                      0.003594
                      1.200000                   3650.037842                      0.999127                      1.198970                      0.000333                      0.000001                      0.003647
                      1.300000                   3625.453613                      0.999127                      1.298882                      0.000361                      0.000001                      0.003622
                      1.400000                   3601.876221                      0.999297                      1.398804                      0.000389                      0.000001                      0.003599
                      1.500000                   3593.066406                      0.999127                      1.498725                      0.000416                      0.000002                      0.003590
                      1.600000                   3585.430908                      0.999042                      1.598633                      0.000444                      0.000002                      0.003582
                      1.700000                   3584.088379                      0.999212                      1.698546                      0.000472                      0.000002                      0.003581
                      1.800000                   3586.186035                      0.999466                      1.798480                      0.000500                      0.000002                      0.003584
                      1.900000                   3586.940918                      0.999042                      1.898405                      0.000527                      0.000002                      0.003584
                      2.000000                   3589.458496                      0.999042                      1.998310                      0.000555                      0.000002                      0.003586
                      2.100000                   3589.542236                      0.999042                      2.098214                      0.000583                      0.000002                      0.003586
                      2.200000                   3595.583496                      0.999212                      2.198126                      0.000611                      0.000002                      0.003593
                      2.300000                   3595.247803                      0.998958                      2.298035                      0.000638                      0.000002                      0.003592
                      2.400000                   3595.499512                      0.999212                      2.397943                      0.000666                      0.000002                      0.003593
                      2.500000                   3600.282227                      0.999127                      2.497860                      0.000694                      0.000003                      0.003597
                      2.600000                   3605.232666                      0.999297                      2.597782                      0.000722                      0.000003                      0.003603
                      2.700000                   3607.833496                      0.998958                      2.697694                      0.000749                      0.000003                      0.003604
                      2.800000                   3598.184326                      0.999042                      2.797594                      0.000777                      0.000003                      0.003595
                      2.900000                   3579.557373                      0.999466                      2.897520                      0.000805                      0.000003                      0.003578
                      3.000000                   3568.314209                      0.999127                      2.997449                      0.000833                      0.000003                      0.003565
                      3.100000                   3567.978516                      0.999212                      3.097366                      0.000860                      0.000003                      0.003565
                      3.200000                   3513.524170                      0.999042                      3.197279                      0.000888                      0.000003                      0.003510
                      3.300000                   3519.732910                      0.999127                      3.297188                      0.000916                      0.000003                      0.003517
                      3.400000                   3519.649170                      0.999042                      3.397096                      0.000944                      0.000003                      0.003516
                      3.500000                   3516.125000                      0.999636                      3.497030                      0.000971                      0.000004                      0.003515
                      3.600000                   3522.837402                      0.999042                      3.596964                      0.000999                      0.000004                      0.003519
                      3.700000                   3524.347900                      0.999212                      3.696877                      0.001027                      0.000004                      0.003522
                      3.800000                   3528.878906                      0.999212                      3.796798                      0.001055                      0.000004                      0.003526
                      3.900000                   3528.459229                      0.999297                      3.896723                      0.001082                      0.000004                      0.003526
                      4.000000                   3530.053223                      0.999297                      3.996653                      0.001110                      0.000004                      0.003528
                      4.100000                   3529.382080                      0.999382                      4.096587                      0.001138                      0.000004                      0.003527
                      4.200000                   3534.835938                      0.998873                      4.196499                      0.001166                      0.000004                      0.003531
                      4.300000                   3536.178711                      0.999466                      4.296417                      0.001193                      0.000004                      0.003534
                      4.400000                   3535.842773                      0.999042                      4.396342                      0.001221                      0.000004                      0.003532
                      4.500000                   3534.248535                      0.999212                      4.496255                      0.001249                      0.000005                      0.003531
                      4.600000                   3535.759033                      0.999212                      4.596176                      0.001277                      0.000005                      0.003533
                      4.700000                   3538.528076                      0.999127                      4.696093                      0.001304                      0.000005                      0.003535
                      4.800000                   3536.933594                      0.999042                      4.796001                      0.001332                      0.000005                      0.003534
                      4.900000                   3536.262451                      0.999127                      4.895910                      0.001360                      0.000005                      0.003533
                      5.000000                   3542.135742                      0.999212                      4.995827                      0.001388                      0.000005                      0.003539
                      5.100000                   3537.269287                      0.999127                      5.095744                      0.001415                      0.000005                      0.003534
                      5.200000                   3536.178711                      0.999382                      5.195669                      0.001443                      0.000005                      0.003534
                      5.300000                   3539.450928                      0.999127                      5.295595                      0.001471                      0.000005                      0.003536
                      5.400000                   3541.212891                      0.999127                      5.395507                      0.001499                      0.000005                      0.003538
                      5.500000                   3543.897705                      0.999297                      5.495429                      0.001527                      0.000006                      0.003541
                      5.600000                   3544.820801                      0.999466                      5.595366                      0.001554                      0.000006                      0.003543
                      5.700000                   3545.743652                      0.999466                      5.695313                      0.001582                      0.000006                      0.003544
                      5.800000                   3548.260986                      0.999127                      5.795243                      0.001610                      0.000006                      0.003545
                      5.900000                   3548.344727                      0.999382                      5.895168                      0.001638                      0.000006                      0.003546
                      6.000000                   3549.771240                      0.999297                      5.995102                      0.001665                      0.000006                      0.003547
                      6.100000                   3551.952881                      0.999212                      6.095028                      0.001693                      0.000006                      0.003549
                      6.200000                   3554.973389                      0.999382                      6.194958                      0.001721                      0.000006                      0.003553
                      6.300000                   3558.833008                      0.999382                      6.294896                      0.001749                      0.000006                      0.003557
                      6.400000                   3560.846436                      0.999127                      6.394821                      0.001776                      0.000006                      0.003558
                      6.500000                   3565.377441                      0.999466                      6.494751                      0.001804                      0.000007                      0.003563
                      6.600000                   3570.244141                      0.999042                      6.594676                      0.001832                      0.000007                      0.003567
                      6.700000                   3574.942871                      0.999042                      6.694581                      0.001860                      0.000007                      0.003572
                      6.800000                   3582.242432                      0.999127                      6.794489                      0.001887                      0.000007                      0.003579
                      6.900000                   3587.780273                      0.999042                      6.894397                      0.001915                      0.000007                      0.003584
                      7.000000                   3590.633057                      0.999127                      6.994306                      0.001943                      0.000007                      0.003587
                      7.100000                   3594.324951                      0.999127                      7.094219                      0.001971                      0.000007                      0.003591
                      7.200000                   3599.694824                      0.999382                      7.194144                      0.001998                      0.000007                      0.003597
                      7.300000                   3601.708496                      0.999297                      7.294078                      0.002026                      0.000007                      0.003599
                      7.400000                   3603.134766                      0.999466                      7.394016                      0.002054                      0.000007                      0.003601
                      7.500000                   3605.568115                      0.999127                      7.493946                      0.002082                      0.000007                      0.003602
                      7.600000                   3785.964111                      0.999127                      7.593859                      0.002109                      0.000008                      0.003783
                      7.700000                   3781.601074                      0.999466                      7.693788                      0.002137                      0.000008                      0.003780
                      7.800000                   3771.280762                      0.999297                      7.793726                      0.002165                      0.000008                      0.003769
                      7.900000                   3770.861572                      0.999127                      7.893648                      0.002193                      0.000008                      0.003768
                      8.000000                   3771.113037                      0.999466                      7.993577                      0.002220                      0.000008                      0.003769
                      8.100000                   3769.351074                      0.999212                      8.093512                      0.002248                      0.000008                      0.003766
                      8.200000                   3769.267090                      0.999212                      8.193433                      0.002276                      0.000008                      0.003766
                      8.300000                   3765.407715                      0.999127                      8.293349                      0.002304                      0.000008                      0.003762
                      8.400000                   3771.448486                      0.999212                      8.393267                      0.002331                      0.000008                      0.003768
                      8.500000                   3755.506592                      0.999212                      8.493188                      0.002359                      0.000009                      0.003753
                      8.600000                   3755.674316                      0.999042                      8.593101                      0.002387                      0.000009                      0.003752
                      8.700000                   3764.232910                      0.999382                      8.693022                      0.002415                      0.000009                      0.003762
                      8.800000                   3792.508789                      0.999127                      8.792947                      0.002442                      0.000009                      0.003789
                      8.900000                   3767.756836                      0.999382                      8.892873                      0.002470                      0.000009                      0.003765
                      9.000000                   3770.357910                      0.999212                      8.992802                      0.002498                      0.000009                      0.003767
                      9.100000                   3770.861572                      0.999212                      9.092723                      0.002526                      0.000009                      0.003768
                      9.200000                   3772.455566                      0.999127                      9.192640                      0.002554                      0.000009                      0.003769
                      9.300000                   3768.931396                      0.999297                      9.292562                      0.002581                      0.000009                      0.003766
                      9.400000                   3767.924805                      0.999042                      9.392478                      0.002609                      0.000009                      0.003764
                      9.500000                   3772.455566                      0.999127                      9.492387                      0.002637                      0.000010                      0.003769
                      9.600000                   3778.916260                      0.999382                      9.592312                      0.002665                      0.000010                      0.003777
                      9.700000                   3845.453125                      0.998364                      9.692200                      0.002692                      0.000010                      0.003839
                      9.800000                   3772.287842                      0.999042                      9.792069                      0.002720                      0.000010                      0.003769
                      9.900000                   3782.608154                      0.999042                      9.891974                      0.002748                      0.000010                      0.003779
                     10.000000                   3782.775879                      0.999127                      9.991882                      0.002776                      0.000010                      0.003779
                     10.100000                   3781.937012                      0.999382                     10.091808                      0.002803                      0.000010                      0.003780
                     10.200000                   3779.000244                      0.999297                     10.191742                      0.002831                      0.000010                      0.003776
                     10.300000                   3781.517334                      0.999127                     10.291663                      0.002859                      0.000010                      0.003778
                     10.400000                   3787.642334                      0.999297                     10.391584                      0.002887                      0.000011                      0.003785
                     10.500000                   3779.251709                      0.999212                     10.491509                      0.002914                      0.000011                      0.003776
                     10.600000                   3782.272705                      0.999127                     10.591427                      0.002942                      0.000011                      0.003779
                     10.700000                   3779.251709                      0.999212                     10.691343                      0.002970                      0.000011                      0.003776
                     10.800000                   3785.712646                      0.999127                     10.791261                      0.002998                      0.000011                      0.003782
                     10.900000                   3787.558594                      0.999042                     10.891170                      0.003025                      0.000011                      0.003784
                     11.000000                   3789.656250                      0.999297                     10.991086                      0.003053                      0.000011                      0.003787
                     11.100000                   3794.438965                      0.999042                     11.091003                      0.003081                      0.000011                      0.003791
                     11.200000                   3794.187012                      0.998873                     11.190899                      0.003109                      0.000011                      0.003790
                     11.300000                   3796.452393                      0.999042                     11.290794                      0.003136                      0.000011                      0.003793
                     11.400000                   3785.880371                      0.999551                     11.390724                      0.003164                      0.000012                      0.003784
                     11.500000                   3789.320557                      0.999297                     11.490666                      0.003192                      0.000012                      0.003787
                     11.600000                   3795.445557                      0.999212                     11.590592                      0.003220                      0.000012                      0.003792
                     11.700000                   3794.270752                      0.999042                     11.690505                      0.003247                      0.000012                      0.003791
                     11.800000                   3800.312012                      0.999212                     11.790418                      0.003275                      0.000012                      0.003797
                     11.900000                   3785.712646                      0.999042                     11.890330                      0.003303                      0.000012                      0.003782
                     12.000000                   3789.656250                      0.999466                     11.990255                      0.003331                      0.000012                      0.003788
                     12.100000                   3766.414307                      0.999042                     12.090181                      0.003358                      0.000012                      0.003763
                     12.200000                   3758.527344                      0.999042                     12.190085                      0.003386                      0.000012                      0.003755
                     12.300000                   3755.926270                      0.999127                     12.289994                      0.003414                      0.000013                      0.003753
                     12.400000                   3756.177979                      0.999297                     12.389915                      0.003442                      0.000013                      0.003754
                     12.500000                   3755.087402                      0.999212                     12.489841                      0.003469                      0.000013                      0.003752
                     12.600000                   3756.765137                      0.999212                     12.589762                      0.003497                      0.000013                      0.003754
                     12.700000                   3756.849121                      0.999212                     12.689683                      0.003525                      0.000013                      0.003754
                     12.800000                   3757.855957                      0.999382                     12.789613                      0.003553                      0.000013                      0.003756
                     12.900000                   3769.183350                      0.999551                     12.889559                      0.003580                      0.000013                      0.003767
                     13.000000                   3784.621826                      0.999382                     12.989506                      0.003608                      0.000013                      0.003782
                     13.100000                   3781.349609                      0.999127                     13.089432                      0.003636                      0.000013                      0.003778
                     13.200000                   3762.470947                      0.999212                     13.189348                      0.003664                      0.000013                      0.003760
                     13.300000                   3762.806396                      0.999212                     13.289269                      0.003691                      0.000014                      0.003760
                     13.400000                   3767.337402                      0.999042                     13.389182                      0.003719                      0.000014                      0.003764
                     13.500000                   3765.407715                      0.999297                     13.489100                      0.003747                      0.000014                      0.003763
                     13.600000                   3769.770752                      0.999212                     13.589025                      0.003775                      0.000014                      0.003767
                     13.700000                   3784.202393                      0.999382                     13.688954                      0.003802                      0.000014                      0.003782
                     13.800000                   3773.546387                      0.999297                     13.788888                      0.003830                      0.000014                      0.003771
                     13.900000                   3776.315430                      0.999042                     13.888805                      0.003858                      0.000014                      0.003773
                     14.000000                   3756.765137                      0.999127                     13.988713                      0.003886                      0.000014                      0.003753
                     14.100000                   3755.926270                      0.999212                     14.088631                      0.003914                      0.000014                      0.003753
                     14.200000                   3756.765137                      0.999042                     14.188543                      0.003941                      0.000015                      0.003753
                     14.300000                   3757.352539                      0.999212                     14.288456                      0.003969                      0.000015                      0.003754
                     14.400000                   3757.017090                      0.999212                     14.388377                      0.003997                      0.000015                      0.003754
                     14.500000                   3758.359619                      0.999212                     14.488298                      0.004025                      0.000015                      0.003755
                     14.600000                   3759.618164                      0.999212                     14.588220                      0.004052                      0.000015                      0.003757
                     14.700000                   3758.695312                      0.999127                     14.688137                      0.004080                      0.000015                      0.003755
                     14.800000                   3760.625000                      0.999127                     14.788050                      0.004108                      0.000015                      0.003757
                     14.900000                   3758.359619                      0.999212                     14.887966                      0.004136                      0.000015                      0.003755
                     15.000000                   3761.044434                      0.999212                     14.987887                      0.004163                      0.000015                      0.003758
                     15.100000                   3762.051270                      0.999212                     15.087809                      0.004191                      0.000015                      0.003759
                     15.200000                   3762.386719                      0.999297                     15.187734                      0.004219                      0.000016                      0.003760
                     15.300000                   3762.638672                      0.999042                     15.287651                      0.004247                      0.000016                      0.003759
                     15.400000                   3763.309814                      0.999551                     15.387581                      0.004274                      0.000016                      0.003762
                     15.500000                   3764.316895                      0.999297                     15.487523                      0.004302                      0.000016                      0.003762
                     15.600000                   3765.072021                      0.999042                     15.587440                      0.004330                      0.000016                      0.003761
                     15.700000                   3764.736084                      0.999127                     15.687348                      0.004358                      0.000016                      0.003761
                     15.800000                   3765.659180                      0.999382                     15.787274                      0.004385                      0.000016                      0.003763
                     15.900000                   3764.232910                      0.999212                     15.887204                      0.004413                      0.000016                      0.003761
                     16.000000                   3765.407715                      0.998958                     15.987112                      0.004441                      0.000016                      0.003761
                     16.100000                   3764.736084                      0.999212                     16.087021                      0.004469                      0.000017                      0.003762
                     16.200001                   3765.239746                      0.999382                     16.186951                      0.004496                      0.000017                      0.003763
                     16.299999                   3763.142090                      0.999127                     16.286877                      0.004524                      0.000017                      0.003760
                     16.400000                   3763.729492                      0.998958                     16.386780                      0.004552                      0.000017                      0.003760
                     16.500000                   3766.330566                      0.999212                     16.486689                      0.004580                      0.000017                      0.003763
                     16.600000                   3764.904297                      0.999297                     16.586615                      0.004607                      0.000017                      0.003762
                     16.700001                   3768.260254                      0.999212                     16.686539                      0.004635                      0.000017                      0.003765
                     16.799999                   3770.861572                      0.999212                     16.786461                      0.004663                      0.000017                      0.003768
                     16.900000                   3774.217529                      0.999042                     16.886374                      0.004691                      0.000017                      0.003771
                     17.000000                   3775.140625                      0.998873                     16.986269                      0.004718                      0.000017                      0.003771
                     17.100000                   3786.719482                      0.999127                     17.086168                      0.004746                      0.000018                      0.003783
                     17.200001                   3778.161133                      0.999042                     17.186077                      0.004774                      0.000018                      0.003775
                     17.299999                   3781.013916                      0.999382                     17.285999                      0.004802                      0.000018                      0.003779
                     17.400000                   3781.853027                      0.999127                     17.385923                      0.004829                      0.000018                      0.003779
                     17.500000                   3782.859619                      0.999042                     17.485832                      0.004857                      0.000018                      0.003779
                     17.600000                   3792.089600                      0.999551                     17.585762                      0.004885                      0.000018                      0.003790
                     17.700001                   3790.830566                      0.999212                     17.685701                      0.004913                      0.000018                      0.003788
                     17.799999                   3795.361572                      0.999212                     17.785622                      0.004940                      0.000018                      0.003792
                     17.900000                   3790.914795                      0.999127                     17.885538                      0.004968                      0.000018                      0.003788
                     18.000000                   3792.425049                      0.999382                     17.985464                      0.004996                      0.000018                      0.003790
                     18.100000                   3791.921387                      0.999127                     18.085390                      0.005024                      0.000019                      0.003789
                     18.200001                   3795.025879                      0.999127                     18.185303                      0.005051                      0.000019                      0.003792
                     18.299999                   3796.116699                      0.998958                     18.285206                      0.005079                      0.000019                      0.003792
                     18.400000                   3786.467773                      0.999127                     18.385111                      0.005107                      0.000019                      0.003783
                     18.500000                   3790.662842                      0.999466                     18.485041                      0.005135                      0.000019                      0.003789
                     18.600000                   3794.270752                      0.999042                     18.584967                      0.005162                      0.000019                      0.003791
                     18.700001                   3791.418213                      0.999297                     18.684883                      0.005190                      0.000019                      0.003789
                     18.799999                   3793.012207                      0.999297                     18.784813                      0.005218                      0.000019                      0.003790
                     18.900000                   3789.404297                      0.999297                     18.884743                      0.005246                      0.000019                      0.003787
                     19.000000                   3790.243652                      0.999466                     18.984680                      0.005274                      0.000020                      0.003788
                     19.100000                   3794.690430                      0.999382                     19.084623                      0.005301                      0.000020                      0.003792
                     19.200001                   3789.152832                      0.999297                     19.184557                      0.005329                      0.000020                      0.003786
                     19.299999                   3793.431885                      0.999042                     19.284473                      0.005357                      0.000020                      0.003790
                     19.400000                   3792.257324                      0.999382                     19.384396                      0.005385                      0.000020                      0.003790
                     19.500000                   3793.348145                      0.998958                     19.484312                      0.005412                      0.000020                      0.003789
                     19.600000                   3789.823975                      0.999042                     19.584211                      0.005440                      0.000020                      0.003786
                     19.700001                   3791.837646                      0.999127                     19.684120                      0.005468                      0.000020                      0.003789
                     19.799999                   3791.082520                      0.999127                     19.784033                      0.005496                      0.000020                      0.003788
                     19.900000                   3795.529541                      0.999212                     19.883949                      0.005523                      0.000020                      0.003793
                     20.000000                   3795.613281                      0.998958                     19.983858                      0.005551                      0.000021                      0.003792
                     20.100000                   3794.438965                      0.999042                     20.083759                      0.005579                      0.000021                      0.003791
                     20.200001                   3788.900879                      0.999042                     20.183662                      0.005607                      0.000021                      0.003785
                     20.299999                   3789.236572                      0.999297                     20.283579                      0.005634                      0.000021                      0.003787
                     20.400000                   3790.411377                      0.999042                     20.383497                      0.005662                      0.000021                      0.003787
                     20.500000                   3790.495117                      0.999382                     20.483418                      0.005690                      0.000021                      0.003788
                     20.600000                   3791.921387                      0.999212                     20.583347                      0.005718                      0.000021                      0.003789
                     20.700001                   3792.844482                      0.999042                     20.683260                      0.005745                      0.000021                      0.003789
                     20.799999                   3789.739990                      0.999042                     20.783165                      0.005773                      0.000021                      0.003786
                     20.900000                   3792.425049                      0.999042                     20.883068                      0.005801                      0.000022                      0.003789
                     21.000000                   3791.585938                      0.999297                     20.982986                      0.005829                      0.000022                      0.003789
                     21.100000                   3791.502197                      0.999042                     21.082903                      0.005856                      0.000022                      0.003788
                     21.200001                   3796.872070                      0.999042                     21.182806                      0.005884                      0.000022                      0.003793
                     21.299999                   3796.956055                      0.999127                     21.282715                      0.005912                      0.000022                      0.003794
                     21.400000                   3794.606689                      0.998958                     21.382620                      0.005940                      0.000022                      0.003791
                     21.500000                   3793.851562                      0.999127                     21.482523                      0.005967                      0.000022                      0.003791
                     21.600000                   3793.935303                      0.999127                     21.582438                      0.005995                      0.000022                      0.003791
                     21.700001                   3794.942139                      0.999297                     21.682358                      0.006023                      0.000022                      0.003792
                     21.799999                   3796.200928                      0.999212                     21.782284                      0.006051                      0.000022                      0.003793
                     21.900000                   3795.277832                      0.999382                     21.882214                      0.006078                      0.000023                      0.003793
                     22.000000                   3794.858154                      0.999042                     21.982134                      0.006106                      0.000023                      0.003791
                     22.100000                   3794.690430                      0.999212                     22.082047                      0.006134                      0.000023                      0.003792
                     22.200001                   3794.606689                      0.998873                     22.181952                      0.006162                      0.000023                      0.003790
                     22.299999                   3794.690430                      0.999212                     22.281855                      0.006189                      0.000023                      0.003792
                     22.400000                   3794.438965                      0.999297                     22.381781                      0.006217                      0.000023                      0.003792
                     22.500000                   3796.872070                      0.999382                     22.481714                      0.006245                      0.000023                      0.003795
                     22.600000                   3798.801758                      0.998873                     22.581627                      0.006273                      0.000023                      0.003795
                     22.700001                   3799.808594                      0.998873                     22.681515                      0.006300                      0.000023                      0.003796
                     22.799999                   3800.647705                      0.998788                     22.781397                      0.006328                      0.000024                      0.003796
                     22.900000                   3802.409912                      0.998958                     22.881285                      0.006356                      0.000024                      0.003798
                     23.000000                   3813.736816                      0.999127                     22.981190                      0.006384                      0.000024                      0.003810
                     23.100000                   3805.514160                      0.998958                     23.081093                      0.006411                      0.000024                      0.003802
                     23.200001                   3803.752197                      0.999127                     23.180998                      0.006439                      0.000024                      0.003800
                     23.299999                   3800.312012                      0.999042                     23.280907                      0.006467                      0.000024                      0.003797
                     23.400000                   3799.976562                      0.999127                     23.380816                      0.006495                      0.000024                      0.003797
                     23.500000                   3797.962646                      0.999127                     23.480728                      0.006522                      0.000024                      0.003795
                     23.600000                   3798.214600                      0.999297                     23.580648                      0.006550                      0.000024                      0.003796
                     23.700001                   3798.718018                      0.999466                     23.680586                      0.006578                      0.000024                      0.003797
                     23.799999                   3799.808594                      0.998873                     23.780504                      0.006606                      0.000025                      0.003796
                     23.900000                   3800.144287                      0.999382                     23.880417                      0.006633                      0.000025                      0.003798
                     24.000000                   3800.144287                      0.999042                     23.980337                      0.006661                      0.000025                      0.003797
                     24.100000                   3802.409912                      0.999212                     24.080250                      0.006689                      0.000025                      0.003799
                     24.200001                   3801.151367                      0.998958                     24.180159                      0.006717                      0.000025                      0.003797
                     24.299999                   3800.144287                      0.999042                     24.280058                      0.006744                      0.000025                      0.003797
                     24.400000                   3795.948975                      0.998958                     24.379959                      0.006772                      0.000025                      0.003792
                     24.500000                   3792.593018                      0.999212                     24.479868                      0.006800                      0.000025                      0.003790
                     24.600000                   3794.858154                      0.999212                     24.579788                      0.006828                      0.000025                      0.003792
                     24.700001                   3789.572021                      0.999127                     24.679705                      0.006855                      0.000026                      0.003786
                     24.799999                   3789.739990                      0.999127                     24.779617                      0.006883                      0.000026                      0.003786
                     24.900000                   3790.411377                      0.999042                     24.879526                      0.006911                      0.000026                      0.003787
                     25.000000                   3790.998779                      0.999297                     24.979445                      0.006939                      0.000026                      0.003788
                     25.100000                   3790.495117                      0.999042                     25.079361                      0.006966                      0.000026                      0.003787
                     25.200001                   3791.921387                      0.999127                     25.179270                      0.006994                      0.000026                      0.003789
                     25.299999                   3790.746826                      0.999042                     25.279177                      0.007022                      0.000026                      0.003787
                     25.400000                   3791.166504                      0.999127                     25.379086                      0.007050                      0.000026                      0.003788
                     25.500000                   3794.019287                      0.998958                     25.478991                      0.007077                      0.000026                      0.003790
                     25.600000                   3796.116699                      0.999127                     25.578894                      0.007105                      0.000026                      0.003793
                     25.700001                   3795.193848                      0.999127                     25.678806                      0.007133                      0.000027                      0.003792
                     25.799999                   3791.753662                      0.999212                     25.778725                      0.007161                      0.000027                      0.003789
                     25.900000                   3790.327393                      0.999127                     25.878641                      0.007189                      0.000027                      0.003787
                     26.000000                   3789.991699                      0.999466                     25.978571                      0.007216                      0.000027                      0.003788
                     26.100000                   3792.257324                      0.999297                     26.078508                      0.007244                      0.000027                      0.003790
                     26.200001                   3788.649170                      0.999466                     26.178448                      0.007272                      0.000027                      0.003787
                     26.299999                   3786.803467                      0.999127                     26.278378                      0.007300                      0.000027                      0.003783
                     26.400000                   3787.894287                      0.999297                     26.378298                      0.007327                      0.000027                      0.003785
                     26.500000                   3787.390625                      0.999212                     26.478224                      0.007355                      0.000027                      0.003784
                     26.600000                   3787.474609                      0.999127                     26.578140                      0.007383                      0.000028                      0.003784
                     26.700001                   3787.978027                      0.999127                     26.678053                      0.007411                      0.000028                      0.003785
                     26.799999                   3788.062012                      0.999127                     26.777966                      0.007438                      0.000028                      0.003785
                     26.900000                   3785.460938                      0.999297                     26.877888                      0.007466                      0.000028                      0.003783
                     27.000000                   3785.544922                      0.999297                     26.977818                      0.007494                      0.000028                      0.003783
                     27.100000                   3785.880371                      0.999042                     27.077734                      0.007522                      0.000028                      0.003782
                     27.200001                   3786.719482                      0.999127                     27.177643                      0.007549                      0.000028                      0.003783
                     27.299999                   3786.299805                      0.999297                     27.277563                      0.007577                      0.000028                      0.003784
                     27.400000                   3786.719482                      0.999127                     27.377485                      0.007605                      0.000028                      0.003783
                     27.500000                   3787.054932                      0.999127                     27.477398                      0.007633                      0.000028                      0.003784
                     27.600000                   3783.531250                      0.999212                     27.577314                      0.007660                      0.000029                      0.003781
                     27.700001                   3783.195557                      0.999466                     27.677248                      0.007688                      0.000029                      0.003781
                     27.799999                   3783.782715                      0.999042                     27.777174                      0.007716                      0.000029                      0.003780
                     27.900000                   3782.440430                      0.999297                     27.877090                      0.007744                      0.000029                      0.003780
                     28.000000                   3783.531250                      0.999042                     27.977007                      0.007771                      0.000029                      0.003780
                     28.100000                   3783.866699                      0.999212                     28.076920                      0.007799                      0.000029                      0.003781
                     28.200001                   3790.495117                      0.999127                     28.176838                      0.007827                      0.000029                      0.003787
                     28.299999                   3853.172363                      0.999212                     28.276754                      0.007855                      0.000029                      0.003850
                     28.400000                   3832.531494                      0.999042                     28.376667                      0.007882                      0.000029                      0.003829
                     28.500000                   3820.449463                      0.998958                     28.476566                      0.007910                      0.000030                      0.003816
                     28.600000                   3812.981689                      0.999297                     28.576479                      0.007938                      0.000030                      0.003810
                     28.700001                   3809.122314                      0.999297                     28.676409                      0.007966                      0.000030                      0.003806
                     28.799999                   3809.206055                      0.999212                     28.776335                      0.007993                      0.000030                      0.003806
                     28.900000                   3806.940674                      0.999212                     28.876257                      0.008021                      0.000030                      0.003804
                     29.000000                   3806.101562                      0.999466                     28.976191                      0.008049                      0.000030                      0.003804
                     29.100000                   3803.668457                      0.999297                     29.076128                      0.008077                      0.000030                      0.003801
                     29.200001                   3802.493652                      0.999212                     29.176054                      0.008104                      0.000030                      0.003799
                     29.299999                   3801.990234                      0.999127                     29.275970                      0.008132                      0.000030                      0.003799
                     29.400000                   3800.899414                      0.999382                     29.375896                      0.008160                      0.000031                      0.003799
                     29.500000                   3800.060547                      0.999127                     29.475821                      0.008188                      0.000031                      0.003797
                     29.600000                   3798.969727                      0.998873                     29.575722                      0.008215                      0.000031                      0.003795
                     29.700001                   3799.221191                      0.999297                     29.675631                      0.008243                      0.000031                      0.003797
                     29.799999                   3798.298340                      0.999382                     29.775564                      0.008271                      0.000031                      0.003796
                       Time(s)                         E(mV)                         I(mA)                         Q(mC)                 Capacity(mAh)                    Energy(Wh)                          P(W)
                      0.100000                   7034.186523                      0.996583                      0.099658                      0.000028                      0.000000                      0.007010
                      0.200000                   2842.366211                      0.998873                      0.199431                      0.000055                      0.000000                      0.002839
                      0.300000                   2848.659180                      0.999042                      0.299327                      0.000083                      0.000000                      0.002846
                      0.400000                   2860.070312                      0.999042                      0.399231                      0.000111                      0.000000                      0.002857
                      0.500000                   2869.132080                      0.998958                      0.499131                      0.000139                      0.000001                      0.002866
                      0.600000                   2879.956055                      0.998958                      0.599027                      0.000166                      0.000001                      0.002877
                      0.700000                   2889.101562                      0.999127                      0.698931                      0.000194                      0.000001                      0.002887
                      0.800000                   2897.827637                      0.999042                      0.798840                      0.000222                      0.000001                      0.002895
                      0.900000                   2905.966553                      0.999212                      0.898752                      0.000250                      0.000001                      0.002904
                      1.000000                   2913.937500                      0.999297                      0.998678                      0.000277                      0.000001                      0.002912
                      1.100000                   2921.908447                      0.999297                      1.098607                      0.000305                      0.000001                      0.002920
                      1.200000                   2930.382812                      0.999212                      1.198533                      0.000333                      0.000001                      0.002928
                      1.300000                   2940.367432                      0.999042                      1.298446                      0.000361                      0.000001                      0.002938
                      1.400000                   2947.415527                      0.998958                      1.398345                      0.000388                      0.000001                      0.002944
                      1.500000                   2953.960205                      0.998873                      1.498237                      0.000416                      0.000001                      0.002951
                      1.600000                   2960.504883                      0.999127                      1.598137                      0.000444                      0.000001                      0.002958
                      1.700000                   2968.308105                      0.999127                      1.698050                      0.000472                      0.000002                      0.002966
                      1.800000                   2974.852783                      0.999297                      1.797971                      0.000499                      0.000002                      0.002973
                      1.900000                   2980.809814                      0.999297                      1.897901                      0.000527                      0.000002                      0.002979
                      2.000000                   2984.921143                      0.999382                      1.997835                      0.000555                      0.000002                      0.002983
                      2.100000                   2990.962402                      0.998788                      2.097743                      0.000583                      0.000002                      0.002987
                      2.200000                   2994.906006                      0.999212                      2.197643                      0.000610                      0.000002                      0.002993
                      2.300000                   2999.772461                      0.999127                      2.297560                      0.000638                      0.000002                      0.002997
                      2.400000                   3004.890625                      0.999212                      2.397477                      0.000666                      0.000002                      0.003003
                      2.500000                   3009.673340                      0.999042                      2.497390                      0.000694                      0.000002                      0.003007
                      2.600000                   3014.036377                      0.999297                      2.597307                      0.000721                      0.000002                      0.003012
                      2.700000                   3018.231689                      0.999382                      2.697241                      0.000749                      0.000002                      0.003016
                      2.800000                   3022.259033                      0.999042                      2.797162                      0.000777                      0.000002                      0.003019
                      2.900000                   3026.622070                      0.999466                      2.897087                      0.000805                      0.000003                      0.003025
                      3.000000                   3030.565918                      0.999382                      2.997030                      0.000833                      0.000003                      0.003029
                      3.100000                   3034.425293                      0.999042                      3.096951                      0.000860                      0.000003                      0.003032
                      3.200000                   3038.117188                      0.999212                      3.196864                      0.000888                      0.000003                      0.003036
                      3.300000                   3041.725098                      0.999127                      3.296781                      0.000916                      0.000003                      0.003039
                      3.400000                   3045.416992                      0.999212                      3.396698                      0.000944                      0.000003                      0.003043
                      3.500000                   3048.605225                      0.998958                      3.496606                      0.000971                      0.000003                      0.003045
                      3.600000                   3051.793701                      0.999551                      3.596531                      0.000999                      0.000003                      0.003050
                      3.700000                   3055.149902                      0.999212                      3.696470                      0.001027                      0.000003                      0.003053
                      3.800000                   3058.086670                      0.999297                      3.796395                      0.001055                      0.000003                      0.003056
                      3.900000                   3061.526855                      0.999212                      3.896320                      0.001082                      0.000003                      0.003059
                      4.000000                   3064.463379                      0.998958                      3.996229                      0.001110                      0.000003                      0.003061
                      4.100000                   3067.064453                      0.998958                      4.096125                      0.001138                      0.000004                      0.003064
                      4.200000                   3069.665527                      0.999297                      4.196038                      0.001166                      0.000004                      0.003068
                      4.300000                   3072.602295                      0.999382                      4.295971                      0.001193                      0.000004                      0.003071
                      4.400000                   3075.119385                      0.999042                      4.395893                      0.001221                      0.000004                      0.003072
                      4.500000                   3077.217041                      0.999127                      4.495801                      0.001249                      0.000004                      0.003075
                      4.600000                   3079.901855                      0.999297                      4.595723                      0.001277                      0.000004                      0.003078
                      4.700000                   3081.999756                      0.999382                      4.695656                      0.001304                      0.000004                      0.003080
                      4.800000                   3084.264893                      0.999297                      4.795590                      0.001332                      0.000004                      0.003082
                      4.900000                   3086.530518                      0.999042                      4.895507                      0.001360                      0.000004                      0.003084
                      5.000000                   3088.795898                      0.999212                      4.995420                      0.001388                      0.000004                      0.003086
                      5.100000                   3090.725830                      0.999127                      5.095337                      0.001415                      0.000004                      0.003088
                      5.200000                   3092.991211                      0.999042                      5.195245                      0.001443                      0.000004                      0.003090
                      5.300000                   3094.837158                      0.999042                      5.295150                      0.001471                      0.000005                      0.003092
                      5.400000                   3096.934570                      0.999127                      5.395058                      0.001499                      0.000005                      0.003094
                      5.500000                   3099.032471                      0.999466                      5.494988                      0.001526                      0.000005                      0.003097
                      5.600000                   3100.962158                      0.999297                      5.594926                      0.001554                      0.000005                      0.003099
                      5.700000                   3102.640381                      0.999042                      5.694843                      0.001582                      0.000005                      0.003100
                      5.800000                   3104.318604                      0.999042                      5.794747                      0.001610                      0.000005                      0.003101
                      5.900000                   3106.332031                      0.999127                      5.894656                      0.001637                      0.000005                      0.003104
                      6.000000                   3108.177979                      0.998788                      5.994552                      0.001665                      0.000005                      0.003104
                      6.100000                   3109.604248                      0.999127                      6.094447                      0.001693                      0.000005                      0.003107
                      6.200000                   3111.282471                      0.999297                      6.194368                      0.001721                      0.000005                      0.003109
                      6.300000                   3113.212158                      0.999212                      6.294294                      0.001748                      0.000005                      0.003111
                      6.400000                   3114.554688                      0.999212                      6.394215                      0.001776                      0.000006                      0.003112
                      6.500000                   3115.729736                      0.999042                      6.494128                      0.001804                      0.000006                      0.003113
                      6.600000                   3117.323730                      0.999382                      6.594049                      0.001832                      0.000006                      0.003115
                      6.700000                   3114.302979                      0.999127                      6.693974                      0.001859                      0.000006                      0.003112
                      6.800000                   3115.477783                      0.999042                      6.793883                      0.001887                      0.000006                      0.003112
                      6.900000                   3116.065186                      0.999297                      6.893800                      0.001915                      0.000006                      0.003114
                      7.000000                   3117.323730                      0.999042                      6.993717                      0.001943                      0.000006                      0.003114
                      7.100000                   3118.833740                      0.999297                      7.093634                      0.001970                      0.000006                      0.003117
                      7.200000                   3120.092773                      0.999127                      7.193555                      0.001998                      0.000006                      0.003117
                      7.300000                   3121.351318                      0.999551                      7.293489                      0.002026                      0.000006                      0.003120
                      7.400000                   3122.861328                      0.999297                      7.393431                      0.002054                      0.000006                      0.003121
                      7.500000                   3123.700684                      0.999127                      7.493352                      0.002081                      0.000006                      0.003121
                      7.600000                   3124.959229                      0.999127                      7.593265                      0.002109                      0.000007                      0.003122
                      7.700000                   3126.469238                      0.999212                      7.693182                      0.002137                      0.000007                      0.003124
                      7.800000                   3127.560059                      0.999127                      7.793099                      0.002165                      0.000007                      0.003125
                      7.900000                   3128.567139                      0.999042                      7.893008                      0.002193                      0.000007                      0.003126
                      8.000000                   3130.077148                      0.999127                      7.992916                      0.002220                      0.000007                      0.003127
                      8.100000                   3131.000244                      0.999212                      8.092833                      0.002248                      0.000007                      0.003129
                      8.200000                   3132.175049                      0.999212                      8.192754                      0.002276                      0.000007                      0.003130
                      8.300000                   3132.930176                      0.999127                      8.292670                      0.002304                      0.000007                      0.003130
                      8.400000                   3134.188721                      0.999382                      8.392596                      0.002331                      0.000007                      0.003132
                      8.500000                   3135.447266                      0.999042                      8.492517                      0.002359                      0.000007                      0.003132
                      8.600000                   3136.118408                      0.999042                      8.592422                      0.002387                      0.000007                      0.003133
                      8.700000                   3136.957275                      0.999127                      8.692330                      0.002415                      0.000008                      0.003134
                      8.800000                   3137.880371                      0.999382                      8.792255                      0.002442                      0.000008                      0.003136
                      8.900000                   3138.635498                      0.999127                      8.892181                      0.002470                      0.000008                      0.003136
                      9.000000                   3139.558594                      0.999127                      8.992094                      0.002498                      0.000008                      0.003137
                      9.100000                   3140.649414                      0.999382                      9.092019                      0.002526                      0.000008                      0.003139
                      9.200000                   3141.488281                      0.999042                      9.191940                      0.002553                      0.000008                      0.003138
                      9.300000                   3142.579102                      0.999042                      9.291844                      0.002581                      0.000008                      0.003140
                      9.400000                   3143.082764                      0.999212                      9.391757                      0.002609                      0.000008                      0.003141
                      9.500000                   3144.005615                      0.999212                      9.491678                      0.002637                      0.000008                      0.003142
                      9.600000                   3144.592773                      0.999127                      9.591596                      0.002664                      0.000008                      0.003142
                      9.700000                   3145.264160                      0.999042                      9.691504                      0.002692                      0.000008                      0.003142
                      9.800000                   3144.005615                      0.999042                      9.791409                      0.002720                      0.000008                      0.003141
                      9.900000                   3145.096436                      0.999042                      9.891313                      0.002748                      0.000009                      0.003142
                     10.000000                   3145.347900                      0.999297                      9.991229                      0.002775                      0.000009                      0.003143
                     10.100000                   3145.599854                      0.999042                     10.091146                      0.002803                      0.000009                      0.003143
                     10.200000                   3146.354980                      0.999127                     10.191054                      0.002831                      0.000009                      0.003144
                     10.300000                   3146.774414                      0.999042                     10.290963                      0.002859                      0.000009                      0.003144
                     10.400000                   3147.949219                      0.999212                     10.390876                      0.002886                      0.000009                      0.003145
                     10.500000                   3148.200684                      0.999212                     10.490797                      0.002914                      0.000009                      0.003146
                     10.600000                   3148.368896                      0.999127                     10.590714                      0.002942                      0.000009                      0.003146
                     10.700000                   3148.788086                      0.999212                     10.690631                      0.002970                      0.000009                      0.003146
                     10.800000                   3149.627441                      0.999466                     10.790565                      0.002997                      0.000009                      0.003148
                     10.900000                   3149.795166                      0.999382                     10.890508                      0.003025                      0.000009                      0.003148
                     11.000000                   3150.466309                      0.999042                     10.990429                      0.003053                      0.000010                      0.003147
                     11.100000                   3151.221436                      0.999042                     11.090333                      0.003081                      0.000010                      0.003148
                     11.200000                   3151.557129                      0.999212                     11.190246                      0.003108                      0.000010                      0.003149
                     11.300000                   3152.479980                      0.999042                     11.290158                      0.003136                      0.000010                      0.003149
                     11.400000                   3153.151123                      0.999297                     11.390076                      0.003164                      0.000010                      0.003151
                     11.500000                   3153.822266                      0.999042                     11.489992                      0.003192                      0.000010                      0.003151
                     11.600000                   3154.158203                      0.999212                     11.589905                      0.003219                      0.000010                      0.003152
                     11.700000                   3155.165039                      0.999466                     11.689839                      0.003247                      0.000010                      0.003153
                     11.800000                   3156.003906                      0.999042                     11.789764                      0.003275                      0.000010                      0.003153
                     11.900000                   3156.087891                      0.998958                     11.889665                      0.003303                      0.000010                      0.003153
                     12.000000                   3156.759033                      0.999297                     11.989577                      0.003330                      0.000010                      0.003155
                     12.100000                   3157.682129                      0.999042                     12.089494                      0.003358                      0.000010                      0.003155
                     12.200000                   3157.849854                      0.999212                     12.189406                      0.003386                      0.000011                      0.003155
                     12.300000                   3158.856934                      0.999127                     12.289324                      0.003414                      0.000011                      0.003156
                     12.400000                   3159.276123                      0.998788                     12.389219                      0.003441                      0.000011                      0.003155
                     12.500000                   3159.611816                      0.999042                     12.489111                      0.003469                      0.000011                      0.003157
                     12.600000                   3160.283203                      0.999382                     12.589032                      0.003497                      0.000011                      0.003158
                     12.700000                   3160.450928                      0.999297                     12.688966                      0.003525                      0.000011                      0.003158
                     12.800000                   3161.038330                      0.999297                     12.788896                      0.003552                      0.000011                      0.003159
                     12.900000                   3161.709473                      0.999127                     12.888817                      0.003580                      0.000011                      0.003159
                     13.000000                   3162.212891                      0.998958                     12.988721                      0.003608                      0.000011                      0.003159
                     13.100000                   3161.625488                      0.999212                     13.088630                      0.003636                      0.000011                      0.003159
                     13.200000                   3162.548584                      0.999127                     13.188547                      0.003663                      0.000011                      0.003160
                     13.300000                   3162.968262                      0.999127                     13.288460                      0.003691                      0.000012                      0.003160
                     13.400000                   3163.639404                      0.999297                     13.388381                      0.003719                      0.000012                      0.003161
                     13.500000                   3164.058838                      0.999636                     13.488327                      0.003747                      0.000012                      0.003163
                     13.600000                   3164.646240                      0.999212                     13.588269                      0.003775                      0.000012                      0.003162
                     13.700000                   3164.562256                      0.999382                     13.688199                      0.003802                      0.000012                      0.003163
                     13.800000                   3165.233398                      0.999127                     13.788125                      0.003830                      0.000012                      0.003162
                     13.900000                   3164.981934                      0.998958                     13.888029                      0.003858                      0.000012                      0.003162
                     14.000000                   3165.485352                      0.999212                     13.987938                      0.003886                      0.000012                      0.003163
                     14.100000                   3165.988525                      0.999382                     14.087867                      0.003913                      0.000012                      0.003164
                     14.200000                   3166.240479                      0.999297                     14.187801                      0.003941                      0.000012                      0.003164
                     14.300000                   3166.743896                      0.999297                     14.287731                      0.003969                      0.000012                      0.003165
                     14.400000                   3166.995605                      0.999127                     14.387652                      0.003997                      0.000013                      0.003164
                     14.500000                   3167.582764                      0.998873                     14.487552                      0.004024                      0.000013                      0.003164
                     14.600000                   3168.254150                      0.999212                     14.587456                      0.004052                      0.000013                      0.003166
                     14.700000                   3168.505859                      0.999042                     14.687369                      0.004080                      0.000013                      0.003165
                     14.800000                   3169.093262                      0.999042                     14.787273                      0.004108                      0.000013                      0.003166
                     14.900000                   3169.680664                      0.998958                     14.887173                      0.004135                      0.000013                      0.003166
                     15.000000                   3169.932373                      0.999297                     14.987086                      0.004163                      0.000013                      0.003168
                     15.100000                   3170.351807                      0.999212                     15.087011                      0.004191                      0.000013                      0.003168
                     15.200000                   3170.603516                      0.999042                     15.186924                      0.004219                      0.000013                      0.003168
                     15.300000                   3170.854980                      0.998873                     15.286819                      0.004246                      0.000013                      0.003167
                     15.400000                   3171.694336                      0.999212                     15.386724                      0.004274                      0.000013                      0.003169
                     15.500000                   3171.610352                      0.998788                     15.486624                      0.004302                      0.000013                      0.003168
                     15.600000                   3172.113770                      0.998958                     15.586512                      0.004330                      0.000014                      0.003169
                     15.700000                   3172.449463                      0.999212                     15.686419                      0.004357                      0.000014                      0.003170
                     15.800000                   3172.785156                      0.999127                     15.786337                      0.004385                      0.000014                      0.003170
                     15.900000                   3173.120605                      0.998958                     15.886241                      0.004413                      0.000014                      0.003170
                     16.000000                   3173.708008                      0.999042                     15.986141                      0.004441                      0.000014                      0.003171
                     16.100000                   3174.043701                      0.999297                     16.086058                      0.004468                      0.000014                      0.003172
                     16.200001                   3174.295166                      0.999466                     16.185997                      0.004496                      0.000014                      0.003173
                     16.299999                   3174.547119                      0.999382                     16.285940                      0.004524                      0.000014                      0.003173
                     16.400000                   3174.966553                      0.999297                     16.385874                      0.004552                      0.000014                      0.003173
                     16.500000                   3175.721924                      0.998958                     16.485786                      0.004579                      0.000014                      0.003172
                     16.600000                   3175.889648                      0.999127                     16.585690                      0.004607                      0.000014                      0.003173
                     16.700001                   3176.476807                      0.999212                     16.685608                      0.004635                      0.000015                      0.003174
                     16.799999                   3176.896484                      0.999127                     16.785524                      0.004663                      0.000015                      0.003174
                     16.900000                   3177.483887                      0.999212                     16.885441                      0.004690                      0.000015                      0.003175
                     17.000000                   3178.155029                      0.999042                     16.985353                      0.004718                      0.000015                      0.003175
                     17.100000                   3178.490479                      0.999127                     17.085262                      0.004746                      0.000015                      0.003176
                     17.200001                   3179.077881                      0.999212                     17.185179                      0.004774                      0.000015                      0.003177
                     17.299999                   3179.665283                      0.999297                     17.285105                      0.004801                      0.000015                      0.003177
                     17.400000                   3180.252686                      0.999212                     17.385031                      0.004829                      0.000015                      0.003178
                     17.500000                   3180.756104                      0.999042                     17.484943                      0.004857                      0.000015                      0.003178
                     17.600000                   3181.679199                      0.999127                     17.584852                      0.004885                      0.000015                      0.003179
                     17.700001                   3182.098389                      0.999042                     17.684759                      0.004912                      0.000015                      0.003179
                     17.799999                   3182.853516                      0.999127                     17.784668                      0.004940                      0.000016                      0.003180
                     17.900000                   3183.105469                      0.999297                     17.884590                      0.004968                      0.000016                      0.003181
                     18.000000                   3183.944336                      0.998958                     17.984503                      0.004996                      0.000016                      0.003181
                     18.100000                   3184.364014                      0.999127                     18.084406                      0.005023                      0.000016                      0.003182
                     18.200001                   3184.951416                      0.999212                     18.184324                      0.005051                      0.000016                      0.003182
                     18.299999                   3185.622559                      0.998958                     18.284231                      0.005079                      0.000016                      0.003182
                     18.400000                   3186.377686                      0.998873                     18.384123                      0.005107                      0.000016                      0.003183
                     18.500000                   3186.377686                      0.999297                     18.484032                      0.005134                      0.000016                      0.003184
                     18.600000                   3186.881104                      0.999127                     18.583954                      0.005162                      0.000016                      0.003184
                     18.700001                   3187.133057                      0.999127                     18.683867                      0.005190                      0.000016                      0.003184
                     18.799999                   3187.552246                      0.998958                     18.783770                      0.005218                      0.000016                      0.003184
                     18.900000                   3188.223633                      0.999382                     18.883688                      0.005245                      0.000016                      0.003186
                     19.000000                   3188.643066                      0.999212                     18.983618                      0.005273                      0.000017                      0.003186
                     19.100000                   3189.062744                      0.998873                     19.083521                      0.005301                      0.000017                      0.003185
                     19.200001                   3189.398193                      0.999127                     19.183420                      0.005329                      0.000017                      0.003187
                     19.299999                   3189.985596                      0.999042                     19.283329                      0.005356                      0.000017                      0.003187
                     19.400000                   3190.405273                      0.999382                     19.383251                      0.005384                      0.000017                      0.003188
                     19.500000                   3191.663818                      0.999466                     19.483192                      0.005412                      0.000017                      0.003190
                     19.600000                   3191.747559                      0.999042                     19.583118                      0.005440                      0.000017                      0.003189
                     19.700001                   3192.334961                      0.999212                     19.683031                      0.005468                      0.000017                      0.003190
                     19.799999                   3193.006104                      0.999127                     19.782948                      0.005495                      0.000017                      0.003190
                     19.900000                   3193.341797                      0.999382                     19.882874                      0.005523                      0.000017                      0.003191
                     20.000000                   3193.845459                      0.998873                     19.982786                      0.005551                      0.000017                      0.003190
                     20.100000                   3194.264648                      0.999127                     20.082687                      0.005579                      0.000018                      0.003191
                     20.200001                   3194.768066                      0.999127                     20.182600                      0.005606                      0.000018                      0.003192
                     20.299999                   3195.439453                      0.999297                     20.282520                      0.005634                      0.000018                      0.003193
                     20.400000                   3196.026855                      0.999212                     20.382446                      0.005662                      0.000018                      0.003194
                     20.500000                   3196.278564                      0.999212                     20.482367                      0.005690                      0.000018                      0.003194
                     20.600000                   3197.033691                      0.999042                     20.582279                      0.005717                      0.000018                      0.003194
                     20.700001                   3197.537109                      0.999212                     20.682192                      0.005745                      0.000018                      0.003195
                     20.799999                   3197.872559                      0.999042                     20.782104                      0.005773                      0.000018                      0.003195
                     20.900000                   3198.376221                      0.998958                     20.882006                      0.005801                      0.000018                      0.003195
                     21.000000                   3198.627686                      0.999297                     20.981918                      0.005828                      0.000018                      0.003196
                     21.100000                   3199.131104                      0.999127                     21.081839                      0.005856                      0.000018                      0.003196
                     21.200001                   3199.298828                      0.999212                     21.181757                      0.005884                      0.000019                      0.003197
                     21.299999                   3199.047363                      0.999212                     21.281677                      0.005912                      0.000019                      0.003197
                     21.400000                   3194.600342                      0.999212                     21.381598                      0.005939                      0.000019                      0.003192
                     21.500000                   3189.482178                      0.999127                     21.481516                      0.005967                      0.000019                      0.003187
                     21.600000                   3185.790283                      0.999212                     21.581432                      0.005995                      0.000019                      0.003183
                     21.700001                   3184.867432                      0.998958                     21.681341                      0.006023                      0.000019                      0.003182
                     21.799999                   3184.615479                      0.999382                     21.781258                      0.006050                      0.000019                      0.003183
                     21.900000                   3184.615479                      0.999212                     21.881187                      0.006078                      0.000019                      0.003182
                     22.000000                   3184.783691                      0.999042                     21.981100                      0.006106                      0.000019                      0.003182
                     22.100000                   3185.119141                      0.999212                     22.081013                      0.006134                      0.000019                      0.003183
                     22.200001                   3185.538574                      0.999382                     22.180943                      0.006161                      0.000019                      0.003184
                     22.299999                   3185.958252                      0.999042                     22.280865                      0.006189                      0.000019                      0.003183
                     22.400000                   3186.209961                      0.999212                     22.380777                      0.006217                      0.000020                      0.003184
                     22.500000                   3186.965088                      0.999382                     22.480707                      0.006245                      0.000020                      0.003185
                     22.600000                   3187.468506                      0.999382                     22.580645                      0.006272                      0.000020                      0.003185
                     22.700001                   3187.636230                      0.999297                     22.680578                      0.006300                      0.000020                      0.003185
                     22.799999                   3188.307373                      0.999042                     22.780495                      0.006328                      0.000020                      0.003185
                     22.900000                   3188.475342                      0.999127                     22.880404                      0.006356                      0.000020                      0.003186
                     23.000000                   3188.894775                      0.999042                     22.980312                      0.006383                      0.000020                      0.003186
                     23.100000                   3189.398193                      0.998873                     23.080208                      0.006411                      0.000020                      0.003186
                     23.200001                   3189.817871                      0.999127                     23.180107                      0.006439                      0.000020                      0.003187
                     23.299999                   3190.069336                      0.999042                     23.280016                      0.006467                      0.000020                      0.003187
                     23.400000                   3190.740967                      0.999127                     23.379925                      0.006494                      0.000020                      0.003188
                     23.500000                   3191.412109                      0.998958                     23.479830                      0.006522                      0.000021                      0.003188
                     23.600000                   3191.999512                      0.999042                     23.579729                      0.006550                      0.000021                      0.003189
                     23.700001                   3191.999512                      0.999127                     23.679638                      0.006578                      0.000021                      0.003189
                     23.799999                   3192.754639                      0.999212                     23.779554                      0.006605                      0.000021                      0.003190
                     23.900000                   3193.173828                      0.999127                     23.879471                      0.006633                      0.000021                      0.003190
                     24.000000                   3193.677246                      0.999042                     23.979380                      0.006661                      0.000021                      0.003191
                     24.100000                   3194.180908                      0.999212                     24.079292                      0.006689                      0.000021                      0.003192
                     24.200001                   3194.348633                      0.999127                     24.179211                      0.006716                      0.000021                      0.003192
                     24.299999                   3195.104004                      0.998958                     24.279114                      0.006744                      0.000021                      0.003192
                     24.400000                   3195.523193                      0.999127                     24.379019                      0.006772                      0.000021                      0.003193
                     24.500000                   3196.026855                      0.999042                     24.478928                      0.006800                      0.000021                      0.003193
                     24.600000                   3196.781738                      0.999212                     24.578840                      0.006827                      0.000022                      0.003194
                     24.700001                   3196.949707                      0.999297                     24.678764                      0.006855                      0.000022                      0.003195
                     24.799999                   3197.453369                      0.999042                     24.778683                      0.006883                      0.000022                      0.003194
                     24.900000                   3198.040283                      0.999212                     24.878595                      0.006911                      0.000022                      0.003196
                     25.000000                   3198.711914                      0.999212                     24.978516                      0.006938                      0.000022                      0.003196
                     25.100000                   3199.298828                      0.999127                     25.078432                      0.006966                      0.000022                      0.003197
                     25.200001                   3199.383057                      0.999127                     25.178345                      0.006994                      0.000022                      0.003197
                     25.299999                   3199.970459                      0.999382                     25.278271                      0.007022                      0.000022                      0.003198
                     25.400000                   3200.725586                      0.999042                     25.378193                      0.007049                      0.000022                      0.003198
                     25.500000                   3201.229004                      0.999042                     25.478096                      0.007077                      0.000022                      0.003198
                     25.600000                   3201.480469                      0.999466                     25.578022                      0.007105                      0.000022                      0.003200
                     25.700001                   3202.235596                      0.999042                     25.677948                      0.007133                      0.000023                      0.003199
                     25.799999                   3202.739014                      0.999212                     25.777861                      0.007161                      0.000023                      0.003200
                     25.900000                   3203.074951                      0.999042                     25.877773                      0.007188                      0.000023                      0.003200
                     26.000000                   3203.410400                      0.998958                     25.977673                      0.007216                      0.000023                      0.003200
                     26.100000                   3203.997803                      0.998958                     26.077568                      0.007244                      0.000023                      0.003201
                     26.200001                   3204.836914                      0.999127                     26.177473                      0.007272                      0.000023                      0.003202
                     26.299999                   3205.004639                      0.999042                     26.277382                      0.007299                      0.000023                      0.003202
                     26.400000                   3205.675781                      0.999127                     26.377289                      0.007327                      0.000023                      0.003203
                     26.500000                   3206.095459                      0.999127                     26.477201                      0.007355                      0.000023                      0.003203
                     26.600000                   3206.598877                      0.999297                     26.577124                      0.007383                      0.000023                      0.003204
                     26.700001                   3207.018311                      0.999127                     26.677044                      0.007410                      0.000023                      0.003204
                     26.799999                   3207.521729                      0.999042                     26.776953                      0.007438                      0.000023                      0.003204
                     26.900000                   3208.360596                      0.999127                     26.876862                      0.007466                      0.000024                      0.003206
                     27.000000                   3208.948242                      0.999127                     26.976774                      0.007494                      0.000024                      0.003206
                     27.100000                   3209.115967                      0.999127                     27.076687                      0.007521                      0.000024                      0.003206
                     27.200001                   3209.619629                      0.999382                     27.176613                      0.007549                      0.000024                      0.003208
                     27.299999                   3210.123047                      0.999042                     27.276533                      0.007577                      0.000024                      0.003207
                     27.400000                   3210.542236                      0.999042                     27.376438                      0.007605                      0.000024                      0.003207
                     27.500000                   3211.297363                      0.999382                     27.476358                      0.007632                      0.000024                      0.003209
                     27.600000                   3211.717041                      0.999127                     27.576284                      0.007660                      0.000024                      0.003209
                     27.700001                   3212.388184                      0.999127                     27.676197                      0.007688                      0.000024                      0.003210
                     27.799999                   3212.640137                      0.998958                     27.776102                      0.007716                      0.000024                      0.003209
                     27.900000                   3213.143311                      0.999382                     27.876019                      0.007743                      0.000024                      0.003211
                     28.000000                   3213.730713                      0.999297                     27.975952                      0.007771                      0.000025                      0.003211
                     28.100000                   3214.318359                      0.999042                     28.075869                      0.007799                      0.000025                      0.003211
                     28.200001                   3214.821533                      0.999127                     28.175777                      0.007827                      0.000025                      0.003212
                     28.299999                   3215.492676                      0.998873                     28.275679                      0.007854                      0.000025                      0.003212
                     28.400000                   3215.660645                      0.999042                     28.375574                      0.007882                      0.000025                      0.003213
                     28.500000                   3215.996094                      0.999212                     28.475487                      0.007910                      0.000025                      0.003213
                     28.600000                   3216.667480                      0.999297                     28.575413                      0.007938                      0.000025                      0.003214
                     28.700001                   3216.919189                      0.998958                     28.675325                      0.007965                      0.000025                      0.003214
                     28.799999                   3217.506592                      0.999127                     28.775229                      0.007993                      0.000025                      0.003215
                     28.900000                   3217.590576                      0.999127                     28.875141                      0.008021                      0.000025                      0.003215
                     29.000000                   3218.009766                      0.998958                     28.975046                      0.008049                      0.000025                      0.003215
                     29.100000                   3218.681396                      0.999212                     29.074955                      0.008076                      0.000026                      0.003216
                     29.200001                   3219.184814                      0.999127                     29.174871                      0.008104                      0.000026                      0.003216
                     29.299999                   3219.855957                      0.999212                     29.274788                      0.008132                      0.000026                      0.003217
                     29.400000                   3220.443359                      0.999297                     29.374714                      0.008160                      0.000026                      0.003218
                     29.500000                   3220.527100                      0.999382                     29.474648                      0.008187                      0.000026                      0.003219
                     29.600000                   3222.540771                      0.999466                     29.574591                      0.008215                      0.000026                      0.003221
                     29.700001                   3222.708496                      0.999042                     29.674515                      0.008243                      0.000026                      0.003220
                     29.799999                   3223.044189                      0.999212                     29.774427                      0.008271                      0.000026                      0.003221
                       Time(s)                         E(mV)                         I(mA)                         Q(mC)                 Capacity(mAh)                    Energy(Wh)                          P(W)
                      0.100000                   3122.022461                      0.998788                      0.099879                      0.000028                      0.000000                      0.003118
                      0.200000                   3128.147461                      0.999212                      0.199779                      0.000055                      0.000000                      0.003126
                      0.300000                   3144.173584                      0.999297                      0.299704                      0.000083                      0.000000                      0.003142
                      0.400000                   3148.200684                      0.999127                      0.399625                      0.000111                      0.000000                      0.003145
                      0.500000                   3155.584473                      0.999382                      0.499551                      0.000139                      0.000000                      0.003154
                      0.600000                   3160.870605                      0.999212                      0.599481                      0.000167                      0.000001                      0.003158
                      0.700000                   3167.247314                      0.999382                      0.699410                      0.000194                      0.000001                      0.003165
                      0.800000                   3172.952881                      0.999042                      0.799331                      0.000222                      0.000001                      0.003170
                      0.900000                   3177.903320                      0.999127                      0.899240                      0.000250                      0.000001                      0.003175
                      1.000000                   3181.594971                      0.999127                      0.999153                      0.000278                      0.000001                      0.003179
                      1.100000                   3186.713379                      0.999127                      1.099065                      0.000305                      0.000001                      0.003184
                      1.200000                   3192.754639                      0.999042                      1.198974                      0.000333                      0.000001                      0.003190
                      1.300000                   3197.872559                      0.999297                      1.298891                      0.000361                      0.000001                      0.003196
                      1.400000                   3202.319824                      0.999382                      1.398825                      0.000389                      0.000001                      0.003200
                      1.500000                   3207.270020                      0.999212                      1.498754                      0.000416                      0.000001                      0.003205
                      1.600000                   3212.555908                      0.999297                      1.598680                      0.000444                      0.000001                      0.003210
                      1.700000                   3217.086914                      0.999127                      1.698601                      0.000472                      0.000001                      0.003214
                      1.800000                   3220.862549                      0.999212                      1.798518                      0.000500                      0.000002                      0.003218
                      1.900000                   3225.645264                      0.999212                      1.898439                      0.000527                      0.000002                      0.003223
                      2.000000                   3231.183105                      0.999042                      1.998352                      0.000555                      0.000002                      0.003228
                      2.100000                   3237.979492                      0.999212                      2.098265                      0.000583                      0.000002                      0.003235
                      2.200000                   3241.167725                      0.999297                      2.198190                      0.000611                      0.000002                      0.003239
                      2.300000                   3245.279297                      0.999042                      2.298107                      0.000638                      0.000002                      0.003242
                      2.400000                   3248.635254                      0.999042                      2.398011                      0.000666                      0.000002                      0.003246
                      2.500000                   3252.243164                      0.999127                      2.497920                      0.000694                      0.000002                      0.003249
                      2.600000                   3255.851074                      0.999212                      2.597837                      0.000722                      0.000002                      0.003253
                      2.700000                   3258.871826                      0.999297                      2.697762                      0.000749                      0.000002                      0.003257
                      2.800000                   3261.556885                      0.998958                      2.797675                      0.000777                      0.000002                      0.003258
                      2.900000                   3264.661377                      0.999212                      2.897583                      0.000805                      0.000003                      0.003262
                      3.000000                   3267.681885                      0.999042                      2.997496                      0.000833                      0.000003                      0.003265
                      3.100000                   3270.366699                      0.999127                      3.097404                      0.000860                      0.000003                      0.003268
                      3.200000                   3272.967773                      0.999297                      3.197326                      0.000888                      0.000003                      0.003271
                      3.300000                   3275.652832                      0.999127                      3.297247                      0.000916                      0.000003                      0.003273
                      3.400000                   3287.483398                      0.999212                      3.397164                      0.000944                      0.000003                      0.003285
                      3.500000                   3289.665039                      0.999212                      3.497085                      0.000971                      0.000003                      0.003287
                      3.600000                   3291.930420                      0.999212                      3.597006                      0.000999                      0.000003                      0.003289
                      3.700000                   3294.531494                      0.999382                      3.696936                      0.001027                      0.000003                      0.003292
                      3.800000                   3296.377441                      0.999042                      3.796857                      0.001055                      0.000003                      0.003293
                      3.900000                   3298.642822                      0.999297                      3.896774                      0.001082                      0.000003                      0.003296
                      4.000000                   3300.405029                      0.999212                      3.996700                      0.001110                      0.000004                      0.003298
                      4.100000                   3302.754395                      0.999042                      4.096612                      0.001138                      0.000004                      0.003300
                      4.200000                   3305.019531                      0.999127                      4.196521                      0.001166                      0.000004                      0.003302
                      4.300000                   3306.949219                      0.999127                      4.296433                      0.001193                      0.000004                      0.003304
                      4.400000                   3308.879395                      0.999212                      4.396350                      0.001221                      0.000004                      0.003306
                      4.500000                   3310.641357                      0.999042                      4.496263                      0.001249                      0.000004                      0.003307
                      4.600000                   3312.822754                      0.999212                      4.596176                      0.001277                      0.000004                      0.003310
                      4.700000                   3314.584717                      0.999127                      4.696093                      0.001304                      0.000004                      0.003312
                      4.800000                   3316.095215                      0.999297                      4.796014                      0.001332                      0.000004                      0.003314
                      4.900000                   3317.857178                      0.999297                      4.895944                      0.001360                      0.000004                      0.003316
                      5.000000                   3318.528564                      0.999127                      4.995865                      0.001388                      0.000004                      0.003316
                      5.100000                   3319.954834                      0.999297                      5.095786                      0.001415                      0.000005                      0.003318
                      5.200000                   3321.464844                      0.999297                      5.195716                      0.001443                      0.000005                      0.003319
                      5.300000                   3323.059326                      0.999042                      5.295633                      0.001471                      0.000005                      0.003320
                      5.400000                   3324.569580                      0.998958                      5.395533                      0.001499                      0.000005                      0.003321
                      5.500000                   3325.828125                      0.999297                      5.495446                      0.001527                      0.000005                      0.003323
                      5.600000                   3327.170654                      0.999382                      5.595379                      0.001554                      0.000005                      0.003325
                      5.700000                   3327.170654                      0.999212                      5.695309                      0.001582                      0.000005                      0.003325
                      5.800000                   3328.429199                      0.998873                      5.795213                      0.001610                      0.000005                      0.003325
                      5.900000                   3329.436035                      0.999212                      5.895118                      0.001638                      0.000005                      0.003327
                      6.000000                   3331.114258                      0.999127                      5.995035                      0.001665                      0.000005                      0.003328
                      6.100000                   3332.121094                      0.999042                      6.094943                      0.001693                      0.000006                      0.003329
                      6.200000                   3332.960205                      0.999212                      6.194856                      0.001721                      0.000006                      0.003330
                      6.300000                   3334.470459                      0.998873                      6.294760                      0.001749                      0.000006                      0.003331
                      6.400000                   3335.729004                      0.999382                      6.394673                      0.001776                      0.000006                      0.003334
                      6.500000                   3324.233887                      0.999127                      6.494598                      0.001804                      0.000006                      0.003321
                      6.600000                   3324.401611                      0.999382                      6.594523                      0.001832                      0.000006                      0.003322
                      6.700000                   3324.401611                      0.999297                      6.694458                      0.001860                      0.000006                      0.003322
                      6.800000                   3325.912109                      0.999297                      6.794387                      0.001887                      0.000006                      0.003324
                      6.900000                   3327.002930                      0.999382                      6.894321                      0.001915                      0.000006                      0.003325
                      7.000000                   3328.345215                      0.999042                      6.994242                      0.001943                      0.000006                      0.003325
                      7.100000                   3329.603760                      0.999212                      7.094155                      0.001971                      0.000006                      0.003327
                      7.200000                   3330.862549                      0.999466                      7.194089                      0.001998                      0.000007                      0.003329
                      7.300000                   3331.869385                      0.999297                      7.294027                      0.002026                      0.000007                      0.003330
                      7.400000                   3332.624512                      0.998958                      7.393940                      0.002054                      0.000007                      0.003329
                      7.500000                   3334.134521                      0.999297                      7.493853                      0.002082                      0.000007                      0.003332
                      7.600000                   3335.309326                      0.999382                      7.593787                      0.002109                      0.000007                      0.003333
                      7.700000                   3336.735840                      0.999212                      7.693716                      0.002137                      0.000007                      0.003334
                      7.800000                   3337.742920                      0.999297                      7.793642                      0.002165                      0.000007                      0.003335
                      7.900000                   3339.001465                      0.999212                      7.893567                      0.002193                      0.000007                      0.003336
                      8.000000                   3340.260010                      0.999042                      7.993480                      0.002220                      0.000007                      0.003337
                      8.100000                   3341.266602                      0.998873                      8.093376                      0.002248                      0.000007                      0.003338
                      8.200000                   3342.021973                      0.999382                      8.193289                      0.002276                      0.000007                      0.003340
                      8.300000                   3343.532227                      0.999042                      8.293210                      0.002304                      0.000008                      0.003340
                      8.400000                   3345.126465                      0.999297                      8.393126                      0.002331                      0.000008                      0.003343
                      8.500000                   3345.965332                      0.999042                      8.493044                      0.002359                      0.000008                      0.003343
                      8.600000                   3346.972412                      0.999297                      8.592961                      0.002387                      0.000008                      0.003345
                      8.700000                   3347.223877                      0.999042                      8.692878                      0.002415                      0.000008                      0.003344
                      8.800000                   3348.398682                      0.998958                      8.792778                      0.002442                      0.000008                      0.003345
                      8.900000                   3349.573242                      0.998873                      8.892670                      0.002470                      0.000008                      0.003346
                      9.000000                   3350.328369                      0.998958                      8.992560                      0.002498                      0.000008                      0.003347
                      9.100000                   3351.251465                      0.999212                      9.092469                      0.002526                      0.000008                      0.003349
                      9.200000                   3351.586914                      0.999212                      9.192390                      0.002553                      0.000008                      0.003349
                      9.300000                   3352.006592                      0.999127                      9.292308                      0.002581                      0.000008                      0.003349
                      9.400000                   3353.013428                      0.999212                      9.392224                      0.002609                      0.000009                      0.003350
                      9.500000                   3353.600830                      0.998873                      9.492128                      0.002637                      0.000009                      0.003350
                      9.600000                   3354.943359                      0.998958                      9.592020                      0.002664                      0.000009                      0.003351
                      9.700000                   3355.614502                      0.999212                      9.691929                      0.002692                      0.000009                      0.003353
                      9.800000                   3356.789062                      0.999466                      9.791862                      0.002720                      0.000009                      0.003355
                      9.900000                   3357.460449                      0.999127                      9.891792                      0.002748                      0.000009                      0.003355
                     10.000000                   3358.467285                      0.999382                      9.991717                      0.002775                      0.000009                      0.003356
                     10.100000                   3359.474121                      0.999382                     10.091656                      0.002803                      0.000009                      0.003357
                     10.200000                   3360.061279                      0.999127                     10.191582                      0.002831                      0.000009                      0.003357
                     10.300000                   3360.732910                      0.999297                     10.291503                      0.002859                      0.000009                      0.003358
                     10.400000                   3361.319824                      0.999212                     10.391428                      0.002887                      0.000010                      0.003359
                     10.500000                   3362.159180                      0.999297                     10.491353                      0.002914                      0.000010                      0.003360
                     10.600000                   3362.998047                      0.999127                     10.591274                      0.002942                      0.000010                      0.003360
                     10.700000                   3363.753174                      0.999382                     10.691200                      0.002970                      0.000010                      0.003362
                     10.800000                   3364.592285                      0.999297                     10.791134                      0.002998                      0.000010                      0.003362
                     10.900000                   3365.683105                      0.999212                     10.891060                      0.003025                      0.000010                      0.003363
                     11.000000                   3366.270508                      0.999127                     10.990976                      0.003053                      0.000010                      0.003363
                     11.100000                   3367.025635                      0.999042                     11.090885                      0.003081                      0.000010                      0.003364
                     11.200000                   3367.948486                      0.998873                     11.190781                      0.003109                      0.000010                      0.003364
                     11.300000                   3368.451904                      0.999212                     11.290685                      0.003136                      0.000010                      0.003366
                     11.400000                   3369.123047                      0.999212                     11.390606                      0.003164                      0.000010                      0.003366
                     11.500000                   3369.878418                      0.999127                     11.490523                      0.003192                      0.000011                      0.003367
                     11.600000                   3369.878418                      0.999042                     11.590431                      0.003220                      0.000011                      0.003367
                     11.700000                   3366.018799                      0.999297                     11.690349                      0.003247                      0.000011                      0.003364
                     11.800000                   3366.857910                      0.999382                     11.790282                      0.003275                      0.000011                      0.003365
                     11.900000                   3366.522217                      0.999212                     11.890212                      0.003303                      0.000011                      0.003364
                     12.000000                   3367.109619                      0.999382                     11.990142                      0.003331                      0.000011                      0.003365
                     12.100000                   3367.613037                      0.999382                     12.090080                      0.003358                      0.000011                      0.003366
                     12.200000                   3368.284180                      0.999212                     12.190010                      0.003386                      0.000011                      0.003366
                     12.300000                   3368.871582                      0.999297                     12.289935                      0.003414                      0.000011                      0.003367
                     12.400000                   3369.710449                      0.999551                     12.389877                      0.003442                      0.000011                      0.003368
                     12.500000                   3370.465820                      0.999042                     12.489807                      0.003469                      0.000011                      0.003367
                     12.600000                   3370.968994                      0.999042                     12.589711                      0.003497                      0.000012                      0.003368
                     12.700000                   3371.220947                      0.999382                     12.689632                      0.003525                      0.000012                      0.003369
                     12.800000                   3371.976074                      0.999297                     12.789566                      0.003553                      0.000012                      0.003370
                     12.900000                   3372.899170                      0.999042                     12.889483                      0.003580                      0.000012                      0.003370
                     13.000000                   3373.654053                      0.999127                     12.989392                      0.003608                      0.000012                      0.003371
                     13.100000                   3374.409180                      0.999042                     13.089300                      0.003636                      0.000012                      0.003371
                     13.200000                   3374.996582                      0.999551                     13.189230                      0.003664                      0.000012                      0.003373
                     13.300000                   3375.751709                      0.998958                     13.289156                      0.003691                      0.000012                      0.003372
                     13.400000                   3376.339111                      0.999382                     13.389072                      0.003719                      0.000012                      0.003374
                     13.500000                   3377.261963                      0.999297                     13.489006                      0.003747                      0.000012                      0.003375
                     13.600000                   3377.849365                      0.999212                     13.588932                      0.003775                      0.000012                      0.003375
                     13.700000                   3378.352783                      0.999297                     13.688857                      0.003802                      0.000013                      0.003376
                     13.800000                   3379.191895                      0.999382                     13.788792                      0.003830                      0.000013                      0.003377
                     13.900000                   3379.947021                      0.999212                     13.888721                      0.003858                      0.000013                      0.003377
                     14.000000                   3380.282715                      0.999382                     13.988650                      0.003886                      0.000013                      0.003378
                     14.100000                   3380.953857                      0.999212                     14.088580                      0.003913                      0.000013                      0.003378
                     14.200000                   3381.625000                      0.999382                     14.188510                      0.003941                      0.000013                      0.003380
                     14.300000                   3382.380127                      0.999382                     14.288448                      0.003969                      0.000013                      0.003380
                     14.400000                   3383.051514                      0.999212                     14.388378                      0.003997                      0.000013                      0.003380
                     14.500000                   3383.974365                      0.999042                     14.488291                      0.004025                      0.000013                      0.003381
                     14.600000                   3384.142334                      0.999212                     14.588203                      0.004052                      0.000013                      0.003381
                     14.700000                   3384.897217                      0.999127                     14.688120                      0.004080                      0.000014                      0.003382
                     14.800000                   3385.484619                      0.999212                     14.788037                      0.004108                      0.000014                      0.003383
                     14.900000                   3386.491699                      0.999042                     14.887950                      0.004136                      0.000014                      0.003383
                     15.000000                   3386.827393                      0.999212                     14.987863                      0.004163                      0.000014                      0.003384
                     15.100000                   3387.414551                      0.999127                     15.087780                      0.004191                      0.000014                      0.003384
                     15.200000                   3388.085938                      0.999382                     15.187705                      0.004219                      0.000014                      0.003386
                     15.300000                   3388.841064                      0.999297                     15.287639                      0.004247                      0.000014                      0.003386
                     15.400000                   3389.344482                      0.999212                     15.387565                      0.004274                      0.000014                      0.003387
                     15.500000                   3389.679932                      0.999127                     15.487481                      0.004302                      0.000014                      0.003387
                     15.600000                   3390.267334                      0.999297                     15.587402                      0.004330                      0.000014                      0.003388
                     15.700000                   3390.435303                      0.999297                     15.687332                      0.004358                      0.000014                      0.003388
                     15.800000                   3391.441895                      0.999297                     15.787262                      0.004385                      0.000015                      0.003389
                     15.900000                   3391.777588                      0.998958                     15.887175                      0.004413                      0.000015                      0.003388
                     16.000000                   3392.113281                      0.999212                     15.987083                      0.004441                      0.000015                      0.003389
                     16.100000                   3392.616699                      0.999212                     16.087004                      0.004469                      0.000015                      0.003390
                     16.200001                   3393.036133                      0.999127                     16.186920                      0.004496                      0.000015                      0.003390
                     16.299999                   3393.791260                      0.999382                     16.286846                      0.004524                      0.000015                      0.003392
                     16.400000                   3394.126953                      0.999551                     16.386793                      0.004552                      0.000015                      0.003393
                     16.500000                   3394.378662                      0.999127                     16.486727                      0.004580                      0.000015                      0.003391
                     16.600000                   3395.217529                      0.999127                     16.586639                      0.004607                      0.000015                      0.003392
                     16.700001                   3395.721191                      0.999382                     16.686565                      0.004635                      0.000015                      0.003394
                     16.799999                   3395.889160                      0.998873                     16.786478                      0.004663                      0.000016                      0.003392
                     16.900000                   3396.392334                      0.999297                     16.886385                      0.004691                      0.000016                      0.003394
                     17.000000                   3397.315430                      0.999042                     16.986303                      0.004718                      0.000016                      0.003394
                     17.100000                   3397.566895                      0.999127                     17.086210                      0.004746                      0.000016                      0.003395
                     17.200001                   3398.406250                      0.999382                     17.186136                      0.004774                      0.000016                      0.003396
                     17.299999                   3398.406250                      0.999127                     17.286062                      0.004802                      0.000016                      0.003395
                     17.400000                   3399.077393                      0.999127                     17.385975                      0.004829                      0.000016                      0.003396
                     17.500000                   3399.497070                      0.999466                     17.485905                      0.004857                      0.000016                      0.003398
                     17.600000                   3399.916260                      0.999297                     17.585842                      0.004885                      0.000016                      0.003398
                     17.700001                   3400.084473                      0.998958                     17.685755                      0.004913                      0.000016                      0.003397
                     17.799999                   3400.755615                      0.999127                     17.785660                      0.004940                      0.000016                      0.003398
                     17.900000                   3401.426758                      0.999551                     17.885593                      0.004968                      0.000017                      0.003400
                     18.000000                   3401.846436                      0.999042                     17.985523                      0.004996                      0.000017                      0.003399
                     18.100000                   3402.265869                      0.999127                     18.085432                      0.005024                      0.000017                      0.003399
                     18.200001                   3402.769287                      0.999297                     18.185352                      0.005051                      0.000017                      0.003400
                     18.299999                   3403.020752                      0.999212                     18.285278                      0.005079                      0.000017                      0.003400
                     18.400000                   3403.608154                      0.999212                     18.385199                      0.005107                      0.000017                      0.003401
                     18.500000                   3404.279297                      0.999297                     18.485125                      0.005135                      0.000017                      0.003402
                     18.600000                   3404.447266                      0.999297                     18.585054                      0.005163                      0.000017                      0.003402
                     18.700001                   3405.286377                      0.999382                     18.684988                      0.005190                      0.000017                      0.003403
                     18.799999                   3405.622070                      0.999212                     18.784918                      0.005218                      0.000017                      0.003403
                     18.900000                   3406.125244                      0.999297                     18.884844                      0.005246                      0.000017                      0.003404
                     19.000000                   3406.544922                      0.999297                     18.984774                      0.005274                      0.000018                      0.003404
                     19.100000                   3407.048340                      0.999212                     19.084700                      0.005301                      0.000018                      0.003404
                     19.200001                   3407.551758                      0.999127                     19.184616                      0.005329                      0.000018                      0.003405
                     19.299999                   3408.223145                      0.999212                     19.284533                      0.005357                      0.000018                      0.003406
                     19.400000                   3408.223145                      0.999127                     19.384449                      0.005385                      0.000018                      0.003405
                     19.500000                   3408.810303                      0.999297                     19.484371                      0.005412                      0.000018                      0.003406
                     19.600000                   3409.146240                      0.999127                     19.584291                      0.005440                      0.000018                      0.003406
                     19.700001                   3409.733154                      0.999297                     19.684214                      0.005468                      0.000018                      0.003407
                     19.799999                   3410.572510                      0.999297                     19.784143                      0.005496                      0.000018                      0.003408
                     19.900000                   3410.740234                      0.999212                     19.884068                      0.005523                      0.000018                      0.003408
                     20.000000                   3411.243652                      0.999127                     19.983986                      0.005551                      0.000019                      0.003408
                     20.100000                   3411.747070                      0.999042                     20.083895                      0.005579                      0.000019                      0.003408
                     20.200001                   3411.998779                      0.998873                     20.183790                      0.005607                      0.000019                      0.003408
                     20.299999                   3412.250488                      0.999127                     20.283689                      0.005634                      0.000019                      0.003409
                     20.400000                   3413.005615                      0.999042                     20.383598                      0.005662                      0.000019                      0.003410
                     20.500000                   3413.089600                      0.999127                     20.483507                      0.005690                      0.000019                      0.003410
                     20.600000                   3413.593018                      0.999212                     20.583424                      0.005718                      0.000019                      0.003411
                     20.700001                   3413.928467                      0.999466                     20.683357                      0.005745                      0.000019                      0.003412
                     20.799999                   3414.431885                      0.999297                     20.783295                      0.005773                      0.000019                      0.003412
                     20.900000                   3414.935547                      0.999382                     20.883230                      0.005801                      0.000019                      0.003413
                     21.000000                   3415.103271                      0.999551                     20.983175                      0.005829                      0.000019                      0.003414
                     21.100000                   3415.690430                      0.999127                     21.083111                      0.005856                      0.000020                      0.003413
                     21.200001                   3416.277832                      0.999127                     21.183023                      0.005884                      0.000020                      0.003413
                     21.299999                   3416.529785                      0.999212                     21.282940                      0.005912                      0.000020                      0.003414
                     21.400000                   3417.033203                      0.999297                     21.382866                      0.005940                      0.000020                      0.003415
                     21.500000                   3417.033203                      0.998958                     21.482779                      0.005967                      0.000020                      0.003413
                     21.600000                   3417.704346                      0.999297                     21.582691                      0.005995                      0.000020                      0.003415
                     21.700001                   3417.788330                      0.999382                     21.682625                      0.006023                      0.000020                      0.003416
                     21.799999                   3418.123779                      0.999466                     21.782566                      0.006051                      0.000020                      0.003416
                     21.900000                   3418.794922                      0.999212                     21.882502                      0.006078                      0.000020                      0.003416
                     22.000000                   3419.130615                      0.999297                     21.982426                      0.006106                      0.000020                      0.003417
                     22.100000                   3419.718018                      0.999127                     22.082348                      0.006134                      0.000021                      0.003417
                     22.200001                   3419.969727                      0.998958                     22.182251                      0.006162                      0.000021                      0.003416
                     22.299999                   3420.557129                      0.999042                     22.282152                      0.006189                      0.000021                      0.003417
                     22.400000                   3420.808838                      0.998958                     22.382051                      0.006217                      0.000021                      0.003417
                     22.500000                   3421.060547                      0.999127                     22.481956                      0.006245                      0.000021                      0.003418
                     22.600000                   3421.228516                      0.999127                     22.581869                      0.006273                      0.000021                      0.003418
                     22.700001                   3421.647949                      0.999127                     22.681782                      0.006300                      0.000021                      0.003419
                     22.799999                   3422.067383                      0.999212                     22.781698                      0.006328                      0.000021                      0.003419
                     22.900000                   3422.738770                      0.999297                     22.881624                      0.006356                      0.000021                      0.003420
                     23.000000                   3422.738770                      0.999297                     22.981554                      0.006384                      0.000021                      0.003420
                     23.100000                   3423.158203                      0.999042                     23.081470                      0.006412                      0.000021                      0.003420
                     23.200001                   3423.409912                      0.998958                     23.181370                      0.006439                      0.000022                      0.003420
                     23.299999                   3423.745605                      0.999212                     23.281279                      0.006467                      0.000022                      0.003421
                     23.400000                   3424.668457                      0.999042                     23.381191                      0.006495                      0.000022                      0.003421
                     23.500000                   3425.088135                      0.999297                     23.481108                      0.006523                      0.000022                      0.003423
                     23.600000                   3425.675293                      0.999127                     23.581030                      0.006550                      0.000022                      0.003423
                     23.700001                   3425.759277                      0.999382                     23.680956                      0.006578                      0.000022                      0.003424
                     23.799999                   3425.591553                      0.999042                     23.780876                      0.006606                      0.000022                      0.003422
                     23.900000                   3426.178955                      0.999212                     23.880789                      0.006634                      0.000022                      0.003423
                     24.000000                   3426.514404                      0.999466                     23.980722                      0.006661                      0.000022                      0.003425
                     24.100000                   3426.766113                      0.998958                     24.080645                      0.006689                      0.000022                      0.003423
                     24.200001                   3427.269775                      0.999212                     24.180553                      0.006717                      0.000023                      0.003425
                     24.299999                   3428.108643                      0.999212                     24.280474                      0.006745                      0.000023                      0.003425
                     24.400000                   3428.192383                      0.999127                     24.380390                      0.006772                      0.000023                      0.003425
                     24.500000                   3428.444092                      0.999127                     24.480303                      0.006800                      0.000023                      0.003425
                     24.600000                   3429.115234                      0.999127                     24.580217                      0.006828                      0.000023                      0.003426
                     24.700001                   3428.863770                      0.998873                     24.680117                      0.006856                      0.000023                      0.003425
                     24.799999                   3429.786865                      0.999042                     24.780012                      0.006883                      0.000023                      0.003427
                     24.900000                   3429.954590                      0.999212                     24.879925                      0.006911                      0.000023                      0.003427
                     25.000000                   3430.458008                      0.999127                     24.979841                      0.006939                      0.000023                      0.003427
                     25.100000                   3430.541748                      0.999212                     25.079760                      0.006967                      0.000023                      0.003428
                     25.200001                   3431.213135                      0.999127                     25.179676                      0.006994                      0.000023                      0.003428
                     25.299999                   3431.045410                      0.999042                     25.279585                      0.007022                      0.000024                      0.003428
                     25.400000                   3431.380859                      0.999127                     25.379492                      0.007050                      0.000024                      0.003428
                     25.500000                   3431.716553                      0.999127                     25.479406                      0.007078                      0.000024                      0.003429
                     25.600000                   3431.968262                      0.999382                     25.579330                      0.007105                      0.000024                      0.003430
                     25.700001                   3432.052002                      0.999127                     25.679256                      0.007133                      0.000024                      0.003429
                     25.799999                   3430.458008                      0.999382                     25.779182                      0.007161                      0.000024                      0.003428
                     25.900000                   3430.458008                      0.999042                     25.879103                      0.007189                      0.000024                      0.003427
                     26.000000                   3430.709717                      0.999466                     25.979029                      0.007216                      0.000024                      0.003429
                     26.100000                   3430.877686                      0.999127                     26.078959                      0.007244                      0.000024                      0.003428
                     26.200001                   3431.296875                      0.999127                     26.178871                      0.007272                      0.000024                      0.003428
                     26.299999                   3431.548828                      0.999382                     26.278797                      0.007300                      0.000025                      0.003429
                     26.400000                   3431.632568                      0.999127                     26.378721                      0.007327                      0.000025                      0.003429
                     26.500000                   3432.136230                      0.999297                     26.478643                      0.007355                      0.000025                      0.003430
                     26.600000                   3432.471680                      0.999127                     26.578564                      0.007383                      0.000025                      0.003429
                     26.700001                   3432.555420                      0.999297                     26.678486                      0.007411                      0.000025                      0.003430
                     26.799999                   3432.807373                      0.999127                     26.778406                      0.007438                      0.000025                      0.003430
                     26.900000                   3433.562500                      0.999297                     26.878328                      0.007466                      0.000025                      0.003431
                     27.000000                   3434.233643                      0.999382                     26.978262                      0.007494                      0.000025                      0.003432
                     27.100000                   3434.485352                      0.999042                     27.078182                      0.007522                      0.000025                      0.003431
                     27.200001                   3435.072510                      0.999042                     27.178087                      0.007549                      0.000025                      0.003432
                     27.299999                   3434.988770                      0.999297                     27.278004                      0.007577                      0.000025                      0.003433
                     27.400000                   3435.911865                      0.999466                     27.377943                      0.007605                      0.000026                      0.003434
                     27.500000                   3436.247314                      0.999042                     27.477867                      0.007633                      0.000026                      0.003433
                     27.600000                   3436.415283                      0.999212                     27.577780                      0.007660                      0.000026                      0.003434
                     27.700001                   3436.583008                      0.998788                     27.677681                      0.007688                      0.000026                      0.003432
                     27.799999                   3437.170410                      0.999127                     27.777576                      0.007716                      0.000026                      0.003434
                     27.900000                   3437.422119                      0.999382                     27.877502                      0.007744                      0.000026                      0.003435
                     28.000000                   3438.093262                      0.999466                     27.977444                      0.007772                      0.000026                      0.003436
                     28.100000                   3438.428955                      0.999297                     28.077383                      0.007799                      0.000026                      0.003436
                     28.200001                   3438.512939                      0.999212                     28.177307                      0.007827                      0.000026                      0.003436
                     28.299999                   3439.100098                      0.999212                     28.277229                      0.007855                      0.000026                      0.003436
                     28.400000                   3439.603516                      0.999127                     28.377146                      0.007883                      0.000027                      0.003437
                     28.500000                   3439.771484                      0.999127                     28.477058                      0.007910                      0.000027                      0.003437
                     28.600000                   3439.855225                      0.999212                     28.576975                      0.007938                      0.000027                      0.003437
                     28.700001                   3440.358643                      0.998958                     28.676884                      0.007966                      0.000027                      0.003437
                     28.799999                   3440.526367                      0.999042                     28.776783                      0.007994                      0.000027                      0.003437
                     28.900000                   3440.862305                      0.999297                     28.876701                      0.008021                      0.000027                      0.003438
                     29.000000                   3441.030029                      0.999382                     28.976635                      0.008049                      0.000027                      0.003439
                     29.100000                   3441.533447                      0.999127                     29.076561                      0.008077                      0.000027                      0.003439
                     29.200001                   3442.204590                      0.999551                     29.176495                      0.008105                      0.000027                      0.003441
                     29.299999                   3442.372314                      0.999212                     29.276432                      0.008132                      0.000027                      0.003440
                     29.400000                   3442.204590                      0.999382                     29.376362                      0.008160                      0.000027                      0.003440
                     29.500000                   3442.959717                      0.999297                     29.476295                      0.008188                      0.000028                      0.003441
                     29.600000                   3443.295410                      0.999042                     29.576214                      0.008216                      0.000028                      0.003440
                     29.700001                   3443.630859                      0.999127                     29.676121                      0.008243                      0.000028                      0.003441
                     29.799999                   3443.798828                      0.999297                     29.776043                      0.008271                      0.000028                      0.003441
                       Time(s)                         E(mV)                         I(mA)                         Q(mC)                 Capacity(mAh)                    Energy(Wh)                          P(W)
                      0.100000                   3740.152100                      0.999466                      0.099947                      0.000028                      0.000000                      0.003738
                      0.200000                   3787.054932                      0.999551                      0.199898                      0.000056                      0.000000                      0.003785
                      0.300000                   3775.560059                      0.999636                      0.299857                      0.000083                      0.000000                      0.003774
                      0.400000                   3768.595947                      0.999382                      0.399808                      0.000111                      0.000000                      0.003766
                      0.500000                   3765.826904                      0.999636                      0.499759                      0.000139                      0.000001                      0.003764
                      0.600000                   3761.799805                      0.999466                      0.599714                      0.000167                      0.000001                      0.003760
                      0.700000                   3760.876709                      0.999466                      0.699660                      0.000194                      0.000001                      0.003759
                      0.800000                   3765.407715                      0.999636                      0.799616                      0.000222                      0.000001                      0.003764
                      0.900000                   3765.323486                      0.999466                      0.899571                      0.000250                      0.000001                      0.003763
                      1.000000                   3765.072021                      0.999551                      0.999522                      0.000278                      0.000001                      0.003763
                      1.100000                   3758.443359                      0.999382                      1.099468                      0.000305                      0.000001                      0.003756
                      1.200000                   3758.695312                      0.999636                      1.199419                      0.000333                      0.000001                      0.003757
                      1.300000                   3750.220947                      0.999212                      1.299361                      0.000361                      0.000001                      0.003747
                      1.400000                   3747.032227                      0.999551                      1.399300                      0.000389                      0.000001                      0.003745
                      1.500000                   3742.920898                      0.999297                      1.499242                      0.000416                      0.000002                      0.003740
                      1.600000                   3741.746094                      0.999551                      1.599184                      0.000444                      0.000002                      0.003740
                      1.700000                   3741.746094                      0.999636                      1.699144                      0.000472                      0.000002                      0.003740
                      1.800000                   3738.138184                      0.999382                      1.799095                      0.000500                      0.000002                      0.003736
                      1.900000                   3747.284180                      0.999466                      1.899037                      0.000528                      0.000002                      0.003745
                      2.000000                   3738.222412                      0.999212                      1.998971                      0.000555                      0.000002                      0.003735
                      2.100000                   3751.898682                      0.999721                      2.098918                      0.000583                      0.000002                      0.003751
                      2.200000                   3752.570068                      0.999382                      2.198873                      0.000611                      0.000002                      0.003750
                      2.300000                   3753.996582                      0.999382                      2.298811                      0.000639                      0.000002                      0.003752
                      2.400000                   3758.443359                      0.999297                      2.398745                      0.000666                      0.000003                      0.003756
                      2.500000                   3754.415771                      0.999636                      2.498692                      0.000694                      0.000003                      0.003753
                      2.600000                   3745.773682                      0.999466                      2.598647                      0.000722                      0.000003                      0.003744
                      2.700000                   3744.934814                      0.999806                      2.698610                      0.000750                      0.000003                      0.003744
                      2.800000                   3746.025635                      0.999382                      2.798570                      0.000777                      0.000003                      0.003744
                      2.900000                   3745.270264                      0.999551                      2.898516                      0.000805                      0.000003                      0.003744
                      3.000000                   3749.633545                      0.999806                      2.998484                      0.000833                      0.000003                      0.003749
                      3.100000                   3750.724121                      0.999636                      3.098456                      0.000861                      0.000003                      0.003749
                      3.200000                   3736.711914                      0.999636                      3.198420                      0.000888                      0.000003                      0.003735
                      3.300000                   3759.282715                      0.999382                      3.298371                      0.000916                      0.000003                      0.003757
                      3.400000                   3760.792725                      0.999382                      3.398309                      0.000944                      0.000004                      0.003758
                      3.500000                   3760.121582                      0.999721                      3.498264                      0.000972                      0.000004                      0.003759
                      3.600000                   3760.205322                      0.999636                      3.598232                      0.001000                      0.000004                      0.003759
                      3.700000                   3760.876709                      0.999721                      3.698200                      0.001027                      0.000004                      0.003760
                      3.800000                   3761.044434                      0.999721                      3.798172                      0.001055                      0.000004                      0.003760
                      3.900000                   3761.883545                      0.999551                      3.898135                      0.001083                      0.000004                      0.003760
                      4.000000                   3763.309814                      0.999382                      3.998082                      0.001111                      0.000004                      0.003761
                      4.100000                   3765.323486                      0.999636                      4.098033                      0.001138                      0.000004                      0.003764
                      4.200000                   3767.589111                      0.999551                      4.197992                      0.001166                      0.000004                      0.003766
                      4.300000                   3768.512207                      0.999636                      4.297952                      0.001194                      0.000004                      0.003767
                      4.400000                   3769.351074                      0.999721                      4.397919                      0.001222                      0.000005                      0.003768
                      4.500000                   3770.945312                      0.999806                      4.497896                      0.001249                      0.000005                      0.003770
                      4.600000                   3772.707275                      0.999721                      4.597872                      0.001277                      0.000005                      0.003772
                      4.700000                   3772.203857                      0.999551                      4.697835                      0.001305                      0.000005                      0.003771
                      4.800000                   3773.126709                      0.999636                      4.797795                      0.001333                      0.000005                      0.003772
                      4.900000                   3774.720947                      0.999721                      4.897763                      0.001360                      0.000005                      0.003774
                      5.000000                   3776.902344                      0.999721                      4.997735                      0.001388                      0.000005                      0.003776
                      5.100000                   3763.645508                      0.999551                      5.097699                      0.001416                      0.000005                      0.003762
                      5.200000                   3765.323486                      0.999551                      5.197654                      0.001444                      0.000005                      0.003764
                      5.300000                   3765.155762                      0.999297                      5.297596                      0.001472                      0.000006                      0.003763
                      5.400000                   3766.582031                      0.999551                      5.397538                      0.001499                      0.000006                      0.003765
                      5.500000                   3769.854492                      0.999382                      5.497485                      0.001527                      0.000006                      0.003768
                      5.600000                   3770.525635                      0.999721                      5.597440                      0.001555                      0.000006                      0.003769
                      5.700000                   3771.532715                      0.999551                      5.697404                      0.001583                      0.000006                      0.003770
                      5.800000                   3772.707275                      0.999636                      5.797363                      0.001610                      0.000006                      0.003771
                      5.900000                   3786.383789                      0.999721                      5.897331                      0.001638                      0.000006                      0.003785
                      6.000000                   3784.873535                      0.999212                      5.997278                      0.001666                      0.000006                      0.003782
                      6.100000                   3782.104736                      0.999551                      6.097216                      0.001694                      0.000006                      0.003780
                      6.200000                   3779.923340                      0.999382                      6.197163                      0.001721                      0.000006                      0.003778
                      6.300000                   3779.923340                      0.999551                      6.297109                      0.001749                      0.000007                      0.003778
                      6.400000                   3778.496826                      0.999636                      6.397069                      0.001777                      0.000007                      0.003777
                      6.500000                   3775.392334                      0.999466                      6.497024                      0.001805                      0.000007                      0.003773
                      6.600000                   3773.546387                      0.999466                      6.596970                      0.001832                      0.000007                      0.003772
                      6.700000                   3770.106201                      0.999551                      6.696921                      0.001860                      0.000007                      0.003768
                      6.800000                   3770.525635                      0.999466                      6.796872                      0.001888                      0.000007                      0.003769
                      6.900000                   3770.274170                      0.999551                      6.896823                      0.001916                      0.000007                      0.003769
                      7.000000                   3770.609619                      0.999466                      6.996774                      0.001944                      0.000007                      0.003769
                      7.100000                   3770.609619                      0.999382                      7.096716                      0.001971                      0.000007                      0.003768
                      7.200000                   3769.435059                      0.999382                      7.196654                      0.001999                      0.000008                      0.003767
                      7.300000                   3768.260254                      0.999297                      7.296588                      0.002027                      0.000008                      0.003766
                      7.400000                   3767.253662                      0.999551                      7.396531                      0.002055                      0.000008                      0.003766
                      7.500000                   3768.008545                      0.999127                      7.496465                      0.002082                      0.000008                      0.003765
                      7.600000                   3769.435059                      0.999382                      7.596390                      0.002110                      0.000008                      0.003767
                      7.700000                   3773.126709                      0.999636                      7.696341                      0.002138                      0.000008                      0.003772
                      7.800000                   3773.546387                      0.999382                      7.796292                      0.002166                      0.000008                      0.003771
                      7.900000                   3773.126709                      0.999382                      7.896230                      0.002193                      0.000008                      0.003771
                      8.000000                   3774.385254                      0.999551                      7.996177                      0.002221                      0.000008                      0.003773
                      8.100000                   3778.412842                      0.999551                      8.096132                      0.002249                      0.000008                      0.003777
                      8.200000                   3779.251709                      0.999297                      8.196074                      0.002277                      0.000009                      0.003777
                      8.300000                   3775.392334                      0.999466                      8.296013                      0.002304                      0.000009                      0.003773
                      8.400000                   3758.863037                      0.999297                      8.395951                      0.002332                      0.000009                      0.003756
                      8.500000                   3756.429688                      0.999382                      8.495885                      0.002360                      0.000009                      0.003754
                      8.600000                   3753.828613                      0.999466                      8.595827                      0.002388                      0.000009                      0.003752
                      8.700000                   3739.732422                      0.999466                      8.695774                      0.002415                      0.000009                      0.003738
                      8.800000                   3736.544189                      0.999466                      8.795720                      0.002443                      0.000009                      0.003735
                      8.900000                   3733.775146                      0.999721                      8.895679                      0.002471                      0.000009                      0.003733
                      9.000000                   3733.020020                      0.999466                      8.995639                      0.002499                      0.000009                      0.003731
                      9.100000                   3724.377930                      0.999551                      9.095591                      0.002527                      0.000010                      0.003723
                      9.200000                   3723.958252                      0.999382                      9.195537                      0.002554                      0.000010                      0.003722
                      9.300000                   3695.598389                      0.999466                      9.295479                      0.002582                      0.000010                      0.003694
                      9.400000                   3695.430664                      0.999127                      9.395409                      0.002610                      0.000010                      0.003692
                      9.500000                   3695.934082                      0.999297                      9.495330                      0.002638                      0.000010                      0.003693
                      9.600000                   3695.934082                      0.999551                      9.595272                      0.002665                      0.000010                      0.003694
                      9.700000                   3696.269531                      0.999382                      9.695219                      0.002693                      0.000010                      0.003694
                      9.800000                   3696.772949                      0.999551                      9.795166                      0.002721                      0.000010                      0.003695
                      9.900000                   3696.856934                      0.999382                      9.895112                      0.002749                      0.000010                      0.003695
                     10.000000                   3696.689209                      0.999297                      9.995047                      0.002776                      0.000010                      0.003694
                     10.100000                   3697.528076                      0.999297                     10.094976                      0.002804                      0.000011                      0.003695
                     10.200000                   3698.283447                      0.999466                     10.194914                      0.002832                      0.000011                      0.003696
                     10.300000                   3698.702881                      0.999382                     10.294857                      0.002860                      0.000011                      0.003696
                     10.400000                   3699.374023                      0.999212                     10.394786                      0.002887                      0.000011                      0.003696
                     10.500000                   3700.213135                      0.999297                     10.494712                      0.002915                      0.000011                      0.003698
                     10.600000                   3699.290283                      0.999297                     10.594642                      0.002943                      0.000011                      0.003697
                     10.700000                   3699.877441                      0.999466                     10.694579                      0.002971                      0.000011                      0.003698
                     10.800000                   3698.031738                      0.999551                     10.794531                      0.002998                      0.000011                      0.003696
                     10.900000                   3697.863770                      0.999382                     10.894477                      0.003026                      0.000011                      0.003696
                     11.000000                   3698.199707                      0.999466                     10.994419                      0.003054                      0.000011                      0.003696
                     11.100000                   3698.031738                      0.999721                     11.094378                      0.003082                      0.000012                      0.003697
                     11.200000                   3698.367432                      0.999636                     11.194346                      0.003110                      0.000012                      0.003697
                     11.300000                   3698.786621                      0.999382                     11.294297                      0.003137                      0.000012                      0.003696
                     11.400000                   3698.031738                      0.999212                     11.394227                      0.003165                      0.000012                      0.003695
                     11.500000                   3699.541992                      0.999721                     11.494174                      0.003193                      0.000012                      0.003699
                     11.600000                   3698.535156                      0.999551                     11.594137                      0.003221                      0.000012                      0.003697
                     11.700000                   3698.535156                      0.999466                     11.694088                      0.003248                      0.000012                      0.003697
                     11.800000                   3698.451172                      0.999466                     11.794035                      0.003276                      0.000012                      0.003696
                     11.900000                   3697.947754                      0.999806                     11.893999                      0.003304                      0.000012                      0.003697
                     12.000000                   3691.738770                      0.999212                     11.993950                      0.003332                      0.000012                      0.003689
                     12.100000                   3688.718262                      0.999551                     12.093887                      0.003359                      0.000013                      0.003687
                     12.200000                   3686.872314                      0.999721                     12.193851                      0.003387                      0.000013                      0.003686
                     12.300000                   3685.949219                      0.999721                     12.293823                      0.003415                      0.000013                      0.003685
                     12.400000                   3686.368896                      0.999636                     12.393791                      0.003443                      0.000013                      0.003685
                     12.500000                   3686.620361                      0.999636                     12.493754                      0.003470                      0.000013                      0.003685
                     12.600000                   3686.704346                      0.999466                     12.593710                      0.003498                      0.000013                      0.003685
                     12.700000                   3676.552002                      0.999636                     12.693666                      0.003526                      0.000013                      0.003675
                     12.800000                   3673.531494                      0.999551                     12.793625                      0.003554                      0.000013                      0.003672
                     12.900000                   3672.188721                      0.999636                     12.893584                      0.003582                      0.000013                      0.003671
                     13.000000                   3672.524414                      0.999382                     12.993535                      0.003609                      0.000014                      0.003670
                     13.100000                   3672.356689                      0.999721                     13.093490                      0.003637                      0.000014                      0.003671
                     13.200000                   3672.020996                      0.999551                     13.193454                      0.003665                      0.000014                      0.003670
                     13.300000                   3671.769287                      0.999636                     13.293413                      0.003693                      0.000014                      0.003670
                     13.400000                   3671.349854                      0.999212                     13.393355                      0.003720                      0.000014                      0.003668
                     13.500000                   3672.020996                      0.999636                     13.493298                      0.003748                      0.000014                      0.003671
                     13.600000                   3671.349854                      0.999721                     13.593266                      0.003776                      0.000014                      0.003670
                     13.700000                   3670.427002                      0.999466                     13.693225                      0.003804                      0.000014                      0.003668
                     13.800000                   3669.503906                      0.999382                     13.793167                      0.003831                      0.000014                      0.003667
                     13.900000                   3668.077637                      0.999636                     13.893118                      0.003859                      0.000014                      0.003667
                     14.000000                   3668.496826                      0.999636                     13.993082                      0.003887                      0.000015                      0.003667
                     14.100000                   3668.413086                      0.999466                     14.093037                      0.003915                      0.000015                      0.003666
                     14.200000                   3668.329102                      0.999551                     14.192987                      0.003942                      0.000015                      0.003667
                     14.300000                   3668.580811                      0.999127                     14.292922                      0.003970                      0.000015                      0.003665
                     14.400000                   3669.419922                      0.999466                     14.392851                      0.003998                      0.000015                      0.003667
                     14.500000                   3668.413086                      0.999551                     14.492803                      0.004026                      0.000015                      0.003667
                     14.600000                   3665.728271                      0.999551                     14.592757                      0.004054                      0.000015                      0.003664
                     14.700000                   3665.644287                      0.999551                     14.692713                      0.004081                      0.000015                      0.003664
                     14.800000                   3664.301758                      0.999551                     14.792667                      0.004109                      0.000015                      0.003663
                     14.900000                   3663.714355                      0.999721                     14.892632                      0.004137                      0.000015                      0.003663
                     15.000000                   3660.274414                      0.999551                     14.992595                      0.004165                      0.000016                      0.003659
                     15.100000                   3659.938721                      0.999636                     15.092554                      0.004192                      0.000016                      0.003659
                     15.200000                   3657.673096                      0.999721                     15.192522                      0.004220                      0.000016                      0.003657
                     15.300000                   3650.121826                      0.999636                     15.292490                      0.004248                      0.000016                      0.003649
                     15.400000                   3649.702148                      0.999382                     15.392441                      0.004276                      0.000016                      0.003647
                     15.500000                   3649.954102                      0.999466                     15.492383                      0.004303                      0.000016                      0.003648
                     15.600000                   3649.786133                      0.999466                     15.592330                      0.004331                      0.000016                      0.003648
                     15.700000                   3649.534424                      0.999466                     15.692276                      0.004359                      0.000016                      0.003648
                     15.800000                   3649.450684                      0.999382                     15.792219                      0.004387                      0.000016                      0.003647
                     15.900000                   3649.534424                      0.999212                     15.892149                      0.004414                      0.000016                      0.003647
                     16.000000                   3649.450684                      0.999466                     15.992083                      0.004442                      0.000017                      0.003648
                     16.100000                   3650.373291                      0.999551                     16.092033                      0.004470                      0.000017                      0.003649
                     16.200001                   3653.142334                      0.999551                     16.191988                      0.004498                      0.000017                      0.003652
                     16.299999                   3652.722900                      0.999721                     16.291952                      0.004526                      0.000017                      0.003652
                     16.400000                   3652.051514                      0.999466                     16.391911                      0.004553                      0.000017                      0.003650
                     16.500000                   3652.219238                      0.999636                     16.491867                      0.004581                      0.000017                      0.003651
                     16.600000                   3652.638916                      0.999721                     16.591835                      0.004609                      0.000017                      0.003652
                     16.700001                   3652.722900                      0.999636                     16.691803                      0.004637                      0.000017                      0.003651
                     16.799999                   3652.806641                      0.999466                     16.791758                      0.004664                      0.000017                      0.003651
                     16.900000                   3652.135498                      0.999636                     16.891712                      0.004692                      0.000017                      0.003651
                     17.000000                   3652.051514                      0.999806                     16.991684                      0.004720                      0.000018                      0.003651
                     17.100000                   3652.638916                      0.999721                     17.091661                      0.004748                      0.000018                      0.003652
                     17.200001                   3652.638916                      0.999466                     17.191620                      0.004775                      0.000018                      0.003651
                     17.299999                   3652.806641                      0.999466                     17.291567                      0.004803                      0.000018                      0.003651
                     17.400000                   3652.890869                      0.999636                     17.391521                      0.004831                      0.000018                      0.003652
                     17.500000                   3653.226318                      0.999297                     17.491468                      0.004859                      0.000018                      0.003651
                     17.600000                   3653.813721                      0.999382                     17.591402                      0.004887                      0.000018                      0.003652
                     17.700001                   3653.477783                      0.999551                     17.691349                      0.004914                      0.000018                      0.003652
                     17.799999                   3653.981445                      0.999466                     17.791300                      0.004942                      0.000018                      0.003652
                     17.900000                   3653.981445                      0.999297                     17.891239                      0.004970                      0.000018                      0.003651
                     18.000000                   3654.652588                      0.999466                     17.991177                      0.004998                      0.000019                      0.003653
                     18.100000                   3654.400879                      0.999466                     18.091124                      0.005025                      0.000019                      0.003652
                     18.200001                   3654.736328                      0.999466                     18.191071                      0.005053                      0.000019                      0.003653
                     18.299999                   3655.239990                      0.999466                     18.291016                      0.005081                      0.000019                      0.003653
                     18.400000                   3655.156006                      0.999382                     18.390959                      0.005109                      0.000019                      0.003653
                     18.500000                   3655.575684                      0.999891                     18.490923                      0.005136                      0.000019                      0.003655
                     18.600000                   3656.079102                      0.999551                     18.590895                      0.005164                      0.000019                      0.003654
                     18.700001                   3656.246826                      0.999551                     18.690849                      0.005192                      0.000019                      0.003655
                     18.799999                   3656.498779                      0.999721                     18.790813                      0.005220                      0.000019                      0.003655
                     18.900000                   3656.414551                      0.999382                     18.890768                      0.005247                      0.000019                      0.003654
                     19.000000                   3656.498779                      0.999551                     18.990715                      0.005275                      0.000020                      0.003655
                     19.100000                   3656.582520                      0.999382                     19.090662                      0.005303                      0.000020                      0.003654
                     19.200001                   3656.834229                      0.999636                     19.190613                      0.005331                      0.000020                      0.003656
                     19.299999                   3656.917969                      0.999636                     19.290577                      0.005358                      0.000020                      0.003656
                     19.400000                   3656.834229                      0.999466                     19.390532                      0.005386                      0.000020                      0.003655
                     19.500000                   3656.330811                      0.999721                     19.490490                      0.005414                      0.000020                      0.003655
                     19.600000                   3656.079102                      0.999636                     19.590458                      0.005442                      0.000020                      0.003655
                     19.700001                   3656.246826                      0.999551                     19.690418                      0.005470                      0.000020                      0.003655
                     19.799999                   3656.582520                      0.999551                     19.790373                      0.005497                      0.000020                      0.003655
                     19.900000                   3655.743408                      0.999466                     19.890324                      0.005525                      0.000021                      0.003654
                     20.000000                   3655.827148                      0.999551                     19.990274                      0.005553                      0.000021                      0.003654
                     20.100000                   3655.239990                      0.999636                     20.090235                      0.005581                      0.000021                      0.003654
                     20.200001                   3655.239990                      0.999636                     20.190197                      0.005608                      0.000021                      0.003654
                     20.299999                   3654.988281                      0.999636                     20.290161                      0.005636                      0.000021                      0.003654
                     20.400000                   3654.484863                      0.999466                     20.390116                      0.005664                      0.000021                      0.003653
                     20.500000                   3654.652588                      0.999297                     20.490055                      0.005692                      0.000021                      0.003652
                     20.600000                   3654.652588                      0.999382                     20.589989                      0.005719                      0.000021                      0.003652
                     20.700001                   3655.072266                      0.999382                     20.689926                      0.005747                      0.000021                      0.003653
                     20.799999                   3655.575684                      0.999466                     20.789869                      0.005775                      0.000021                      0.003654
                     20.900000                   3655.743408                      0.999466                     20.889816                      0.005803                      0.000022                      0.003654
                     21.000000                   3655.575684                      0.999382                     20.989758                      0.005830                      0.000022                      0.003653
                     21.100000                   3655.575684                      0.999382                     21.089697                      0.005858                      0.000022                      0.003653
                     21.200001                   3655.995117                      0.999382                     21.189634                      0.005886                      0.000022                      0.003654
                     21.299999                   3656.582520                      0.999466                     21.289577                      0.005914                      0.000022                      0.003655
                     21.400000                   3656.582520                      0.999297                     21.389515                      0.005942                      0.000022                      0.003654
                     21.500000                   3656.498779                      0.999466                     21.489452                      0.005969                      0.000022                      0.003655
                     21.600000                   3655.323975                      0.999636                     21.589409                      0.005997                      0.000022                      0.003654
                     21.700001                   3655.407959                      0.999636                     21.689371                      0.006025                      0.000022                      0.003654
                     21.799999                   3655.743408                      0.999297                     21.789318                      0.006053                      0.000022                      0.003653
                     21.900000                   3656.666504                      0.999806                     21.889275                      0.006080                      0.000023                      0.003656
                     22.000000                   3655.911377                      0.999466                     21.989237                      0.006108                      0.000023                      0.003654
                     22.100000                   3657.169922                      0.999382                     22.089180                      0.006136                      0.000023                      0.003655
                     22.200001                   3656.666504                      0.999636                     22.189131                      0.006164                      0.000023                      0.003655
                     22.299999                   3657.085693                      0.999466                     22.289085                      0.006191                      0.000023                      0.003655
                     22.400000                   3656.834229                      0.999636                     22.389040                      0.006219                      0.000023                      0.003656
                     22.500000                   3656.834229                      0.999551                     22.489000                      0.006247                      0.000023                      0.003655
                     22.600000                   3655.911377                      0.999382                     22.588947                      0.006275                      0.000023                      0.003654
                     22.700001                   3656.666504                      0.999551                     22.688894                      0.006302                      0.000023                      0.003655
                     22.799999                   3669.755859                      0.999297                     22.788836                      0.006330                      0.000023                      0.003667
                     22.900000                   3709.862305                      0.999636                     22.888783                      0.006358                      0.000024                      0.003709
                     23.000000                   3695.598389                      0.999297                     22.988729                      0.006386                      0.000024                      0.003693
                     23.100000                   3690.060547                      0.999466                     23.088667                      0.006414                      0.000024                      0.003688
                     23.200001                   3687.711182                      0.999636                     23.188622                      0.006441                      0.000024                      0.003686
                     23.299999                   3685.110352                      0.999466                     23.288578                      0.006469                      0.000024                      0.003683
                     23.400000                   3683.599854                      0.999466                     23.388525                      0.006497                      0.000024                      0.003682
                     23.500000                   3682.089600                      0.999636                     23.488480                      0.006525                      0.000024                      0.003681
                     23.600000                   3682.425293                      0.999806                     23.588451                      0.006552                      0.000024                      0.003682
                     23.700001                   3681.166748                      0.999636                     23.688423                      0.006580                      0.000024                      0.003680
                     23.799999                   3678.649414                      0.999382                     23.788374                      0.006608                      0.000024                      0.003676
                     23.900000                   3677.642578                      0.999382                     23.888313                      0.006636                      0.000025                      0.003675
                     24.000000                   3676.132324                      0.999636                     23.988264                      0.006663                      0.000025                      0.003675
                     24.100000                   3675.461182                      0.999636                     24.088226                      0.006691                      0.000025                      0.003674
                     24.200001                   3675.041504                      0.999382                     24.188177                      0.006719                      0.000025                      0.003673
                     24.299999                   3674.622314                      0.999636                     24.288128                      0.006747                      0.000025                      0.003673
                     24.400000                   3670.427002                      0.999466                     24.388084                      0.006774                      0.000025                      0.003668
                     24.500000                   3662.707520                      0.999551                     24.488035                      0.006802                      0.000025                      0.003661
                     24.600000                   3645.926514                      0.999551                     24.587990                      0.006830                      0.000025                      0.003644
                     24.700001                   3634.599365                      0.999382                     24.687937                      0.006858                      0.000025                      0.003632
                     24.799999                   3633.424561                      0.999551                     24.787884                      0.006886                      0.000025                      0.003632
                     24.900000                   3631.243164                      0.999466                     24.887835                      0.006913                      0.000026                      0.003629
                     25.000000                   3629.984619                      0.999466                     24.987782                      0.006941                      0.000026                      0.003628
                     25.100000                   3619.412354                      0.999466                     25.087727                      0.006969                      0.000026                      0.003617
                     25.200001                   3617.230713                      0.999636                     25.187683                      0.006997                      0.000026                      0.003616
                     25.299999                   3617.146973                      0.999297                     25.287630                      0.007024                      0.000026                      0.003615
                     25.400000                   3617.566650                      0.999297                     25.387558                      0.007052                      0.000026                      0.003615
                     25.500000                   3617.398682                      0.999212                     25.487484                      0.007080                      0.000026                      0.003615
                     25.600000                   3618.825195                      0.999297                     25.587410                      0.007108                      0.000026                      0.003616
                     25.700001                   3619.328613                      0.999297                     25.687340                      0.007135                      0.000026                      0.003617
                     25.799999                   3618.741211                      0.999382                     25.787273                      0.007163                      0.000027                      0.003617
                     25.900000                   3619.076904                      0.999297                     25.887207                      0.007191                      0.000027                      0.003617
                     26.000000                   3620.838623                      0.999466                     25.987144                      0.007219                      0.000027                      0.003619
                     26.100000                   3636.780762                      0.999297                     26.087084                      0.007246                      0.000027                      0.003634
                     26.200001                   3638.123291                      0.999212                     26.187010                      0.007274                      0.000027                      0.003635
                     26.299999                   3638.291016                      0.999382                     26.286940                      0.007302                      0.000027                      0.003636
                     26.400000                   3628.558105                      0.999551                     26.386885                      0.007330                      0.000027                      0.003627
                     26.500000                   3626.796143                      0.999382                     26.486832                      0.007357                      0.000027                      0.003625
                     26.600000                   3630.320068                      0.999382                     26.586771                      0.007385                      0.000027                      0.003628
                     26.700001                   3670.594727                      0.999466                     26.686712                      0.007413                      0.000027                      0.003669
                     26.799999                   3669.252197                      0.999382                     26.786655                      0.007441                      0.000028                      0.003667
                     26.900000                   3631.662598                      0.999382                     26.886593                      0.007468                      0.000028                      0.003629
                     27.000000                   3637.619873                      0.999297                     26.986526                      0.007496                      0.000028                      0.003635
                     27.100000                   3639.298096                      0.999551                     27.086470                      0.007524                      0.000028                      0.003638
                     27.200001                   3639.214111                      0.999636                     27.186428                      0.007552                      0.000028                      0.003638
                     27.299999                   3640.221191                      0.999636                     27.286392                      0.007580                      0.000028                      0.003639
                     27.400000                   3640.808105                      0.999551                     27.386353                      0.007607                      0.000028                      0.003639
                     27.500000                   3641.143799                      0.999466                     27.486303                      0.007635                      0.000028                      0.003639
                     27.600000                   3640.976074                      0.999466                     27.586248                      0.007663                      0.000028                      0.003639
                     27.700001                   3642.318604                      0.999636                     27.686205                      0.007691                      0.000028                      0.003641
                     27.799999                   3680.495361                      0.999466                     27.786160                      0.007718                      0.000029                      0.003679
                     27.900000                   3677.810547                      0.999466                     27.886106                      0.007746                      0.000029                      0.003676
                     28.000000                   3640.640381                      0.999551                     27.986057                      0.007774                      0.000029                      0.003639
                     28.100000                   3647.604736                      0.999382                     28.086004                      0.007802                      0.000029                      0.003645
                     28.200001                   3647.437012                      0.999127                     28.185928                      0.007829                      0.000029                      0.003644
                     28.299999                   3648.863281                      0.999466                     28.285858                      0.007857                      0.000029                      0.003647
                     28.400000                   3649.702148                      0.999212                     28.385794                      0.007885                      0.000029                      0.003647
                     28.500000                   3650.121826                      0.999466                     28.485727                      0.007913                      0.000029                      0.003648
                     28.600000                   3649.869873                      0.999891                     28.585695                      0.007940                      0.000029                      0.003649
                     28.700001                   3650.457520                      0.999551                     28.685667                      0.007968                      0.000029                      0.003649
                     28.799999                   3652.722900                      0.999212                     28.785604                      0.007996                      0.000030                      0.003650
                     28.900000                   3652.806641                      0.999721                     28.885551                      0.008024                      0.000030                      0.003652
                     29.000000                   3654.065186                      0.999382                     28.985506                      0.008052                      0.000030                      0.003652
                     29.100000                   3654.988281                      0.999551                     29.085453                      0.008079                      0.000030                      0.003653
                     29.200001                   3684.187256                      0.999382                     29.185400                      0.008107                      0.000030                      0.003682
                     29.299999                   3651.380371                      0.999382                     29.285337                      0.008135                      0.000030                      0.003649
                     29.400000                   3651.883789                      0.999466                     29.385281                      0.008163                      0.000030                      0.003650
                     29.500000                   3651.967773                      0.999212                     29.485214                      0.008190                      0.000030                      0.003649
                     29.600000                   3653.562012                      0.999466                     29.585148                      0.008218                      0.000030                      0.003652
                     29.700001                   3653.477783                      0.999551                     29.685099                      0.008246                      0.000030                      0.003652
                     29.799999                   3653.310059                      0.999127                     29.785032                      0.008274                      0.000031                      0.003650
                       Time(s)                         E(mV)                         I(mA)                         Q(mC)                 Capacity(mAh)                    Energy(Wh)                          P(W)
                      0.100000                   4166.222656                      0.999212                      0.099921                      0.000028                      0.000000                      0.004163
                      0.200000                   4111.684570                      0.999297                      0.199847                      0.000056                      0.000000                      0.004109
                      0.300000                   4095.490479                      0.999382                      0.299781                      0.000083                      0.000000                      0.004093
                      0.400000                   4118.396973                      0.998873                      0.399693                      0.000111                      0.000000                      0.004114
                      0.500000                   4083.995605                      0.999721                      0.499623                      0.000139                      0.000001                      0.004083
                      0.600000                   4071.745361                      0.999212                      0.599570                      0.000167                      0.000001                      0.004069
                      0.700000                   4047.077393                      0.999466                      0.699504                      0.000194                      0.000001                      0.004045
                      0.800000                   4047.664551                      0.999551                      0.799454                      0.000222                      0.000001                      0.004046
                      0.900000                   4040.532959                      0.999636                      0.899414                      0.000250                      0.000001                      0.004039
                      1.000000                   4031.135254                      0.999466                      0.999369                      0.000278                      0.000001                      0.004029
                      1.100000                   4029.876709                      0.999212                      1.099303                      0.000305                      0.000001                      0.004027
                      1.200000                   4028.282471                      0.999127                      1.199220                      0.000333                      0.000001                      0.004025
                      1.300000                   4019.472656                      0.999297                      1.299141                      0.000361                      0.000001                      0.004017
                      1.400000                   3990.609131                      0.999551                      1.399083                      0.000389                      0.000002                      0.003989
                      1.500000                   3985.155273                      0.999382                      1.499030                      0.000416                      0.000002                      0.003983
                      1.600000                   3980.959961                      0.999466                      1.598972                      0.000444                      0.000002                      0.003979
                      1.700000                   3989.686035                      0.999551                      1.698923                      0.000472                      0.000002                      0.003988
                      1.800000                   3993.629639                      0.999466                      1.798874                      0.000500                      0.000002                      0.003991
                      1.900000                   4005.628174                      0.999721                      1.898834                      0.000527                      0.000002                      0.004005
                      2.000000                   4022.996338                      0.999382                      1.998789                      0.000555                      0.000002                      0.004021
                      2.100000                   4024.087158                      0.999382                      2.098727                      0.000583                      0.000002                      0.004022
                      2.200000                   4012.927979                      0.999551                      2.198673                      0.000611                      0.000002                      0.004011
                      2.300000                   4019.640381                      0.999466                      2.298625                      0.000639                      0.000003                      0.004017
                      2.400000                   3983.812988                      0.999382                      2.398567                      0.000666                      0.000003                      0.003981
                      2.500000                   3986.665527                      0.999382                      2.498505                      0.000694                      0.000003                      0.003984
                      2.600000                   3973.576416                      0.999466                      2.598447                      0.000722                      0.000003                      0.003971
                      2.700000                   3969.045410                      0.999551                      2.698398                      0.000750                      0.000003                      0.003967
                      2.800000                   3970.639648                      0.999382                      2.798345                      0.000777                      0.000003                      0.003968
                      2.900000                   3965.605469                      0.999382                      2.898283                      0.000805                      0.000003                      0.003963
                      3.000000                   3964.766357                      0.999551                      2.998230                      0.000833                      0.000003                      0.003963
                      3.100000                   3964.682373                      0.999466                      3.098181                      0.000861                      0.000003                      0.003963
                      3.200000                   3962.081543                      0.999297                      3.198119                      0.000888                      0.000004                      0.003959
                      3.300000                   3971.982178                      0.999212                      3.298044                      0.000916                      0.000004                      0.003969
                      3.400000                   3949.327881                      0.999636                      3.397987                      0.000944                      0.000004                      0.003948
                      3.500000                   3945.719971                      0.999551                      3.497946                      0.000972                      0.000004                      0.003944
                      3.600000                   3949.999023                      0.999466                      3.597897                      0.000999                      0.000004                      0.003948
                      3.700000                   3955.620605                      0.999212                      3.697831                      0.001027                      0.000004                      0.003953
                      3.800000                   3945.635742                      0.999382                      3.797760                      0.001055                      0.000004                      0.003943
                      3.900000                   3952.348389                      0.999636                      3.897711                      0.001083                      0.000004                      0.003951
                      4.000000                   3955.369141                      0.999551                      3.997671                      0.001110                      0.000004                      0.003954
                      4.100000                   3951.844971                      0.999382                      4.097617                      0.001138                      0.000005                      0.003949
                      4.200000                   3953.019775                      0.998958                      4.197534                      0.001166                      0.000005                      0.003949
                      4.300000                   3957.886230                      0.999382                      4.297451                      0.001194                      0.000005                      0.003955
                      4.400000                   3956.879150                      0.999382                      4.397389                      0.001221                      0.000005                      0.003954
                      4.500000                   3964.934082                      0.999551                      4.497336                      0.001249                      0.000005                      0.003963
                      4.600000                   3963.256104                      0.999551                      4.597291                      0.001277                      0.000005                      0.003961
                      4.700000                   3981.295410                      0.999551                      4.697247                      0.001305                      0.000005                      0.003980
                      4.800000                   3965.521729                      0.999382                      4.797193                      0.001333                      0.000005                      0.003963
                      4.900000                   3967.283447                      0.999636                      4.897144                      0.001360                      0.000005                      0.003966
                      5.000000                   3963.591553                      0.999551                      4.997103                      0.001388                      0.000006                      0.003962
                      5.100000                   3969.968506                      0.999127                      5.097037                      0.001416                      0.000006                      0.003967
                      5.200000                   3968.793701                      0.999636                      5.196975                      0.001444                      0.000006                      0.003967
                      5.300000                   3966.864014                      0.999382                      5.296926                      0.001471                      0.000006                      0.003964
                      5.400000                   3974.247559                      0.999551                      5.396873                      0.001499                      0.000006                      0.003972
                      5.500000                   3952.767822                      0.999551                      5.496828                      0.001527                      0.000006                      0.003951
                      5.600000                   3954.362061                      0.999382                      5.596775                      0.001555                      0.000006                      0.003952
                      5.700000                   3982.805908                      0.999551                      5.696721                      0.001582                      0.000006                      0.003981
                      5.800000                   3976.177490                      0.999382                      5.796668                      0.001610                      0.000006                      0.003974
                      5.900000                   3980.456543                      0.999382                      5.896606                      0.001638                      0.000007                      0.003978
                      6.000000                   3999.083496                      0.999806                      5.996565                      0.001666                      0.000007                      0.003998
                      6.100000                   3988.511475                      0.999466                      6.096529                      0.001693                      0.000007                      0.003986
                      6.200000                   3975.254639                      0.999636                      6.196484                      0.001721                      0.000007                      0.003974
                      6.300000                   3949.327881                      0.999721                      6.296452                      0.001749                      0.000007                      0.003948
                      6.400000                   3940.517578                      0.999466                      6.396411                      0.001777                      0.000007                      0.003938
                      6.500000                   3934.728027                      0.999127                      6.496341                      0.001805                      0.000007                      0.003931
                      6.600000                   3939.343018                      0.999551                      6.596275                      0.001832                      0.000007                      0.003938
                      6.700000                   3936.909668                      0.999382                      6.696222                      0.001860                      0.000007                      0.003934
                      6.800000                   3935.986572                      0.999551                      6.796168                      0.001888                      0.000008                      0.003934
                      6.900000                   3930.281250                      0.999636                      6.896128                      0.001916                      0.000008                      0.003929
                      7.000000                   3930.029541                      0.999551                      6.996087                      0.001943                      0.000008                      0.003928
                      7.100000                   3860.052490                      0.999466                      7.096038                      0.001971                      0.000008                      0.003858
                      7.200000                   3856.696289                      0.999636                      7.195993                      0.001999                      0.000008                      0.003855
                      7.300000                   3853.591797                      0.999297                      7.295939                      0.002027                      0.000008                      0.003851
                      7.400000                   3839.495850                      0.999382                      7.395874                      0.002054                      0.000008                      0.003837
                      7.500000                   3823.889404                      0.999636                      7.495824                      0.002082                      0.000008                      0.003822
                      7.600000                   3818.184082                      0.999636                      7.595788                      0.002110                      0.000008                      0.003817
                      7.700000                   3814.240234                      0.999466                      7.695743                      0.002138                      0.000008                      0.003812
                      7.800000                   3812.310547                      0.999636                      7.795698                      0.002165                      0.000009                      0.003811
                      7.900000                   3810.968018                      0.999466                      7.895653                      0.002193                      0.000009                      0.003809
                      8.000000                   3810.716553                      0.999636                      7.995608                      0.002221                      0.000009                      0.003809
                      8.100000                   3811.471680                      0.999466                      8.095564                      0.002249                      0.000009                      0.003809
                      8.200000                   3813.065674                      0.999551                      8.195515                      0.002277                      0.000009                      0.003811
                      8.300000                   3813.317383                      0.999551                      8.295469                      0.002304                      0.000009                      0.003812
                      8.400000                   3813.317383                      0.999636                      8.395429                      0.002332                      0.000009                      0.003812
                      8.500000                   3817.344727                      0.999806                      8.495401                      0.002360                      0.000009                      0.003817
                      8.600000                   3817.848145                      0.999551                      8.595369                      0.002388                      0.000009                      0.003816
                      8.700000                   3818.519531                      0.999466                      8.695320                      0.002415                      0.000010                      0.003816
                      8.800000                   3839.328125                      0.999382                      8.795262                      0.002443                      0.000010                      0.003837
                      8.900000                   4091.211426                      0.999382                      8.895201                      0.002471                      0.000010                      0.004089
                      9.000000                   4102.622559                      0.999466                      8.995143                      0.002499                      0.000010                      0.004100
                      9.100000                   4106.901855                      0.999466                      9.095090                      0.002526                      0.000010                      0.004105
                      9.200000                   4152.629883                      0.999551                      9.195041                      0.002554                      0.000010                      0.004151
                      9.300000                   4110.341797                      0.999551                      9.294995                      0.002582                      0.000010                      0.004108
                      9.400000                   4007.474121                      0.999382                      9.394942                      0.002610                      0.000010                      0.004005
                      9.500000                   4014.270508                      0.999466                      9.494884                      0.002637                      0.000010                      0.004012
                      9.600000                   4005.208740                      0.999466                      9.594831                      0.002665                      0.000011                      0.004003
                      9.700000                   4019.892090                      0.999636                      9.694786                      0.002693                      0.000011                      0.004018
                      9.800000                   3909.388916                      0.999382                      9.794737                      0.002721                      0.000011                      0.003907
                      9.900000                   3896.970947                      0.999297                      9.894671                      0.002749                      0.000011                      0.003894
                     10.000000                   3894.621582                      0.999721                      9.994622                      0.002776                      0.000011                      0.003894
                     10.100000                   3894.705322                      0.999551                     10.094585                      0.002804                      0.000011                      0.003893
                     10.200000                   3885.559814                      0.999636                     10.194545                      0.002832                      0.000011                      0.003884
                     10.300000                   3883.881592                      0.999382                     10.294496                      0.002860                      0.000011                      0.003881
                     10.400000                   3881.784180                      0.999466                     10.394438                      0.002887                      0.000011                      0.003880
                     10.500000                   3877.421143                      0.999466                     10.494385                      0.002915                      0.000012                      0.003875
                     10.600000                   3875.323242                      0.999721                     10.594344                      0.002943                      0.000012                      0.003874
                     10.700000                   3868.107422                      0.999466                     10.694304                      0.002971                      0.000012                      0.003866
                     10.800000                   3862.905518                      0.999382                     10.794246                      0.002998                      0.000012                      0.003861
                     10.900000                   3858.961914                      0.999721                     10.894201                      0.003026                      0.000012                      0.003858
                     11.000000                   3858.458252                      0.999721                     10.994173                      0.003054                      0.000012                      0.003857
                     11.100000                   3859.968750                      0.999382                     11.094129                      0.003082                      0.000012                      0.003858
                     11.200000                   3857.619385                      0.999721                     11.194083                      0.003109                      0.000012                      0.003857
                     11.300000                   3861.814697                      0.999382                     11.294039                      0.003137                      0.000012                      0.003859
                     11.400000                   3861.311279                      0.999551                     11.393986                      0.003165                      0.000013                      0.003860
                     11.500000                   3964.682373                      0.999297                     11.493928                      0.003193                      0.000013                      0.003962
                     11.600000                   3942.699219                      0.999297                     11.593858                      0.003221                      0.000013                      0.003940
                     11.700000                   3953.271240                      0.999551                     11.693800                      0.003248                      0.000013                      0.003951
                     11.800000                   3945.384277                      0.999551                     11.793755                      0.003276                      0.000013                      0.003944
                     11.900000                   3924.659668                      0.999466                     11.893705                      0.003304                      0.000013                      0.003923
                     12.000000                   3908.717529                      0.999551                     11.993657                      0.003332                      0.000013                      0.003907
                     12.100000                   3904.186768                      0.999551                     12.093612                      0.003359                      0.000013                      0.003902
                     12.200000                   3904.354492                      0.999551                     12.193567                      0.003387                      0.000013                      0.003903
                     12.300000                   3903.935059                      0.999382                     12.293513                      0.003415                      0.000013                      0.003902
                     12.400000                   3908.969482                      0.999721                     12.393469                      0.003443                      0.000014                      0.003908
                     12.500000                   3911.151123                      0.999636                     12.493437                      0.003470                      0.000014                      0.003910
                     12.600000                   3911.066895                      0.999636                     12.593400                      0.003498                      0.000014                      0.003910
                     12.700000                   3915.345947                      0.999636                     12.693364                      0.003526                      0.000014                      0.003914
                     12.800000                   3915.849609                      0.999721                     12.793331                      0.003554                      0.000014                      0.003915
                     12.900000                   3906.871582                      0.999636                     12.893299                      0.003581                      0.000014                      0.003905
                     13.000000                   3908.130127                      0.999636                     12.993263                      0.003609                      0.000014                      0.003907
                     13.100000                   3912.241699                      0.999636                     13.093226                      0.003637                      0.000014                      0.003911
                     13.200000                   3909.388916                      0.999551                     13.193186                      0.003665                      0.000014                      0.003908
                     13.300000                   3914.003662                      0.999382                     13.293133                      0.003693                      0.000015                      0.003912
                     13.400000                   3911.151123                      0.999127                     13.393058                      0.003720                      0.000015                      0.003908
                     13.500000                   3908.465820                      0.999551                     13.492992                      0.003748                      0.000015                      0.003907
                     13.600000                   3909.724365                      0.999721                     13.592956                      0.003776                      0.000015                      0.003909
                     13.700000                   3903.347900                      0.999551                     13.692919                      0.003804                      0.000015                      0.003902
                     13.800000                   3906.703857                      0.999806                     13.792887                      0.003831                      0.000015                      0.003906
                     13.900000                   3896.215820                      0.999636                     13.892859                      0.003859                      0.000015                      0.003895
                     14.000000                   3893.950195                      0.999636                     13.992823                      0.003887                      0.000015                      0.003893
                     14.100000                   3905.445312                      0.999721                     14.092791                      0.003915                      0.000015                      0.003904
                     14.200000                   3905.109863                      0.999891                     14.192771                      0.003942                      0.000016                      0.003905
                     14.300000                   3902.173096                      0.999806                     14.292756                      0.003970                      0.000016                      0.003901
                     14.400000                   3904.690186                      0.999297                     14.392711                      0.003998                      0.000016                      0.003902
                     14.500000                   3902.089355                      0.999721                     14.492662                      0.004026                      0.000016                      0.003901
                     14.600000                   3896.635498                      0.999636                     14.592629                      0.004054                      0.000016                      0.003895
                     14.700000                   3893.782471                      0.999551                     14.692589                      0.004081                      0.000016                      0.003892
                     14.800000                   3893.782471                      0.999806                     14.792557                      0.004109                      0.000016                      0.003893
                     14.900000                   3894.789551                      0.999636                     14.892529                      0.004137                      0.000016                      0.003893
                     15.000000                   3890.761963                      0.999636                     14.992493                      0.004165                      0.000016                      0.003889
                     15.100000                   3901.837402                      0.999382                     15.092443                      0.004192                      0.000017                      0.003899
                     15.200000                   3903.683350                      0.999636                     15.192394                      0.004220                      0.000017                      0.003902
                     15.300000                   3913.080811                      0.999806                     15.292367                      0.004248                      0.000017                      0.003912
                     15.400000                   3920.632080                      0.999636                     15.392339                      0.004276                      0.000017                      0.003919
                     15.500000                   3909.640625                      0.999636                     15.492302                      0.004303                      0.000017                      0.003908
                     15.600000                   3902.928223                      0.999721                     15.592270                      0.004331                      0.000017                      0.003902
                     15.700000                   3899.488037                      0.999721                     15.692243                      0.004359                      0.000017                      0.003898
                     15.800000                   3912.409668                      0.999466                     15.792202                      0.004387                      0.000017                      0.003910
                     15.900000                   3918.114990                      0.999382                     15.892144                      0.004414                      0.000017                      0.003916
                     16.000000                   3925.330811                      0.999721                     15.992099                      0.004442                      0.000018                      0.003924
                     16.100000                   3930.952393                      0.999806                     16.092075                      0.004470                      0.000018                      0.003930
                     16.200001                   3916.772705                      0.999636                     16.192047                      0.004498                      0.000018                      0.003915
                     16.299999                   3919.876953                      0.999636                     16.292009                      0.004526                      0.000018                      0.003918
                     16.400000                   3911.066895                      0.999551                     16.391970                      0.004553                      0.000018                      0.003909
                     16.500000                   3917.108154                      0.999382                     16.491917                      0.004581                      0.000018                      0.003915
                     16.600000                   3916.772705                      0.999466                     16.591858                      0.004609                      0.000018                      0.003915
                     16.700001                   3912.828857                      0.999212                     16.691793                      0.004637                      0.000018                      0.003910
                     16.799999                   3901.417725                      0.999636                     16.791735                      0.004664                      0.000018                      0.003900
                     16.900000                   3890.929688                      0.999551                     16.891695                      0.004692                      0.000018                      0.003889
                     17.000000                   3891.433105                      0.999636                     16.991653                      0.004720                      0.000019                      0.003890
                     17.100000                   3893.782471                      0.999466                     17.091608                      0.004748                      0.000019                      0.003892
                     17.200001                   3895.544678                      0.999212                     17.191544                      0.004775                      0.000019                      0.003892
                     17.299999                   3899.991455                      0.999636                     17.291485                      0.004803                      0.000019                      0.003899
                     17.400000                   3897.222412                      0.999551                     17.391445                      0.004831                      0.000019                      0.003895
                     17.500000                   3897.642090                      0.999466                     17.491396                      0.004859                      0.000019                      0.003896
                     17.600000                   3897.726074                      0.999551                     17.591347                      0.004886                      0.000019                      0.003896
                     17.700001                   3895.041016                      0.999551                     17.691301                      0.004914                      0.000019                      0.003893
                     17.799999                   3892.775635                      0.999466                     17.791252                      0.004942                      0.000019                      0.003891
                     17.900000                   3894.873291                      0.999551                     17.891203                      0.004970                      0.000020                      0.003893
                     18.000000                   3896.215820                      0.999382                     17.991150                      0.004998                      0.000020                      0.003894
                     18.100000                   3899.991455                      0.999466                     18.091093                      0.005025                      0.000020                      0.003898
                     18.200001                   3899.571777                      0.999551                     18.191044                      0.005053                      0.000020                      0.003898
                     18.299999                   3898.816895                      0.999466                     18.290995                      0.005081                      0.000020                      0.003897
                     18.400000                   3898.313232                      0.999466                     18.390940                      0.005109                      0.000020                      0.003896
                     18.500000                   3898.732910                      0.999551                     18.490891                      0.005136                      0.000020                      0.003897
                     18.600000                   3900.075439                      0.999551                     18.590847                      0.005164                      0.000020                      0.003898
                     18.700001                   3898.984619                      0.999297                     18.690788                      0.005192                      0.000020                      0.003896
                     18.799999                   3905.109863                      0.999297                     18.790718                      0.005220                      0.000021                      0.003902
                     18.900000                   3905.193604                      0.999551                     18.890661                      0.005247                      0.000021                      0.003903
                     19.000000                   3901.501953                      0.999721                     18.990625                      0.005275                      0.000021                      0.003900
                     19.100000                   3904.438721                      0.999466                     19.090584                      0.005303                      0.000021                      0.003902
                     19.200001                   3903.767090                      0.999382                     19.190527                      0.005331                      0.000021                      0.003901
                     19.299999                   3911.738037                      0.999382                     19.290464                      0.005358                      0.000021                      0.003909
                     19.400000                   3913.332275                      0.999212                     19.390394                      0.005386                      0.000021                      0.003910
                     19.500000                   3913.919678                      0.999382                     19.490324                      0.005414                      0.000021                      0.003911
                     19.600000                   3912.073730                      0.999721                     19.590279                      0.005442                      0.000021                      0.003911
                     19.700001                   3905.529297                      0.999551                     19.690243                      0.005470                      0.000022                      0.003904
                     19.799999                   3920.212891                      0.999806                     19.790211                      0.005497                      0.000022                      0.003919
                     19.900000                   3920.967773                      0.999551                     19.890179                      0.005525                      0.000022                      0.003919
                     20.000000                   3917.611572                      0.999721                     19.990143                      0.005553                      0.000022                      0.003917
                     20.100000                   3910.731445                      0.999551                     20.090105                      0.005581                      0.000022                      0.003909
                     20.200001                   3915.597900                      0.999466                     20.190056                      0.005608                      0.000022                      0.003914
                     20.299999                   3911.738037                      0.999212                     20.289989                      0.005636                      0.000022                      0.003909
                     20.400000                   3915.178223                      0.999721                     20.389936                      0.005664                      0.000022                      0.003914
                     20.500000                   3914.003662                      0.999382                     20.489893                      0.005692                      0.000022                      0.003912
                     20.600000                   3912.325439                      0.999297                     20.589827                      0.005719                      0.000022                      0.003910
                     20.700001                   3892.607910                      0.999212                     20.689751                      0.005747                      0.000023                      0.003890
                     20.799999                   3897.054688                      0.999466                     20.789686                      0.005775                      0.000023                      0.003895
                     20.900000                   3897.809814                      0.999806                     20.889648                      0.005803                      0.000023                      0.003897
                     21.000000                   3897.054688                      0.999806                     20.989630                      0.005830                      0.000023                      0.003896
                     21.100000                   3903.935059                      0.999466                     21.089594                      0.005858                      0.000023                      0.003902
                     21.200001                   3901.837402                      0.999551                     21.189545                      0.005886                      0.000023                      0.003900
                     21.299999                   3900.578857                      0.999382                     21.289492                      0.005914                      0.000023                      0.003898
                     21.400000                   3899.068359                      0.999636                     21.389442                      0.005942                      0.000023                      0.003898
                     21.500000                   3909.724365                      0.999382                     21.489393                      0.005969                      0.000023                      0.003907
                     21.600000                   3901.417725                      0.999551                     21.589338                      0.005997                      0.000024                      0.003900
                     21.700001                   3901.250000                      0.999551                     21.689295                      0.006025                      0.000024                      0.003899
                     21.799999                   3898.397217                      0.999636                     21.789253                      0.006053                      0.000024                      0.003897
                     21.900000                   3904.690186                      0.999466                     21.889208                      0.006080                      0.000024                      0.003903
                     22.000000                   3901.837402                      0.999636                     21.989164                      0.006108                      0.000024                      0.003900
                     22.100000                   3903.599365                      0.999636                     22.089127                      0.006136                      0.000024                      0.003902
                     22.200001                   3905.445312                      0.999382                     22.189079                      0.006164                      0.000024                      0.003903
                     22.299999                   3901.921143                      0.999382                     22.289017                      0.006191                      0.000024                      0.003900
                     22.400000                   3904.354492                      0.999466                     22.388960                      0.006219                      0.000024                      0.003902
                     22.500000                   3902.424805                      0.999382                     22.488901                      0.006247                      0.000025                      0.003900
                     22.600000                   3902.928223                      0.999466                     22.588844                      0.006275                      0.000025                      0.003901
                     22.700001                   3900.494873                      0.999551                     22.688795                      0.006302                      0.000025                      0.003899
                     22.799999                   3900.914551                      0.999466                     22.788746                      0.006330                      0.000025                      0.003899
                     22.900000                   3904.690186                      0.999636                     22.888700                      0.006358                      0.000025                      0.003903
                     23.000000                   3900.075439                      0.999042                     22.988634                      0.006386                      0.000025                      0.003896
                     23.100000                   3905.445312                      0.999551                     23.088564                      0.006413                      0.000025                      0.003904
                     23.200001                   3904.354492                      0.999551                     23.188519                      0.006441                      0.000025                      0.003903
                     23.299999                   3904.019043                      0.999382                     23.288465                      0.006469                      0.000025                      0.003902
                     23.400000                   3902.089355                      0.999551                     23.388412                      0.006497                      0.000026                      0.003900
                     23.500000                   3903.179932                      0.999806                     23.488380                      0.006525                      0.000026                      0.003902
                     23.600000                   3902.089355                      0.999382                     23.588341                      0.006552                      0.000026                      0.003900
                     23.700001                   3904.019043                      0.999636                     23.688292                      0.006580                      0.000026                      0.003903
                     23.799999                   3904.354492                      0.999551                     23.788250                      0.006608                      0.000026                      0.003903
                     23.900000                   3907.123535                      0.999551                     23.888205                      0.006636                      0.000026                      0.003905
                     24.000000                   3899.236328                      0.999551                     23.988161                      0.006663                      0.000026                      0.003897
                     24.100000                   3900.662598                      0.999382                     24.088106                      0.006691                      0.000026                      0.003898
                     24.200001                   3899.236328                      0.999551                     24.188053                      0.006719                      0.000026                      0.003897
                     24.299999                   3899.739990                      0.999212                     24.287992                      0.006747                      0.000027                      0.003897
                     24.400000                   3899.152588                      0.999551                     24.387930                      0.006774                      0.000027                      0.003897
                     24.500000                   3900.998535                      0.999382                     24.487877                      0.006802                      0.000027                      0.003899
                     24.600000                   3902.173096                      0.999297                     24.587811                      0.006830                      0.000027                      0.003899
                     24.700001                   3900.494873                      0.999551                     24.687754                      0.006858                      0.000027                      0.003899
                     24.799999                   3900.243408                      0.999551                     24.787708                      0.006885                      0.000027                      0.003898
                     24.900000                   3899.656006                      0.999297                     24.887650                      0.006913                      0.000027                      0.003897
                     25.000000                   3903.767090                      0.999466                     24.987589                      0.006941                      0.000027                      0.003902
                     25.100000                   3900.662598                      0.999466                     25.087536                      0.006969                      0.000027                      0.003899
                     25.200001                   3898.061768                      0.999382                     25.187477                      0.006997                      0.000027                      0.003896
                     25.299999                   3896.131836                      0.999551                     25.287424                      0.007024                      0.000028                      0.003894
                     25.400000                   3900.327148                      0.999806                     25.387392                      0.007052                      0.000028                      0.003900
                     25.500000                   3900.411133                      0.999466                     25.487356                      0.007080                      0.000028                      0.003898
                     25.600000                   3902.760498                      0.999382                     25.587297                      0.007108                      0.000028                      0.003900
                     25.700001                   3896.886963                      0.999636                     25.687248                      0.007135                      0.000028                      0.003895
                     25.799999                   3899.739990                      0.999466                     25.787205                      0.007163                      0.000028                      0.003898
                     25.900000                   3900.411133                      0.999466                     25.887152                      0.007191                      0.000028                      0.003898
                     26.000000                   3902.005127                      0.999551                     25.987103                      0.007219                      0.000028                      0.003900
                     26.100000                   3902.760498                      0.999127                     26.087036                      0.007246                      0.000028                      0.003899
                     26.200001                   3900.159180                      0.999297                     26.186956                      0.007274                      0.000029                      0.003897
                     26.299999                   3898.061768                      0.999636                     26.286903                      0.007302                      0.000029                      0.003897
                     26.400000                   3895.544678                      0.999382                     26.386854                      0.007330                      0.000029                      0.003893
                     26.500000                   3895.460693                      0.999466                     26.486797                      0.007357                      0.000029                      0.003893
                     26.600000                   3893.614502                      0.999212                     26.586731                      0.007385                      0.000029                      0.003891
                     26.700001                   3893.950195                      0.999466                     26.686665                      0.007413                      0.000029                      0.003892
                     26.799999                   3896.886963                      0.999297                     26.786602                      0.007441                      0.000029                      0.003894
                     26.900000                   3900.327148                      0.999382                     26.886538                      0.007468                      0.000029                      0.003898
                     27.000000                   3898.061768                      0.999466                     26.986479                      0.007496                      0.000029                      0.003896
                     27.100000                   3898.984619                      0.999382                     27.086422                      0.007524                      0.000030                      0.003897
                     27.200001                   3899.656006                      0.999551                     27.186369                      0.007552                      0.000030                      0.003898
                     27.299999                   3897.138672                      0.999297                     27.286310                      0.007580                      0.000030                      0.003894
                     27.400000                   3899.152588                      0.999212                     27.386236                      0.007607                      0.000030                      0.003896
                     27.500000                   3898.816895                      0.999636                     27.486179                      0.007635                      0.000030                      0.003897
                     27.600000                   3898.145508                      0.999721                     27.586145                      0.007663                      0.000030                      0.003897
                     27.700001                   3898.229492                      0.999721                     27.686119                      0.007691                      0.000030                      0.003897
                     27.799999                   3897.558350                      0.999551                     27.786081                      0.007718                      0.000030                      0.003896
                     27.900000                   3895.460693                      0.999551                     27.886038                      0.007746                      0.000030                      0.003894
                     28.000000                   3899.991455                      0.999636                     27.985996                      0.007774                      0.000031                      0.003899
                     28.100000                   3897.222412                      0.999551                     28.085957                      0.007802                      0.000031                      0.003895
                     28.200001                   3899.236328                      0.999636                     28.185915                      0.007829                      0.000031                      0.003898
                     28.299999                   3899.320312                      0.999636                     28.285879                      0.007857                      0.000031                      0.003898
                     28.400000                   3897.138672                      0.999127                     28.385817                      0.007885                      0.000031                      0.003894
                     28.500000                   3899.823730                      0.999551                     28.485750                      0.007913                      0.000031                      0.003898
                     28.600000                   3899.236328                      0.999466                     28.585701                      0.007940                      0.000031                      0.003897
                     28.700001                   3900.494873                      0.999297                     28.685640                      0.007968                      0.000031                      0.003898
                     28.799999                   3884.804688                      0.999466                     28.785578                      0.007996                      0.000031                      0.003883
                     28.900000                   3882.623047                      0.999297                     28.885517                      0.008024                      0.000031                      0.003880
                     29.000000                   3879.686279                      0.999636                     28.985462                      0.008052                      0.000032                      0.003878
                     29.100000                   3882.791016                      0.999297                     29.085409                      0.008079                      0.000032                      0.003880
                     29.200001                   3887.070068                      0.999551                     29.185352                      0.008107                      0.000032                      0.003885
                     29.299999                   3886.566650                      0.999466                     29.285303                      0.008135                      0.000032                      0.003884
                     29.400000                   3888.580322                      0.999127                     29.385233                      0.008163                      0.000032                      0.003885
                     29.500000                   3888.328613                      0.999551                     29.485167                      0.008190                      0.000032                      0.003887
                     29.600000                   3889.922852                      0.999636                     29.585125                      0.008218                      0.000032                      0.003889
                     29.700001                   3890.761963                      0.999127                     29.685064                      0.008246                      0.000032                      0.003887
                     29.799999                   3891.517090                      0.999636                     29.785002                      0.008274                      0.000032                      0.003890
