                       Time(s)                         E(mV)                         I(mA)                         Q(mC)                 Capacity(mAh)                    Energy(Wh)                          P(W)
                      0.100000                   1725.252319                      0.998958                      0.099896                      0.000028                      0.000000                      0.001723
                      0.200000                   1731.964722                      0.998958                      0.199792                      0.000055                      0.000000                      0.001730
                      0.300000                   1738.005981                      0.998873                      0.299683                      0.000083                      0.000000                      0.001736
                      0.400000                   1742.956421                      0.998788                      0.399566                      0.000111                      0.000000                      0.001741
                      0.500000                   1747.990601                      0.998958                      0.499453                      0.000139                      0.000000                      0.001746
                      0.600000                   1752.269775                      0.998788                      0.599341                      0.000166                      0.000000                      0.001750
                      0.700000                   1756.465088                      0.999127                      0.699236                      0.000194                      0.000000                      0.001755
                      0.800000                   1759.989136                      0.998788                      0.799132                      0.000222                      0.000000                      0.001758
                      0.900000                   1763.764771                      0.998788                      0.899011                      0.000250                      0.000000                      0.001762
                      1.000000                   1767.204956                      0.999297                      0.998915                      0.000277                      0.000000                      0.001766
                      1.100000                   1770.896851                      0.998958                      1.098828                      0.000305                      0.000001                      0.001769
                      1.200000                   1774.336914                      0.998958                      1.198724                      0.000333                      0.000001                      0.001772
                      1.300000                   1777.021851                      0.998873                      1.298615                      0.000361                      0.000001                      0.001775
                      1.400000                   1780.378052                      0.999127                      1.398515                      0.000388                      0.000001                      0.001779
                      1.500000                   1783.230835                      0.998958                      1.498419                      0.000416                      0.000001                      0.001781
                      1.600000                   1785.915894                      0.998873                      1.598311                      0.000444                      0.000001                      0.001784
                      1.700000                   1788.852417                      0.998958                      1.698202                      0.000472                      0.000001                      0.001787
                      1.800000                   1791.285889                      0.999127                      1.798107                      0.000499                      0.000001                      0.001790
                      1.900000                   1793.802979                      0.998873                      1.898007                      0.000527                      0.000001                      0.001792
                      2.000000                   1796.403931                      0.999297                      1.997915                      0.000555                      0.000001                      0.001795
                      2.100000                   1798.921143                      0.998958                      2.097828                      0.000583                      0.000001                      0.001797
                      2.200000                   1801.102661                      0.998958                      2.197724                      0.000610                      0.000001                      0.001799
                      2.300000                   1803.368042                      0.999127                      2.297628                      0.000638                      0.000001                      0.001802
                      2.400000                   1805.801270                      0.999042                      2.397536                      0.000666                      0.000001                      0.001804
                      2.500000                   1807.647339                      0.999212                      2.497449                      0.000694                      0.000001                      0.001806
                      2.600000                   1809.828857                      0.999212                      2.597370                      0.000721                      0.000001                      0.001808
                      2.700000                   1811.926514                      0.999042                      2.697283                      0.000749                      0.000001                      0.001810
                      2.800000                   1813.940186                      0.999042                      2.797187                      0.000777                      0.000001                      0.001812
                      2.900000                   1815.953857                      0.999042                      2.897091                      0.000805                      0.000001                      0.001814
                      3.000000                   1817.715942                      0.999212                      2.997004                      0.000833                      0.000001                      0.001816
                      3.100000                   1819.729736                      0.999042                      3.096917                      0.000860                      0.000002                      0.001818
                      3.200000                   1821.743286                      0.998873                      3.196813                      0.000888                      0.000002                      0.001820
                      3.300000                   1823.505371                      0.999212                      3.296717                      0.000916                      0.000002                      0.001822
                      3.400000                   1825.351318                      0.999212                      3.396638                      0.000944                      0.000002                      0.001824
                      3.500000                   1827.029419                      0.998958                      3.496547                      0.000971                      0.000002                      0.001825
                      3.600000                   1828.791504                      0.999127                      3.596451                      0.000999                      0.000002                      0.001827
                      3.700000                   1830.469482                      0.999127                      3.696363                      0.001027                      0.000002                      0.001829
                      3.800000                   1832.399292                      0.999042                      3.796272                      0.001055                      0.000002                      0.001831
                      3.900000                   1833.993530                      0.999297                      3.896189                      0.001082                      0.000002                      0.001833
                      4.000000                   1835.335938                      0.998958                      3.996102                      0.001110                      0.000002                      0.001833
                      4.100000                   1837.181885                      0.999212                      4.096010                      0.001138                      0.000002                      0.001836
                      4.200000                   1838.440430                      0.999127                      4.195928                      0.001166                      0.000002                      0.001837
                      4.300000                   1840.370361                      0.999042                      4.295836                      0.001193                      0.000002                      0.001839
                      4.400000                   1841.880615                      0.998958                      4.395736                      0.001221                      0.000002                      0.001840
                      4.500000                   1843.474854                      0.999127                      4.495640                      0.001249                      0.000002                      0.001842
                      4.600000                   1845.068970                      0.999212                      4.595557                      0.001277                      0.000002                      0.001844
                      4.700000                   1846.411499                      0.999127                      4.695474                      0.001304                      0.000002                      0.001845
                      4.800000                   1848.005737                      0.998873                      4.795374                      0.001332                      0.000002                      0.001846
                      4.900000                   1849.599854                      0.999042                      4.895270                      0.001360                      0.000002                      0.001848
                      5.000000                   1851.026245                      0.999127                      4.995178                      0.001388                      0.000002                      0.001849
                      5.100000                   1852.536621                      0.999127                      5.095091                      0.001415                      0.000003                      0.001851
                      5.200000                   1854.046875                      0.999042                      5.195000                      0.001443                      0.000003                      0.001852
                      5.300000                   1855.305420                      0.999042                      5.294904                      0.001471                      0.000003                      0.001854
                      5.400000                   1856.815674                      0.999212                      5.394816                      0.001499                      0.000003                      0.001855
                      5.500000                   1858.074219                      0.999127                      5.494733                      0.001526                      0.000003                      0.001856
                      5.600000                   1859.416870                      0.999127                      5.594646                      0.001554                      0.000003                      0.001858
                      5.700000                   1861.010986                      0.999042                      5.694555                      0.001582                      0.000003                      0.001859
                      5.800000                   1862.605103                      0.999127                      5.794463                      0.001610                      0.000003                      0.001861
                      5.900000                   1863.863770                      0.999042                      5.894372                      0.001637                      0.000003                      0.001862
                      6.000000                   1865.290161                      0.999212                      5.994284                      0.001665                      0.000003                      0.001864
                      6.100000                   1866.632690                      0.999212                      6.094205                      0.001693                      0.000003                      0.001865
                      6.200000                   1867.807251                      0.999042                      6.194118                      0.001721                      0.000003                      0.001866
                      6.300000                   1869.149780                      0.999042                      6.294023                      0.001748                      0.000003                      0.001867
                      6.400000                   1870.492188                      0.999127                      6.393931                      0.001776                      0.000003                      0.001869
                      6.500000                   1871.918701                      0.999042                      6.493839                      0.001804                      0.000003                      0.001870
                      6.600000                   1873.428955                      0.999042                      6.593744                      0.001832                      0.000003                      0.001872
                      6.700000                   1874.351929                      0.999042                      6.693648                      0.001859                      0.000003                      0.001873
                      6.800000                   1876.113892                      0.998958                      6.793548                      0.001887                      0.000003                      0.001874
                      6.900000                   1877.288574                      0.998873                      6.893439                      0.001915                      0.000003                      0.001875
                      7.000000                   1878.547241                      0.998958                      6.993331                      0.001943                      0.000004                      0.001877
                      7.100000                   1879.805786                      0.998958                      7.093227                      0.001970                      0.000004                      0.001878
                      7.200000                   1881.148315                      0.998788                      7.193114                      0.001998                      0.000004                      0.001879
                      7.300000                   1882.574585                      0.999042                      7.293005                      0.002026                      0.000004                      0.001881
                      7.400000                   1883.749268                      0.998958                      7.392906                      0.002054                      0.000004                      0.001882
                      7.500000                   1884.923950                      0.999127                      7.492810                      0.002081                      0.000004                      0.001883
                      7.600000                   1886.350342                      0.998873                      7.592710                      0.002109                      0.000004                      0.001884
                      7.700000                   1887.525024                      0.998958                      7.692601                      0.002137                      0.000004                      0.001886
                      7.800000                   1888.783691                      0.999212                      7.792510                      0.002165                      0.000004                      0.001887
                      7.900000                   1889.958374                      0.999212                      7.892431                      0.002192                      0.000004                      0.001888
                      8.000000                   1891.384644                      0.999382                      7.992361                      0.002220                      0.000004                      0.001890
                      8.100000                   1892.391602                      0.999127                      8.092286                      0.002248                      0.000004                      0.001891
                      8.200000                   1893.734009                      0.999127                      8.192199                      0.002276                      0.000004                      0.001892
                      8.300000                   1894.740967                      0.999212                      8.292115                      0.002303                      0.000004                      0.001893
                      8.400000                   1896.251099                      0.998958                      8.392024                      0.002331                      0.000004                      0.001894
                      8.500000                   1897.593628                      0.999212                      8.491932                      0.002359                      0.000004                      0.001896
                      8.600000                   1898.684326                      0.999042                      8.591845                      0.002387                      0.000004                      0.001897
                      8.700000                   1900.026978                      0.999212                      8.691757                      0.002414                      0.000004                      0.001899
                      8.800000                   1901.033691                      0.999042                      8.791671                      0.002442                      0.000004                      0.001899
                      8.900000                   1902.376343                      0.998958                      8.891570                      0.002470                      0.000005                      0.001900
                      9.000000                   1903.551025                      0.998873                      8.991462                      0.002498                      0.000005                      0.001901
                      9.100000                   1904.809570                      0.999127                      9.091362                      0.002525                      0.000005                      0.001903
                      9.200000                   1905.816406                      0.999127                      9.191275                      0.002553                      0.000005                      0.001904
                      9.300000                   1907.326660                      0.999127                      9.291187                      0.002581                      0.000005                      0.001906
                      9.400000                   1908.501343                      0.999042                      9.391096                      0.002609                      0.000005                      0.001907
                      9.500000                   1909.592163                      0.999127                      9.491004                      0.002636                      0.000005                      0.001908
                      9.600000                   1910.850708                      0.998958                      9.590908                      0.002664                      0.000005                      0.001909
                      9.700000                   1911.857544                      0.999042                      9.690808                      0.002692                      0.000005                      0.001910
                      9.800000                   1913.032227                      0.999127                      9.790717                      0.002720                      0.000005                      0.001911
                      9.900000                   1914.458618                      0.999297                      9.890638                      0.002747                      0.000005                      0.001913
                     10.000000                   1915.549316                      0.999042                      9.990555                      0.002775                      0.000005                      0.001914
                     10.100000                   1916.640137                      0.999212                     10.090467                      0.002803                      0.000005                      0.001915
                     10.200000                   1917.814819                      0.998958                     10.190376                      0.002831                      0.000005                      0.001916
                     10.300000                   1918.821655                      0.999127                     10.290280                      0.002858                      0.000005                      0.001917
                     10.400000                   1920.248047                      0.999127                     10.390193                      0.002886                      0.000005                      0.001919
                     10.500000                   1921.338745                      0.999212                     10.490110                      0.002914                      0.000005                      0.001920
                     10.600000                   1922.513428                      0.998873                     10.590014                      0.002942                      0.000005                      0.001920
                     10.700000                   1923.520386                      0.999127                     10.689915                      0.002969                      0.000005                      0.001922
                     10.800000                   1925.030762                      0.999212                     10.789831                      0.002997                      0.000006                      0.001924
                     10.900000                   1925.953613                      0.999382                     10.889761                      0.003025                      0.000006                      0.001925
                     11.000000                   1927.044312                      0.999127                     10.989687                      0.003053                      0.000006                      0.001925
                     11.100000                   1928.386963                      0.998958                     11.089591                      0.003080                      0.000006                      0.001926
                     11.200000                   1929.393677                      0.999127                     11.189495                      0.003108                      0.000006                      0.001928
                     11.300000                   1930.652344                      0.999212                     11.289412                      0.003136                      0.000006                      0.001929
                     11.400000                   1931.407471                      0.999212                     11.389333                      0.003164                      0.000006                      0.001930
                     11.500000                   1932.833740                      0.999127                     11.489250                      0.003191                      0.000006                      0.001931
                     11.600000                   1933.672852                      0.999127                     11.589163                      0.003219                      0.000006                      0.001932
                     11.700000                   1935.099243                      0.999042                     11.689072                      0.003247                      0.000006                      0.001933
                     11.800000                   1936.022217                      0.998958                     11.788971                      0.003275                      0.000006                      0.001934
                     11.900000                   1937.448730                      0.999042                     11.888871                      0.003302                      0.000006                      0.001936
                     12.000000                   1938.287598                      0.998873                     11.988768                      0.003330                      0.000006                      0.001936
                     12.100000                   1939.714111                      0.999297                     12.088675                      0.003358                      0.000006                      0.001938
                     12.200000                   1940.553101                      0.998958                     12.188588                      0.003386                      0.000006                      0.001939
                     12.300000                   1941.895508                      0.999297                     12.288501                      0.003413                      0.000006                      0.001941
                     12.400000                   1942.986328                      0.998958                     12.388413                      0.003441                      0.000006                      0.001941
                     12.500000                   1943.825439                      0.998958                     12.488310                      0.003469                      0.000006                      0.001942
                     12.600000                   1944.916138                      0.999042                     12.588209                      0.003497                      0.000007                      0.001943
                     12.700000                   1946.258667                      0.998958                     12.688109                      0.003524                      0.000007                      0.001944
                     12.800000                   1947.181641                      0.999042                     12.788010                      0.003552                      0.000007                      0.001945
                     12.900000                   1948.188477                      0.999042                     12.887914                      0.003580                      0.000007                      0.001946
                     13.000000                   1949.447021                      0.999042                     12.987818                      0.003608                      0.000007                      0.001948
                     13.100000                   1950.453979                      0.999212                     13.087730                      0.003635                      0.000007                      0.001949
                     13.200000                   1951.796387                      0.998873                     13.187635                      0.003663                      0.000007                      0.001950
                     13.300000                   1952.803223                      0.998873                     13.287522                      0.003691                      0.000007                      0.001951
                     13.400000                   1953.810181                      0.998958                     13.387414                      0.003719                      0.000007                      0.001952
                     13.500000                   1954.817017                      0.999042                     13.487314                      0.003746                      0.000007                      0.001953
                     13.600000                   1956.159546                      0.999127                     13.587222                      0.003774                      0.000007                      0.001954
                     13.700000                   1956.998535                      0.999042                     13.687131                      0.003802                      0.000007                      0.001955
                     13.800000                   1958.089355                      0.999127                     13.787039                      0.003830                      0.000007                      0.001956
                     13.900000                   1959.515747                      0.998788                     13.886935                      0.003857                      0.000007                      0.001957
                     14.000000                   1960.354858                      0.999127                     13.986831                      0.003885                      0.000007                      0.001959
                     14.100000                   1961.445557                      0.998958                     14.086735                      0.003913                      0.000007                      0.001959
                     14.200000                   1962.536377                      0.999042                     14.186635                      0.003941                      0.000007                      0.001961
                     14.300000                   1963.794922                      0.999127                     14.286544                      0.003968                      0.000007                      0.001962
                     14.400000                   1964.549927                      0.998788                     14.386439                      0.003996                      0.000007                      0.001962
                     14.500000                   1965.724609                      0.998618                     14.486310                      0.004024                      0.000008                      0.001963
                     14.600000                   1966.815430                      0.998958                     14.586188                      0.004052                      0.000008                      0.001965
                     14.700000                   1967.822266                      0.999212                     14.686097                      0.004079                      0.000008                      0.001966
                     14.800000                   1968.745239                      0.999042                     14.786010                      0.004107                      0.000008                      0.001967
                     14.900000                   1969.919922                      0.998958                     14.885910                      0.004135                      0.000008                      0.001968
                     15.000000                   1970.842896                      0.998703                     14.985792                      0.004163                      0.000008                      0.001968
                     15.100000                   1972.101440                      0.998873                     15.085671                      0.004190                      0.000008                      0.001970
                     15.200000                   1973.024414                      0.999212                     15.185575                      0.004218                      0.000008                      0.001971
                     15.300000                   1974.199097                      0.999212                     15.285497                      0.004246                      0.000008                      0.001973
                     15.400000                   1975.206055                      0.999042                     15.385409                      0.004274                      0.000008                      0.001973
                     15.500000                   1976.296753                      0.999382                     15.485331                      0.004301                      0.000008                      0.001975
                     15.600000                   1977.135864                      0.998873                     15.585243                      0.004329                      0.000008                      0.001975
                     15.700000                   1978.310547                      0.998958                     15.685135                      0.004357                      0.000008                      0.001976
                     15.800000                   1979.401367                      0.998958                     15.785030                      0.004385                      0.000008                      0.001977
                     15.900000                   1980.492065                      0.999212                     15.884939                      0.004412                      0.000008                      0.001979
                     16.000000                   1981.582764                      0.998958                     15.984848                      0.004440                      0.000008                      0.001980
                     16.100000                   1982.337891                      0.999212                     16.084757                      0.004468                      0.000008                      0.001981
                     16.200001                   1983.680420                      0.999127                     16.184673                      0.004496                      0.000008                      0.001982
                     16.299999                   1984.603394                      0.998873                     16.284573                      0.004523                      0.000009                      0.001982
                     16.400000                   1985.694092                      0.998873                     16.384460                      0.004551                      0.000009                      0.001983
                     16.500000                   1986.617065                      0.999127                     16.484360                      0.004579                      0.000009                      0.001985
                     16.600000                   1987.288452                      0.999042                     16.584269                      0.004607                      0.000009                      0.001985
                     16.700001                   1988.714722                      0.998958                     16.684170                      0.004634                      0.000009                      0.001987
                     16.799999                   1989.637695                      0.999127                     16.784073                      0.004662                      0.000009                      0.001988
                     16.900000                   1990.728516                      0.999127                     16.883986                      0.004690                      0.000009                      0.001989
                     17.000000                   1991.651367                      0.999042                     16.983894                      0.004718                      0.000009                      0.001990
                     17.100000                   1992.742065                      0.999212                     17.083807                      0.004746                      0.000009                      0.001991
                     17.200001                   1993.749023                      0.999042                     17.183720                      0.004773                      0.000009                      0.001992
                     17.299999                   1994.588135                      0.999127                     17.283628                      0.004801                      0.000009                      0.001993
                     17.400000                   1995.678833                      0.999042                     17.383537                      0.004829                      0.000009                      0.001994
                     17.500000                   1997.021362                      0.999127                     17.483446                      0.004857                      0.000009                      0.001995
                     17.600000                   1997.944336                      0.999382                     17.583370                      0.004884                      0.000009                      0.001997
                     17.700001                   1998.699463                      0.999297                     17.683304                      0.004912                      0.000009                      0.001997
                     17.799999                   2000.041992                      0.999212                     17.783230                      0.004940                      0.000009                      0.001998
                     17.900000                   2000.713135                      0.999042                     17.883142                      0.004968                      0.000009                      0.001999
                     18.000000                   2001.803833                      0.999212                     17.983055                      0.004995                      0.000009                      0.002000
                     18.100000                   2002.642944                      0.999127                     18.082972                      0.005023                      0.000010                      0.002001
                     18.200001                   2003.649902                      0.999127                     18.182884                      0.005051                      0.000010                      0.002002
                     18.299999                   2004.740601                      0.998958                     18.282789                      0.005079                      0.000010                      0.002003
                     18.400000                   2005.663574                      0.999127                     18.382694                      0.005106                      0.000010                      0.002004
                     18.500000                   2006.754395                      0.998958                     18.482597                      0.005134                      0.000010                      0.002005
                     18.600000                   2007.509399                      0.999212                     18.582506                      0.005162                      0.000010                      0.002006
                     18.700001                   2008.767944                      0.998958                     18.682415                      0.005190                      0.000010                      0.002007
                     18.799999                   2009.774902                      0.999127                     18.782320                      0.005217                      0.000010                      0.002008
                     18.900000                   2010.530029                      0.999212                     18.882236                      0.005245                      0.000010                      0.002009
                     19.000000                   2011.704712                      0.999212                     18.982157                      0.005273                      0.000010                      0.002010
                     19.100000                   2012.459961                      0.999212                     19.082079                      0.005301                      0.000010                      0.002011
                     19.200001                   2013.718506                      0.999212                     19.181999                      0.005328                      0.000010                      0.002012
                     19.299999                   2014.725342                      0.999382                     19.281929                      0.005356                      0.000010                      0.002013
                     19.400000                   2015.648315                      0.999466                     19.381872                      0.005384                      0.000010                      0.002015
                     19.500000                   2016.655151                      0.999297                     19.481810                      0.005412                      0.000010                      0.002015
                     19.600000                   2017.410278                      0.999212                     19.581736                      0.005439                      0.000010                      0.002016
                     19.700001                   2018.501099                      0.999297                     19.681662                      0.005467                      0.000010                      0.002017
                     19.799999                   2019.424072                      0.999127                     19.781582                      0.005495                      0.000010                      0.002018
                     19.900000                   2020.179199                      0.999212                     19.881498                      0.005523                      0.000011                      0.002019
                     20.000000                   2021.269897                      0.999466                     19.981432                      0.005550                      0.000011                      0.002020
                     20.100000                   2022.276733                      0.999127                     20.081362                      0.005578                      0.000011                      0.002021
                     20.200001                   2023.115845                      0.999212                     20.181280                      0.005606                      0.000011                      0.002022
                     20.299999                   2023.954956                      0.999212                     20.281200                      0.005634                      0.000011                      0.002022
                     20.400000                   2025.297363                      0.999212                     20.381123                      0.005661                      0.000011                      0.002024
                     20.500000                   2026.388184                      0.999212                     20.481043                      0.005689                      0.000011                      0.002025
                     20.600000                   2027.059448                      0.999127                     20.580959                      0.005717                      0.000011                      0.002025
                     20.700001                   2028.234131                      0.998958                     20.680864                      0.005745                      0.000011                      0.002026
                     20.799999                   2029.073120                      0.999212                     20.780773                      0.005772                      0.000011                      0.002027
                     20.900000                   2029.744385                      0.999212                     20.880693                      0.005800                      0.000011                      0.002028
                     21.000000                   2030.919067                      0.999042                     20.980606                      0.005828                      0.000011                      0.002029
                     21.100000                   2031.925903                      0.998873                     21.080502                      0.005856                      0.000011                      0.002030
                     21.200001                   2033.016724                      0.998958                     21.180393                      0.005883                      0.000011                      0.002031
                     21.299999                   2033.771851                      0.998873                     21.280285                      0.005911                      0.000011                      0.002031
                     21.400000                   2034.694702                      0.998958                     21.380177                      0.005939                      0.000011                      0.002033
                     21.500000                   2035.533813                      0.998873                     21.480068                      0.005967                      0.000011                      0.002033
                     21.600000                   2036.205078                      0.998873                     21.579956                      0.005994                      0.000011                      0.002034
                     21.700001                   2037.212036                      0.998873                     21.679844                      0.006022                      0.000012                      0.002035
                     21.799999                   2038.386719                      0.998788                     21.779726                      0.006050                      0.000012                      0.002036
                     21.900000                   2039.477417                      0.999042                     21.879618                      0.006078                      0.000012                      0.002038
                     22.000000                   2040.316406                      0.999127                     21.979527                      0.006105                      0.000012                      0.002039
                     22.100000                   2040.903809                      0.998958                     22.079430                      0.006133                      0.000012                      0.002039
                     22.200001                   2042.078491                      0.999127                     22.179335                      0.006161                      0.000012                      0.002040
                     22.299999                   2043.169189                      0.998958                     22.279240                      0.006189                      0.000012                      0.002041
                     22.400000                   2043.840332                      0.999297                     22.379152                      0.006216                      0.000012                      0.002042
                     22.500000                   2045.015015                      0.999212                     22.479076                      0.006244                      0.000012                      0.002043
                     22.600000                   2046.021973                      0.999042                     22.578989                      0.006272                      0.000012                      0.002044
                     22.700001                   2046.777100                      0.998958                     22.678890                      0.006300                      0.000012                      0.002045
                     22.799999                   2047.616211                      0.998703                     22.778772                      0.006327                      0.000012                      0.002045
                     22.900000                   2048.539307                      0.998958                     22.878656                      0.006355                      0.000012                      0.002046
                     23.000000                   2049.713867                      0.999297                     22.978569                      0.006383                      0.000012                      0.002048
                     23.100000                   2050.804688                      0.998958                     23.078482                      0.006411                      0.000012                      0.002049
                     23.200001                   2051.224121                      0.999382                     23.178398                      0.006438                      0.000012                      0.002050
                     23.299999                   2052.063232                      0.999212                     23.278328                      0.006466                      0.000012                      0.002050
                     23.400000                   2053.154053                      0.999212                     23.378248                      0.006494                      0.000013                      0.002052
                     23.500000                   2053.908936                      0.999212                     23.478170                      0.006522                      0.000013                      0.002052
                     23.600000                   2054.832031                      0.998873                     23.578075                      0.006549                      0.000013                      0.002053
                     23.700001                   2055.838867                      0.999297                     23.677982                      0.006577                      0.000013                      0.002054
                     23.799999                   2056.677979                      0.999382                     23.777918                      0.006605                      0.000013                      0.002055
                     23.900000                   2057.768799                      0.998873                     23.877831                      0.006633                      0.000013                      0.002055
                     24.000000                   2058.691650                      0.999382                     23.977743                      0.006660                      0.000013                      0.002057
                     24.100000                   2059.446777                      0.998873                     24.077656                      0.006688                      0.000013                      0.002057
                     24.200001                   2060.621338                      0.999127                     24.177555                      0.006716                      0.000013                      0.002059
                     24.299999                   2061.376709                      0.999042                     24.277464                      0.006744                      0.000013                      0.002059
                     24.400000                   2062.131836                      0.998788                     24.377356                      0.006771                      0.000013                      0.002060
                     24.500000                   2062.886963                      0.999127                     24.477251                      0.006799                      0.000013                      0.002061
                     24.600000                   2063.893799                      0.999127                     24.577164                      0.006827                      0.000013                      0.002062
                     24.700001                   2064.984619                      0.998958                     24.677069                      0.006855                      0.000013                      0.002063
                     24.799999                   2065.739746                      0.998873                     24.776958                      0.006882                      0.000013                      0.002063
                     24.900000                   2066.746582                      0.999042                     24.876856                      0.006910                      0.000013                      0.002065
                     25.000000                   2067.501709                      0.998873                     24.976751                      0.006938                      0.000013                      0.002065
                     25.100000                   2068.676270                      0.998958                     25.076643                      0.006966                      0.000013                      0.002067
                     25.200001                   2069.431641                      0.999212                     25.176550                      0.006993                      0.000014                      0.002068
                     25.299999                   2070.186768                      0.999042                     25.276464                      0.007021                      0.000014                      0.002068
                     25.400000                   2071.109619                      0.999127                     25.376371                      0.007049                      0.000014                      0.002069
                     25.500000                   2072.200439                      0.999042                     25.476280                      0.007077                      0.000014                      0.002070
                     25.600000                   2072.787842                      0.999042                     25.576185                      0.007104                      0.000014                      0.002071
                     25.700001                   2073.626953                      0.999212                     25.676098                      0.007132                      0.000014                      0.002072
                     25.799999                   2074.969238                      0.999042                     25.776011                      0.007160                      0.000014                      0.002073
                     25.900000                   2075.472656                      0.999127                     25.875919                      0.007188                      0.000014                      0.002074
                     26.000000                   2076.479492                      0.999212                     25.975836                      0.007216                      0.000014                      0.002075
                     26.100000                   2077.318604                      0.998958                     26.075745                      0.007243                      0.000014                      0.002075
                     26.200001                   2078.325439                      0.999297                     26.175657                      0.007271                      0.000014                      0.002077
                     26.299999                   2078.996582                      0.998958                     26.275570                      0.007299                      0.000014                      0.002077
                     26.400000                   2079.751953                      0.999127                     26.375473                      0.007327                      0.000014                      0.002078
                     26.500000                   2080.842529                      0.999297                     26.475395                      0.007354                      0.000014                      0.002079
                     26.600000                   2081.765625                      0.999042                     26.575312                      0.007382                      0.000014                      0.002080
                     26.700001                   2082.520752                      0.998873                     26.675207                      0.007410                      0.000014                      0.002080
                     26.799999                   2083.443604                      0.998873                     26.775095                      0.007438                      0.000014                      0.002081
                     26.900000                   2084.198730                      0.999127                     26.874994                      0.007465                      0.000015                      0.002082
                     27.000000                   2084.786377                      0.998873                     26.974895                      0.007493                      0.000015                      0.002082
                     27.100000                   2085.876953                      0.998958                     27.074787                      0.007521                      0.000015                      0.002084
                     27.200001                   2086.716064                      0.999042                     27.174686                      0.007549                      0.000015                      0.002085
                     27.299999                   2087.722900                      0.999127                     27.274595                      0.007576                      0.000015                      0.002086
                     27.400000                   2088.729736                      0.999042                     27.374504                      0.007604                      0.000015                      0.002087
                     27.500000                   2089.401123                      0.998873                     27.474400                      0.007632                      0.000015                      0.002087
                     27.600000                   2090.407715                      0.998958                     27.574291                      0.007660                      0.000015                      0.002088
                     27.700001                   2091.162842                      0.999127                     27.674194                      0.007687                      0.000015                      0.002089
                     27.799999                   2091.918213                      0.999127                     27.774107                      0.007715                      0.000015                      0.002090
                     27.900000                   2092.673096                      0.999042                     27.874016                      0.007743                      0.000015                      0.002091
                     28.000000                   2093.596191                      0.998958                     27.973917                      0.007771                      0.000015                      0.002091
                     28.100000                   2094.435303                      0.999127                     28.073820                      0.007798                      0.000015                      0.002093
                     28.200001                   2095.190430                      0.999127                     28.173733                      0.007826                      0.000015                      0.002093
                     28.299999                   2096.029297                      0.998703                     28.273624                      0.007854                      0.000015                      0.002093
                     28.400000                   2097.120117                      0.999042                     28.373512                      0.007882                      0.000015                      0.002095
                     28.500000                   2097.791504                      0.999382                     28.473433                      0.007909                      0.000015                      0.002096
                     28.600000                   2098.966064                      0.999127                     28.573359                      0.007937                      0.000016                      0.002097
                     28.700001                   2099.385742                      0.999212                     28.673275                      0.007965                      0.000016                      0.002098
                     28.799999                   2100.308594                      0.999042                     28.773188                      0.007993                      0.000016                      0.002098
                     28.900000                   2101.399414                      0.999042                     28.873093                      0.008020                      0.000016                      0.002099
                     29.000000                   2102.238525                      0.999382                     28.973013                      0.008048                      0.000016                      0.002101
                     29.100000                   2102.909668                      0.999127                     29.072939                      0.008076                      0.000016                      0.002101
                     29.200001                   2103.916504                      0.998958                     29.172844                      0.008104                      0.000016                      0.002102
                     29.299999                   2104.587891                      0.999127                     29.272747                      0.008131                      0.000016                      0.002103
                     29.400000                   2105.594727                      0.999212                     29.372665                      0.008159                      0.000016                      0.002104
                     29.500000                   2106.265869                      0.999382                     29.472595                      0.008187                      0.000016                      0.002105
                     29.600000                   2107.272705                      0.999127                     29.572519                      0.008215                      0.000016                      0.002105
                     29.700001                   2107.776123                      0.999551                     29.672453                      0.008242                      0.000016                      0.002107
                     29.799999                   2108.783203                      0.999127                     29.772388                      0.008270                      0.000016                      0.002107
                     29.900000                   2109.622070                      0.999297                     29.872309                      0.008298                      0.000016                      0.002108
                     30.000000                   2110.545166                      0.999042                     29.972225                      0.008326                      0.000016                      0.002109
                     30.100000                   2111.132568                      0.999127                     30.072134                      0.008353                      0.000016                      0.002109
                     30.200001                   2112.307129                      0.999127                     30.172047                      0.008381                      0.000016                      0.002110
                     30.299999                   2112.894287                      0.999042                     30.271955                      0.008409                      0.000016                      0.002111
                     30.400000                   2113.649658                      0.999127                     30.371864                      0.008437                      0.000017                      0.002112
                     30.500000                   2114.656494                      0.998958                     30.471767                      0.008464                      0.000017                      0.002112
                     30.600000                   2115.159912                      0.999212                     30.571676                      0.008492                      0.000017                      0.002113
                     30.700001                   2116.082764                      0.999382                     30.671606                      0.008520                      0.000017                      0.002115
                     30.799999                   2117.005859                      0.998958                     30.771523                      0.008548                      0.000017                      0.002115
                     30.900000                   2117.928711                      0.998873                     30.871414                      0.008575                      0.000017                      0.002116
                     31.000000                   2118.683838                      0.999127                     30.971315                      0.008603                      0.000017                      0.002117
                     31.100000                   2119.522949                      0.999042                     31.071224                      0.008631                      0.000017                      0.002117
                     31.200001                   2120.194336                      0.998958                     31.171124                      0.008659                      0.000017                      0.002118
                     31.299999                   2121.033203                      0.999127                     31.271027                      0.008686                      0.000017                      0.002119
                     31.400000                   2121.872314                      0.999127                     31.370941                      0.008714                      0.000017                      0.002120
                     31.500000                   2122.543457                      0.998788                     31.470837                      0.008742                      0.000017                      0.002120
                     31.600000                   2123.634277                      0.999382                     31.570744                      0.008770                      0.000017                      0.002122
                     31.700001                   2124.221680                      0.999212                     31.670673                      0.008797                      0.000017                      0.002123
                     31.799999                   2124.976807                      0.999042                     31.770586                      0.008825                      0.000017                      0.002123
                     31.900000                   2125.899658                      0.999042                     31.870491                      0.008853                      0.000017                      0.002124
                     32.000000                   2126.654785                      0.999297                     31.970407                      0.008881                      0.000017                      0.002125
                     32.099998                   2127.829590                      0.999212                     32.070335                      0.008908                      0.000018                      0.002126
                     32.200001                   2128.333008                      0.998873                     32.170238                      0.008936                      0.000018                      0.002126
                     32.299999                   2129.256104                      0.999297                     32.270145                      0.008964                      0.000018                      0.002128
                     32.400002                   2129.927246                      0.999297                     32.370075                      0.008992                      0.000018                      0.002128
                     32.500000                   2130.934082                      0.999551                     32.470016                      0.009019                      0.000018                      0.002130
                     32.599998                   2131.689209                      0.999127                     32.569954                      0.009047                      0.000018                      0.002130
                     32.700001                   2132.276367                      0.999127                     32.669865                      0.009075                      0.000018                      0.002130
                     32.799999                   2133.199463                      0.998958                     32.769768                      0.009103                      0.000018                      0.002131
                     32.900002                   2134.122559                      0.999042                     32.869671                      0.009130                      0.000018                      0.002132
                     33.000000                   2134.625977                      0.999297                     32.969585                      0.009158                      0.000018                      0.002133
                     33.099998                   2135.716553                      0.999042                     33.069504                      0.009186                      0.000018                      0.002134
                     33.200001                   2136.387939                      0.998958                     33.169403                      0.009214                      0.000018                      0.002134
                     33.299999                   2137.143066                      0.999042                     33.269302                      0.009241                      0.000018                      0.002135
                     33.400002                   2137.981934                      0.999127                     33.369213                      0.009269                      0.000018                      0.002136
                     33.500000                   2138.653320                      0.999042                     33.469120                      0.009297                      0.000018                      0.002137
                     33.599998                   2139.492432                      0.999127                     33.569027                      0.009325                      0.000018                      0.002138
                     33.700001                   2140.247559                      0.999212                     33.668945                      0.009352                      0.000019                      0.002139
                     33.799999                   2140.918701                      0.999042                     33.768860                      0.009380                      0.000019                      0.002139
                     33.900002                   2141.841797                      0.998873                     33.868755                      0.009408                      0.000019                      0.002139
                     34.000000                   2142.848633                      0.999127                     33.968655                      0.009436                      0.000019                      0.002141
                     34.099998                   2143.771729                      0.999212                     34.068569                      0.009463                      0.000019                      0.002142
                     34.200001                   2144.358887                      0.999127                     34.168488                      0.009491                      0.000019                      0.002142
                     34.299999                   2144.946289                      0.998873                     34.268387                      0.009519                      0.000019                      0.002143
                     34.400002                   2145.785156                      0.999212                     34.368294                      0.009547                      0.000019                      0.002144
                     34.500000                   2146.624268                      0.999212                     34.468212                      0.009575                      0.000019                      0.002145
                     34.599998                   2147.547363                      0.999042                     34.568127                      0.009602                      0.000019                      0.002145
                     34.700001                   2148.050781                      0.999042                     34.668030                      0.009630                      0.000019                      0.002146
                     34.799999                   2148.805908                      0.998873                     34.767925                      0.009658                      0.000019                      0.002146
                     34.900002                   2149.896729                      0.999127                     34.867825                      0.009686                      0.000019                      0.002148
                     35.000000                   2150.484131                      0.999127                     34.967739                      0.009713                      0.000019                      0.002149
                     35.099998                   2151.322998                      0.999042                     35.067646                      0.009741                      0.000019                      0.002149
                     35.200001                   2152.329834                      0.999382                     35.167568                      0.009769                      0.000019                      0.002151
                     35.299999                   2152.749512                      0.999297                     35.267502                      0.009797                      0.000019                      0.002151
                     35.400002                   2153.588379                      0.999551                     35.367443                      0.009824                      0.000020                      0.002153
                     35.500000                   2154.595215                      0.999382                     35.467392                      0.009852                      0.000020                      0.002153
                     35.599998                   2155.266602                      0.999466                     35.567333                      0.009880                      0.000020                      0.002154
                     35.700001                   2156.021729                      0.999127                     35.667263                      0.009908                      0.000020                      0.002154
                     35.799999                   2156.609131                      0.998873                     35.767162                      0.009935                      0.000020                      0.002154
                     35.900002                   2157.615967                      0.999382                     35.867077                      0.009963                      0.000020                      0.002156
                     36.000000                   2158.287109                      0.999127                     35.967003                      0.009991                      0.000020                      0.002156
                     36.099998                   2158.958496                      0.999466                     36.066933                      0.010019                      0.000020                      0.002158
                     36.200001                   2159.881348                      0.999297                     36.166870                      0.010046                      0.000020                      0.002158
                     36.299999                   2160.300781                      0.998958                     36.266781                      0.010074                      0.000020                      0.002158
                     36.400002                   2161.139893                      0.999127                     36.366688                      0.010102                      0.000020                      0.002159
                     36.500000                   2162.230713                      0.999042                     36.466595                      0.010130                      0.000020                      0.002160
                     36.599998                   2162.734131                      0.998958                     36.566494                      0.010157                      0.000020                      0.002160
                     36.700001                   2163.740967                      0.999466                     36.666416                      0.010185                      0.000020                      0.002163
                     36.799999                   2164.160645                      0.999042                     36.766342                      0.010213                      0.000020                      0.002162
                     36.900002                   2164.915527                      0.999212                     36.866253                      0.010241                      0.000020                      0.002163
                     37.000000                   2165.922607                      0.999212                     36.966175                      0.010268                      0.000020                      0.002164
                     37.099998                   2166.677734                      0.998788                     37.066074                      0.010296                      0.000021                      0.002164
                     37.200001                   2167.348877                      0.999212                     37.165974                      0.010324                      0.000021                      0.002166
                     37.299999                   2168.187988                      0.999042                     37.265888                      0.010352                      0.000021                      0.002166
                     37.400002                   2169.110840                      0.999042                     37.365791                      0.010379                      0.000021                      0.002167
                     37.500000                   2169.530518                      0.999127                     37.465702                      0.010407                      0.000021                      0.002168
                     37.599998                   2170.369385                      0.999127                     37.565613                      0.010435                      0.000021                      0.002168
                     37.700001                   2171.208496                      0.998958                     37.665520                      0.010463                      0.000021                      0.002169
                     37.799999                   2172.047607                      0.999042                     37.765419                      0.010490                      0.000021                      0.002170
                     37.900002                   2172.635010                      0.999212                     37.865330                      0.010518                      0.000021                      0.002171
                     38.000000                   2173.474121                      0.999127                     37.965248                      0.010546                      0.000021                      0.002172
                     38.099998                   2173.893555                      0.999127                     38.065159                      0.010574                      0.000021                      0.002172
                     38.200001                   2175.152100                      0.999042                     38.165070                      0.010601                      0.000021                      0.002173
                     38.299999                   2175.487793                      0.998958                     38.264969                      0.010629                      0.000021                      0.002173
                     38.400002                   2176.578613                      0.999127                     38.364872                      0.010657                      0.000021                      0.002175
                     38.500000                   2177.082031                      0.998788                     38.464767                      0.010685                      0.000021                      0.002174
                     38.599998                   2178.004883                      0.999042                     38.564659                      0.010712                      0.000021                      0.002176
                     38.700001                   2178.592285                      0.999297                     38.664577                      0.010740                      0.000021                      0.002177
                     38.799999                   2179.179688                      0.999127                     38.764500                      0.010768                      0.000022                      0.002177
                     38.900002                   2180.186523                      0.998873                     38.864399                      0.010796                      0.000022                      0.002178
                     39.000000                   2180.857666                      0.998958                     38.964291                      0.010823                      0.000022                      0.002179
                     39.099998                   2181.864502                      0.998873                     39.064182                      0.010851                      0.000022                      0.002179
                     39.200001                   2182.535889                      0.998958                     39.164074                      0.010879                      0.000022                      0.002180
                     39.299999                   2183.207031                      0.998958                     39.263969                      0.010907                      0.000022                      0.002181
                     39.400002                   2183.962158                      0.999042                     39.363869                      0.010934                      0.000022                      0.002182
                     39.500000                   2184.885010                      0.999042                     39.463772                      0.010962                      0.000022                      0.002183
                     39.599998                   2185.388428                      0.998873                     39.563667                      0.010990                      0.000022                      0.002183
                     39.700001                   2186.059814                      0.998873                     39.663555                      0.011018                      0.000022                      0.002184
                     39.799999                   2187.066650                      0.998788                     39.763439                      0.011045                      0.000022                      0.002184
                     39.900002                   2187.653809                      0.999042                     39.863331                      0.011073                      0.000022                      0.002186
                     40.000000                   2188.492920                      0.999212                     39.963242                      0.011101                      0.000022                      0.002187
                     40.099998                   2189.248291                      0.998788                     40.063145                      0.011129                      0.000022                      0.002187
                     40.200001                   2189.835449                      0.999212                     40.163044                      0.011156                      0.000022                      0.002188
                     40.299999                   2190.506836                      0.998958                     40.262951                      0.011184                      0.000022                      0.002188
                     40.400002                   2191.261719                      0.999297                     40.362865                      0.011212                      0.000023                      0.002190
                     40.500000                   2192.100830                      0.999127                     40.462788                      0.011240                      0.000023                      0.002190
                     40.599998                   2192.604492                      0.998873                     40.562687                      0.011267                      0.000023                      0.002190
                     40.700001                   2193.527344                      0.999127                     40.662586                      0.011295                      0.000023                      0.002192
                     40.799999                   2194.282471                      0.999042                     40.762493                      0.011323                      0.000023                      0.002192
                     40.900002                   2195.037598                      0.999042                     40.862400                      0.011351                      0.000023                      0.002193
                     41.000000                   2195.541016                      0.999042                     40.962303                      0.011378                      0.000023                      0.002193
                     41.099998                   2196.296143                      0.999212                     41.062214                      0.011406                      0.000023                      0.002195
                     41.200001                   2197.051514                      0.998958                     41.162125                      0.011434                      0.000023                      0.002195
                     41.299999                   2197.974365                      0.999042                     41.262024                      0.011462                      0.000023                      0.002196
                     41.400002                   2198.477783                      0.998958                     41.361923                      0.011489                      0.000023                      0.002196
                     41.500000                   2199.568604                      0.999042                     41.461823                      0.011517                      0.000023                      0.002197
                     41.599998                   2200.155762                      0.999042                     41.561729                      0.011545                      0.000023                      0.002198
                     41.700001                   2200.910889                      0.998873                     41.661625                      0.011573                      0.000023                      0.002198
                     41.799999                   2201.330566                      0.999042                     41.761520                      0.011600                      0.000023                      0.002199
                     41.900002                   2202.337402                      0.998788                     41.861412                      0.011628                      0.000023                      0.002200
                     42.000000                   2203.092529                      0.998873                     41.961296                      0.011656                      0.000024                      0.002201
                     42.099998                   2203.595947                      0.998873                     42.061180                      0.011684                      0.000024                      0.002201
                     42.200001                   2204.435059                      0.998618                     42.161057                      0.011711                      0.000024                      0.002201
                     42.299999                   2205.190186                      0.999042                     42.260941                      0.011739                      0.000024                      0.002203
                     42.400002                   2205.945312                      0.998873                     42.360836                      0.011767                      0.000024                      0.002203
                     42.500000                   2206.448730                      0.998873                     42.460724                      0.011795                      0.000024                      0.002204
                     42.599998                   2207.287842                      0.998873                     42.560608                      0.011822                      0.000024                      0.002205
                     42.700001                   2207.958984                      0.998788                     42.660492                      0.011850                      0.000024                      0.002205
                     42.799999                   2208.798096                      0.998873                     42.760376                      0.011878                      0.000024                      0.002206
                     42.900002                   2209.553223                      0.998873                     42.860264                      0.011906                      0.000024                      0.002207
                     43.000000                   2210.140625                      0.998958                     42.960155                      0.011933                      0.000024                      0.002208
                     43.099998                   2211.231445                      0.999127                     43.060059                      0.011961                      0.000024                      0.002209
                     43.200001                   2211.482910                      0.998958                     43.159962                      0.011989                      0.000024                      0.002209
                     43.299999                   2212.573730                      0.999042                     43.259861                      0.012017                      0.000024                      0.002210
                     43.400002                   2213.077393                      0.999127                     43.359772                      0.012044                      0.000024                      0.002211
                     43.500000                   2214.084229                      0.999042                     43.459679                      0.012072                      0.000024                      0.002212
                     43.599998                   2214.587646                      0.999127                     43.559589                      0.012100                      0.000024                      0.002213
                     43.700001                   2215.007080                      0.998958                     43.659492                      0.012128                      0.000025                      0.002213
                     43.799999                   2215.929932                      0.998958                     43.759388                      0.012155                      0.000025                      0.002214
                     43.900002                   2216.685303                      0.998873                     43.859280                      0.012183                      0.000025                      0.002214
                     44.000000                   2217.356445                      0.999212                     43.959183                      0.012211                      0.000025                      0.002216
                     44.099998                   2218.447021                      0.999382                     44.059113                      0.012239                      0.000025                      0.002217
                     44.200001                   2218.866699                      0.998873                     44.159027                      0.012266                      0.000025                      0.002216
                     44.299999                   2219.621826                      0.999127                     44.258926                      0.012294                      0.000025                      0.002218
                     44.400002                   2220.544678                      0.999297                     44.358849                      0.012322                      0.000025                      0.002219
                     44.500000                   2221.132080                      0.999212                     44.458775                      0.012350                      0.000025                      0.002219
                     44.599998                   2221.551758                      0.998873                     44.558678                      0.012377                      0.000025                      0.002219
                     44.700001                   2222.642334                      0.999212                     44.658581                      0.012405                      0.000025                      0.002221
                     44.799999                   2223.145996                      0.999297                     44.758507                      0.012433                      0.000025                      0.002222
                     44.900002                   2223.900879                      0.999127                     44.858429                      0.012461                      0.000025                      0.002222
                     45.000000                   2224.572266                      0.999127                     44.958340                      0.012488                      0.000025                      0.002223
                     45.099998                   2225.327393                      0.999042                     45.058250                      0.012516                      0.000025                      0.002223
                     45.200001                   2225.830811                      0.999127                     45.158157                      0.012544                      0.000025                      0.002224
                     45.299999                   2226.921631                      0.999042                     45.258068                      0.012572                      0.000026                      0.002225
                     45.400002                   2227.341064                      0.999127                     45.357975                      0.012599                      0.000026                      0.002225
                     45.500000                   2228.180176                      0.999042                     45.457882                      0.012627                      0.000026                      0.002226
                     45.599998                   2228.683594                      0.998958                     45.557785                      0.012655                      0.000026                      0.002226
                     45.700001                   2229.606445                      0.999042                     45.657684                      0.012683                      0.000026                      0.002227
                     45.799999                   2230.193848                      0.998873                     45.757580                      0.012710                      0.000026                      0.002228
                     45.900002                   2231.116943                      0.998958                     45.857471                      0.012738                      0.000026                      0.002229
                     46.000000                   2231.620361                      0.999042                     45.957371                      0.012766                      0.000026                      0.002229
                     46.099998                   2232.459473                      0.999127                     46.057278                      0.012794                      0.000026                      0.002231
                     46.200001                   2233.214600                      0.999127                     46.157192                      0.012821                      0.000026                      0.002231
                     46.299999                   2233.885742                      0.999127                     46.257103                      0.012849                      0.000026                      0.002232
                     46.400002                   2234.473145                      0.999382                     46.357029                      0.012877                      0.000026                      0.002233
                     46.500000                   2235.395996                      0.999042                     46.456951                      0.012905                      0.000026                      0.002233
                     46.599998                   2235.983398                      0.998873                     46.556847                      0.012932                      0.000026                      0.002233
                     46.700001                   2236.822510                      0.998958                     46.656738                      0.012960                      0.000026                      0.002234
                     46.799999                   2237.325928                      0.999042                     46.756638                      0.012988                      0.000026                      0.002235
                     46.900002                   2237.913330                      0.999042                     46.856544                      0.013016                      0.000027                      0.002236
                     47.000000                   2239.003906                      0.999127                     46.956451                      0.013043                      0.000027                      0.002237
                     47.099998                   2239.087891                      0.999127                     47.056362                      0.013071                      0.000027                      0.002237
                     47.200001                   2240.346436                      0.998873                     47.156265                      0.013099                      0.000027                      0.002238
                     47.299999                   2240.849854                      0.999042                     47.256161                      0.013127                      0.000027                      0.002239
                     47.400002                   2241.353271                      0.999382                     47.356079                      0.013154                      0.000027                      0.002240
                     47.500000                   2242.444092                      0.999042                     47.456001                      0.013182                      0.000027                      0.002240
                     47.599998                   2242.863525                      0.999042                     47.555904                      0.013210                      0.000027                      0.002241
                     47.700001                   2243.702637                      0.999212                     47.655819                      0.013238                      0.000027                      0.002242
                     47.799999                   2244.457764                      0.999212                     47.755741                      0.013265                      0.000027                      0.002243
                     47.900002                   2245.045166                      0.999042                     47.855652                      0.013293                      0.000027                      0.002243
                     48.000000                   2246.052002                      0.999127                     47.955563                      0.013321                      0.000027                      0.002244
                     48.099998                   2246.471436                      0.999042                     48.055470                      0.013349                      0.000027                      0.002244
                     48.200001                   2247.394531                      0.999042                     48.155373                      0.013376                      0.000027                      0.002245
                     48.299999                   2247.813965                      0.998958                     48.255276                      0.013404                      0.000027                      0.002245
                     48.400002                   2248.736816                      0.998788                     48.355160                      0.013432                      0.000027                      0.002246
                     48.500000                   2249.408203                      0.998788                     48.455040                      0.013460                      0.000028                      0.002247
                     48.599998                   2250.247314                      0.999127                     48.554935                      0.013487                      0.000028                      0.002248
                     48.700001                   2250.918457                      0.998958                     48.654839                      0.013515                      0.000028                      0.002249
                     48.799999                   2251.673584                      0.999042                     48.754742                      0.013543                      0.000028                      0.002250
                     48.900002                   2252.177002                      0.999382                     48.854660                      0.013571                      0.000028                      0.002251
                     49.000000                   2253.016113                      0.999042                     48.954582                      0.013598                      0.000028                      0.002251
                     49.099998                   2253.519531                      0.999042                     49.054485                      0.013626                      0.000028                      0.002251
                     49.200001                   2254.358643                      0.999042                     49.154392                      0.013654                      0.000028                      0.002252
                     49.299999                   2254.862061                      0.999042                     49.254295                      0.013682                      0.000028                      0.002253
                     49.400002                   2255.700928                      0.999212                     49.354210                      0.013710                      0.000028                      0.002254
                     49.500000                   2256.456299                      0.999042                     49.454121                      0.013737                      0.000028                      0.002254
                     49.599998                   2257.043701                      0.999551                     49.554050                      0.013765                      0.000028                      0.002256
                     49.700001                   2257.966553                      0.998958                     49.653976                      0.013793                      0.000028                      0.002256
                     49.799999                   2258.469971                      0.999212                     49.753883                      0.013821                      0.000028                      0.002257
                     49.900002                   2259.393066                      0.999212                     49.853806                      0.013848                      0.000028                      0.002258
                     50.000000                   2259.644775                      0.999212                     49.953728                      0.013876                      0.000028                      0.002258
                     50.099998                   2260.735352                      0.999297                     50.053654                      0.013904                      0.000029                      0.002259
                     50.200001                   2261.406494                      0.998873                     50.153561                      0.013932                      0.000029                      0.002259
                     50.299999                   2262.077881                      0.998958                     50.253452                      0.013959                      0.000029                      0.002260
                     50.400002                   2262.749268                      0.999551                     50.353378                      0.013987                      0.000029                      0.002262
                     50.500000                   2263.168701                      0.998788                     50.453293                      0.014015                      0.000029                      0.002260
                     50.599998                   2264.007812                      0.999042                     50.553185                      0.014043                      0.000029                      0.002262
                     50.700001                   2264.678955                      0.999127                     50.653095                      0.014070                      0.000029                      0.002263
                     50.799999                   2265.601807                      0.999297                     50.753017                      0.014098                      0.000029                      0.002264
                     50.900002                   2266.273193                      0.999127                     50.852936                      0.014126                      0.000029                      0.002264
                     51.000000                   2267.028320                      0.999042                     50.952847                      0.014154                      0.000029                      0.002265
                     51.099998                   2267.699463                      0.999042                     51.052750                      0.014181                      0.000029                      0.002266
                     51.200001                   2268.370850                      0.998958                     51.152649                      0.014209                      0.000029                      0.002266
                     51.299999                   2269.041992                      0.999382                     51.252567                      0.014237                      0.000029                      0.002268
                     51.400002                   2269.545410                      0.999297                     51.352501                      0.014265                      0.000029                      0.002268
                     51.500000                   2270.216797                      0.999127                     51.452423                      0.014292                      0.000029                      0.002268
                     51.599998                   2271.139648                      0.999042                     51.552330                      0.014320                      0.000029                      0.002269
                     51.700001                   2271.811035                      0.999127                     51.652237                      0.014348                      0.000030                      0.002270
                     51.799999                   2272.565918                      0.999127                     51.752151                      0.014376                      0.000030                      0.002271
                     51.900002                   2273.237305                      0.999127                     51.852066                      0.014403                      0.000030                      0.002271
                     52.000000                   2273.824463                      0.998873                     51.951965                      0.014431                      0.000030                      0.002271
                     52.099998                   2274.495850                      0.998958                     52.051857                      0.014459                      0.000030                      0.002272
                     52.200001                   2275.083252                      0.998873                     52.151749                      0.014487                      0.000030                      0.002273
                     52.299999                   2276.006104                      0.999212                     52.251652                      0.014514                      0.000030                      0.002274
                     52.400002                   2276.593506                      0.999212                     52.351574                      0.014542                      0.000030                      0.002275
                     52.500000                   2277.348633                      0.999212                     52.451492                      0.014570                      0.000030                      0.002276
                     52.599998                   2278.103760                      0.999127                     52.551411                      0.014598                      0.000030                      0.002276
                     52.700001                   2278.691162                      0.998873                     52.651310                      0.014625                      0.000030                      0.002276
                     52.799999                   2279.278320                      0.998958                     52.751202                      0.014653                      0.000030                      0.002277
                     52.900002                   2280.369141                      0.998788                     52.851089                      0.014681                      0.000030                      0.002278
                     53.000000                   2280.704834                      0.998958                     52.950977                      0.014709                      0.000030                      0.002278
                     53.099998                   2281.711670                      0.999042                     53.050877                      0.014736                      0.000030                      0.002280
                     53.200001                   2282.299072                      0.998873                     53.150772                      0.014764                      0.000030                      0.002280
                     53.299999                   2282.886230                      0.999127                     53.250671                      0.014792                      0.000031                      0.002281
                     53.400002                   2283.641602                      0.999212                     53.350590                      0.014820                      0.000031                      0.002282
                     53.500000                   2284.312744                      0.999042                     53.450500                      0.014847                      0.000031                      0.002282
                     53.599998                   2284.983887                      0.999127                     53.550411                      0.014875                      0.000031                      0.002283
                     53.700001                   2285.571289                      0.999042                     53.650318                      0.014903                      0.000031                      0.002283
                     53.799999                   2286.662109                      0.998873                     53.750214                      0.014931                      0.000031                      0.002284
                     53.900002                   2287.081543                      0.999127                     53.850117                      0.014958                      0.000031                      0.002285
                     54.000000                   2287.584961                      0.998618                     53.950001                      0.014986                      0.000031                      0.002284
                     54.099998                   2288.591797                      0.999212                     54.049892                      0.015014                      0.000031                      0.002287
                     54.200001                   2289.347168                      0.998873                     54.149799                      0.015042                      0.000031                      0.002287
                     54.299999                   2290.018311                      0.999042                     54.249695                      0.015069                      0.000031                      0.002288
                     54.400002                   2290.521729                      0.998958                     54.349594                      0.015097                      0.000031                      0.002288
                     54.500000                   2291.193115                      0.998873                     54.449486                      0.015125                      0.000031                      0.002289
                     54.599998                   2291.947998                      0.999042                     54.549381                      0.015153                      0.000031                      0.002290
                     54.700001                   2292.787109                      0.998788                     54.649273                      0.015180                      0.000031                      0.002290
                     54.799999                   2293.374512                      0.998958                     54.749161                      0.015208                      0.000031                      0.002291
                     54.900002                   2294.045654                      0.999042                     54.849060                      0.015236                      0.000032                      0.002292
                     55.000000                   2294.884766                      0.999042                     54.948963                      0.015264                      0.000032                      0.002293
                     55.099998                   2295.472168                      0.999042                     55.048870                      0.015291                      0.000032                      0.002293
                     55.200001                   2296.311279                      0.999042                     55.148773                      0.015319                      0.000032                      0.002294
                     55.299999                   2296.898682                      0.999042                     55.248676                      0.015347                      0.000032                      0.002295
                     55.400002                   2297.318115                      0.998958                     55.348576                      0.015375                      0.000032                      0.002295
                     55.500000                   2298.240967                      0.999042                     55.448479                      0.015402                      0.000032                      0.002296
                     55.599998                   2298.744385                      0.999212                     55.548389                      0.015430                      0.000032                      0.002297
                     55.700001                   2299.835205                      0.999212                     55.648312                      0.015458                      0.000032                      0.002298
                     55.799999                   2300.506592                      0.999212                     55.748234                      0.015486                      0.000032                      0.002299
                     55.900002                   2301.177734                      0.998958                     55.848141                      0.015513                      0.000032                      0.002299
                     56.000000                   2301.932861                      0.999042                     55.948040                      0.015541                      0.000032                      0.002300
                     56.099998                   2302.520264                      0.999212                     56.047955                      0.015569                      0.000032                      0.002301
                     56.200001                   2302.939697                      0.999127                     56.147869                      0.015597                      0.000032                      0.002301
                     56.299999                   2303.694824                      0.998873                     56.247768                      0.015624                      0.000032                      0.002301
                     56.400002                   2304.701904                      0.999127                     56.347672                      0.015652                      0.000033                      0.002303
                     56.500000                   2305.289062                      0.999042                     56.447578                      0.015680                      0.000033                      0.002303
                     56.599998                   2305.876465                      0.999127                     56.547485                      0.015708                      0.000033                      0.002304
                     56.700001                   2306.799316                      0.998873                     56.647388                      0.015735                      0.000033                      0.002304
                     56.799999                   2307.302734                      0.998873                     56.747272                      0.015763                      0.000033                      0.002305
                     56.900002                   2308.141846                      0.999212                     56.847179                      0.015791                      0.000033                      0.002306
                     57.000000                   2308.729248                      0.999127                     56.947094                      0.015819                      0.000033                      0.002307
                     57.099998                   2309.484375                      0.999297                     57.047016                      0.015846                      0.000033                      0.002308
                     57.200001                   2309.987793                      0.999127                     57.146938                      0.015874                      0.000033                      0.002308
                     57.299999                   2310.826904                      0.999127                     57.246849                      0.015902                      0.000033                      0.002309
                     57.400002                   2311.666016                      0.999042                     57.346760                      0.015930                      0.000033                      0.002309
                     57.500000                   2312.253174                      0.999127                     57.446667                      0.015957                      0.000033                      0.002310
                     57.599998                   2313.008301                      0.999297                     57.546589                      0.015985                      0.000033                      0.002311
                     57.700001                   2313.679688                      0.999212                     57.646515                      0.016013                      0.000033                      0.002312
                     57.799999                   2314.266846                      0.999127                     57.746429                      0.016041                      0.000033                      0.002312
                     57.900002                   2314.938232                      0.999042                     57.846340                      0.016068                      0.000033                      0.002313
                     58.000000                   2315.945068                      0.999297                     57.946259                      0.016096                      0.000034                      0.002314
                     58.099998                   2316.364502                      0.999297                     58.046185                      0.016124                      0.000034                      0.002315
                     58.200001                   2317.203613                      0.998958                     58.146099                      0.016152                      0.000034                      0.002315
                     58.299999                   2317.958740                      0.999212                     58.246006                      0.016179                      0.000034                      0.002316
                     58.400002                   2318.713867                      0.998873                     58.345913                      0.016207                      0.000034                      0.002316
                     58.500000                   2319.385254                      0.999212                     58.445816                      0.016235                      0.000034                      0.002318
                     58.599998                   2320.056396                      0.999297                     58.545742                      0.016263                      0.000034                      0.002318
                     58.700001                   2320.643799                      0.999127                     58.645664                      0.016290                      0.000034                      0.002319
                     58.799999                   2321.314941                      0.999042                     58.745571                      0.016318                      0.000034                      0.002319
                     58.900002                   2322.154053                      0.999212                     58.845486                      0.016346                      0.000034                      0.002320
                     59.000000                   2322.573486                      0.999127                     58.945400                      0.016374                      0.000034                      0.002321
                     59.099998                   2323.580322                      0.999297                     59.045322                      0.016401                      0.000034                      0.002322
                     59.200001                   2324.167725                      0.999042                     59.145241                      0.016429                      0.000034                      0.002322
                     59.299999                   2324.838867                      0.999212                     59.245152                      0.016457                      0.000034                      0.002323
                     59.400002                   2325.594238                      0.999042                     59.345066                      0.016485                      0.000034                      0.002323
                     59.500000                   2326.601074                      0.999212                     59.444977                      0.016512                      0.000035                      0.002325
                     59.599998                   2327.104492                      0.999212                     59.544899                      0.016540                      0.000035                      0.002325
                     59.700001                   2327.607910                      0.999212                     59.644821                      0.016568                      0.000035                      0.002326
                     59.799999                   2328.027344                      0.998958                     59.744728                      0.016596                      0.000035                      0.002326
                     59.900002                   2329.285889                      0.999212                     59.844635                      0.016624                      0.000035                      0.002327
                     60.000000                   2330.041016                      0.998958                     59.944546                      0.016651                      0.000035                      0.002328
                     60.099998                   2261.490479                      0.000000                      0.000000                      0.000000                      0.000000                      0.000000
                     60.200001                   2256.791748                      0.000000                      0.000000                      0.000000                      0.000000                      0.000000
                     60.299999                   2252.512695                      0.000000                      0.000000                      0.000000                      0.000000                      0.000000
                     60.400002                   2248.317383                      0.000000                      0.000000                      0.000000                      0.000000                      0.000000
                     60.500000                   2244.457764                      0.000000                      0.000000                      0.000000                      0.000000                      0.000000
                     60.599998                   2241.185547                      0.000000                      0.000000                      0.000000                      0.000000                      0.000000
                     60.700001                   2237.913330                      0.000000                      0.000000                      0.000000                      0.000000                      0.000000
                     60.799999                   2234.892578                      0.000000                      0.000000                      0.000000                      0.000000                      0.000000
                     60.900002                   2231.872070                      0.000000                      0.000000                      0.000000                      0.000000                      0.000000
                     61.000000                   2229.354736                      0.000000                      0.000000                      0.000000                      0.000000                      0.000000
                     61.099998                   2226.753906                      0.000000                      0.000000                      0.000000                      0.000000                      0.000000
                     61.200001                   2224.236816                      0.000000                      0.000000                      0.000000                      0.000000                      0.000000
                     61.299999                   2221.887451                      0.000000                      0.000000                      0.000000                      0.000000                      0.000000
                     61.400002                   2219.789795                      0.000000                      0.000000                      0.000000                      0.000000                      0.000000
                     61.500000                   2217.524170                      0.000000                      0.000000                      0.000000                      0.000000                      0.000000
                     61.599998                   2215.258789                      0.000000                      0.000000                      0.000000                      0.000000                      0.000000
                     61.700001                   2213.161133                      0.000000                      0.000000                      0.000000                      0.000000                      0.000000
                     61.799999                   2211.399170                      0.000000                      0.000000                      0.000000                      0.000000                      0.000000
                     61.900002                   2209.553223                      0.000000                      0.000000                      0.000000                      0.000000                      0.000000
                     62.000000                   2207.958984                      0.000000                      0.000000                      0.000000                      0.000000                      0.000000
                     62.099998                   2206.197021                      0.000000                      0.000000                      0.000000                      0.000000                      0.000000
                     62.200001                   2204.602783                      0.000000                      0.000000                      0.000000                      0.000000                      0.000000
                     62.299999                   2202.924805                      0.000000                      0.000000                      0.000000                      0.000000                      0.000000
                     62.400002                   2201.582275                      0.000000                      0.000000                      0.000000                      0.000000                      0.000000
                     62.500000                   2199.820312                      0.000000                      0.000000                      0.000000                      0.000000                      0.000000
                     62.599998                   2198.226074                      0.000000                      0.000000                      0.000000                      0.000000                      0.000000
                     62.700001                   2196.883545                      0.000000                      0.000000                      0.000000                      0.000000                      0.000000
                     62.799999                   2195.541016                      0.000000                      0.000000                      0.000000                      0.000000                      0.000000
                     62.900002                   2194.198486                      0.000000                      0.000000                      0.000000                      0.000000                      0.000000
                     63.000000                   2193.023926                      0.000000                      0.000000                      0.000000                      0.000000                      0.000000
                     63.099998                   2191.513672                      0.000000                      0.000000                      0.000000                      0.000000                      0.000000
                     63.200001                   2190.422852                      0.000000                      0.000000                      0.000000                      0.000000                      0.000000
                     63.299999                   2189.164307                      0.000000                      0.000000                      0.000000                      0.000000                      0.000000
                     63.400002                   2187.821777                      0.000000                      0.000000                      0.000000                      0.000000                      0.000000
                     63.500000                   2186.730957                      0.000000                      0.000000                      0.000000                      0.000000                      0.000000
                     63.599998                   2185.724121                      0.000000                      0.000000                      0.000000                      0.000000                      0.000000
                     63.700001                   2184.465576                      0.000000                      0.000000                      0.000000                      0.000000                      0.000000
                     63.799999                   2183.542725                      0.000000                      0.000000                      0.000000                      0.000000                      0.000000
                     63.900002                   2182.284180                      0.000000                      0.000000                      0.000000                      0.000000                      0.000000
                     64.000000                   2181.528809                      0.000000                      0.000000                      0.000000                      0.000000                      0.000000
                     64.099998                   2180.186523                      0.000000                      0.000000                      0.000000                      0.000000                      0.000000
                     64.199997                   2179.263428                      0.000000                      0.000000                      0.000000                      0.000000                      0.000000
                     64.300003                   2178.424316                      0.000000                      0.000000                      0.000000                      0.000000                      0.000000
                     64.400002                   2177.501465                      0.000000                      0.000000                      0.000000                      0.000000                      0.000000
                     64.500000                   2176.494629                      0.000000                      0.000000                      0.000000                      0.000000                      0.000000
                     64.599998                   2175.571777                      0.000000                      0.000000                      0.000000                      0.000000                      0.000000
                     64.699997                   2174.648682                      0.000000                      0.000000                      0.000000                      0.000000                      0.000000
                     64.800003                   2173.809570                      0.000000                      0.000000                      0.000000                      0.000000                      0.000000
                     64.900002                   2173.138184                      0.000000                      0.000000                      0.000000                      0.000000                      0.000000
                     65.000000                   2171.795898                      0.000000                      0.000000                      0.000000                      0.000000                      0.000000
                     65.099998                   2170.872803                      0.000000                      0.000000                      0.000000                      0.000000                      0.000000
                     65.199997                   2170.369385                      0.000000                      0.000000                      0.000000                      0.000000                      0.000000
                     65.300003                   2169.614258                      0.000000                      0.000000                      0.000000                      0.000000                      0.000000
                     65.400002                   2168.523438                      0.000000                      0.000000                      0.000000                      0.000000                      0.000000
                     65.500000                   2168.020264                      0.000000                      0.000000                      0.000000                      0.000000                      0.000000
                     65.599998                   2167.264893                      0.000000                      0.000000                      0.000000                      0.000000                      0.000000
                     65.699997                   2166.342041                      0.000000                      0.000000                      0.000000                      0.000000                      0.000000
                     65.800003                   2166.006348                      0.000000                      0.000000                      0.000000                      0.000000                      0.000000
                     65.900002                   2165.335205                      0.000000                      0.000000                      0.000000                      0.000000                      0.000000
                     66.000000                   2164.496094                      0.000000                      0.000000                      0.000000                      0.000000                      0.000000
                     66.099998                   2163.573242                      0.000000                      0.000000                      0.000000                      0.000000                      0.000000
                     66.199997                   2162.650146                      0.000000                      0.000000                      0.000000                      0.000000                      0.000000
                     66.300003                   2162.062988                      0.000000                      0.000000                      0.000000                      0.000000                      0.000000
                     66.400002                   2161.643311                      0.000000                      0.000000                      0.000000                      0.000000                      0.000000
                     66.500000                   2160.972168                      0.000000                      0.000000                      0.000000                      0.000000                      0.000000
                     66.599998                   2160.133057                      0.000000                      0.000000                      0.000000                      0.000000                      0.000000
                     66.699997                   2159.545898                      0.000000                      0.000000                      0.000000                      0.000000                      0.000000
                     66.800003                   2158.790527                      0.000000                      0.000000                      0.000000                      0.000000                      0.000000
                     66.900002                   2158.203125                      0.000000                      0.000000                      0.000000                      0.000000                      0.000000
                     67.000000                   2157.615967                      0.000000                      0.000000                      0.000000                      0.000000                      0.000000
                     67.099998                   2156.944580                      0.000000                      0.000000                      0.000000                      0.000000                      0.000000
                     67.199997                   2156.441162                      0.000000                      0.000000                      0.000000                      0.000000                      0.000000
                     67.300003                   2155.770020                      0.000000                      0.000000                      0.000000                      0.000000                      0.000000
                     67.400002                   2155.434326                      0.000000                      0.000000                      0.000000                      0.000000                      0.000000
                     67.500000                   2154.930908                      0.000000                      0.000000                      0.000000                      0.000000                      0.000000
                     67.599998                   2154.008057                      0.000000                      0.000000                      0.000000                      0.000000                      0.000000
                     67.699997                   2153.588379                      0.000000                      0.000000                      0.000000                      0.000000                      0.000000
                     67.800003                   2153.084961                      0.000000                      0.000000                      0.000000                      0.000000                      0.000000
                     67.900002                   2152.413818                      0.000000                      0.000000                      0.000000                      0.000000                      0.000000
                     68.000000                   2152.245850                      0.000000                      0.000000                      0.000000                      0.000000                      0.000000
                     68.099998                   2151.406982                      0.000000                      0.000000                      0.000000                      0.000000                      0.000000
                     68.199997                   2150.903564                      0.000000                      0.000000                      0.000000                      0.000000                      0.000000
                     68.300003                   2150.399902                      0.000000                      0.000000                      0.000000                      0.000000                      0.000000
                     68.400002                   2149.980469                      0.000000                      0.000000                      0.000000                      0.000000                      0.000000
                     68.500000                   2149.477051                      0.000000                      0.000000                      0.000000                      0.000000                      0.000000
                     68.599998                   2148.721924                      0.000000                      0.000000                      0.000000                      0.000000                      0.000000
                     68.699997                   2148.302490                      0.000000                      0.000000                      0.000000                      0.000000                      0.000000
                     68.800003                   2147.966797                      0.000000                      0.000000                      0.000000                      0.000000                      0.000000
                     68.900002                   2147.463379                      0.000000                      0.000000                      0.000000                      0.000000                      0.000000
                     69.000000                   2147.043701                      0.000000                      0.000000                      0.000000                      0.000000                      0.000000
                     69.099998                   2146.456543                      0.000000                      0.000000                      0.000000                      0.000000                      0.000000
                     69.199997                   2145.953125                      0.000000                      0.000000                      0.000000                      0.000000                      0.000000
                     69.300003                   2145.617432                      0.000000                      0.000000                      0.000000                      0.000000                      0.000000
                     69.400002                   2145.030273                      0.000000                      0.000000                      0.000000                      0.000000                      0.000000
                     69.500000                   2144.778320                      0.000000                      0.000000                      0.000000                      0.000000                      0.000000
                     69.599998                   2144.274902                      0.000000                      0.000000                      0.000000                      0.000000                      0.000000
                     69.699997                   2143.855469                      0.000000                      0.000000                      0.000000                      0.000000                      0.000000
                     69.800003                   2143.268066                      0.000000                      0.000000                      0.000000                      0.000000                      0.000000
                     69.900002                   2143.100342                      0.000000                      0.000000                      0.000000                      0.000000                      0.000000
                     70.000000                   2142.512939                      0.000000                      0.000000                      0.000000                      0.000000                      0.000000
                     70.099998                   2141.841797                      0.000000                      0.000000                      0.000000                      0.000000                      0.000000
                     70.199997                   2141.590088                      0.000000                      0.000000                      0.000000                      0.000000                      0.000000
                     70.300003                   2141.086670                      0.000000                      0.000000                      0.000000                      0.000000                      0.000000
                     70.400002                   2141.002686                      0.000000                      0.000000                      0.000000                      0.000000                      0.000000
                     70.500000                   2140.331543                      0.000000                      0.000000                      0.000000                      0.000000                      0.000000
                     70.599998                   2140.079590                      0.000000                      0.000000                      0.000000                      0.000000                      0.000000
                     70.699997                   2139.576416                      0.000000                      0.000000                      0.000000                      0.000000                      0.000000
                     70.800003                   2139.240723                      0.000000                      0.000000                      0.000000                      0.000000                      0.000000
                     70.900002                   2138.737305                      0.000000                      0.000000                      0.000000                      0.000000                      0.000000
                     71.000000                   2138.233887                      0.000000                      0.000000                      0.000000                      0.000000                      0.000000
                     71.099998                   2138.149902                      0.000000                      0.000000                      0.000000                      0.000000                      0.000000
                     71.199997                   2137.310791                      0.000000                      0.000000                      0.000000                      0.000000                      0.000000
                     71.300003                   2137.143066                      0.000000                      0.000000                      0.000000                      0.000000                      0.000000
                     71.400002                   2136.975342                      0.000000                      0.000000                      0.000000                      0.000000                      0.000000
                     71.500000                   2136.387939                      0.000000                      0.000000                      0.000000                      0.000000                      0.000000
                     71.599998                   2136.639648                      0.000000                      0.000000                      0.000000                      0.000000                      0.000000
                     71.699997                   2136.136230                      0.000000                      0.000000                      0.000000                      0.000000                      0.000000
                     71.800003                   2135.381104                      0.000000                      0.000000                      0.000000                      0.000000                      0.000000
                     71.900002                   2135.129395                      0.000000                      0.000000                      0.000000                      0.000000                      0.000000
                     72.000000                   2134.709961                      0.000000                      0.000000                      0.000000                      0.000000                      0.000000
                     72.099998                   2134.374023                      0.000000                      0.000000                      0.000000                      0.000000                      0.000000
                     72.199997                   2134.374023                      0.000000                      0.000000                      0.000000                      0.000000                      0.000000
                     72.300003                   2134.122559                      0.000000                      0.000000                      0.000000                      0.000000                      0.000000
                     72.400002                   2133.619141                      0.000000                      0.000000                      0.000000                      0.000000                      0.000000
                     72.500000                   2133.031738                      0.000000                      0.000000                      0.000000                      0.000000                      0.000000
                     72.599998                   2132.947754                      0.000000                      0.000000                      0.000000                      0.000000                      0.000000
                     72.699997                   2132.360596                      0.000000                      0.000000                      0.000000                      0.000000                      0.000000
                     72.800003                   2132.024902                      0.000000                      0.000000                      0.000000                      0.000000                      0.000000
                     72.900002                   2132.108643                      0.000000                      0.000000                      0.000000                      0.000000                      0.000000
                     73.000000                   2131.773193                      0.000000                      0.000000                      0.000000                      0.000000                      0.000000
                     73.099998                   2131.437500                      0.000000                      0.000000                      0.000000                      0.000000                      0.000000
                     73.199997                   2130.934082                      0.000000                      0.000000                      0.000000                      0.000000                      0.000000
                     73.300003                   2130.598389                      0.000000                      0.000000                      0.000000                      0.000000                      0.000000
                     73.400002                   2130.346680                      0.000000                      0.000000                      0.000000                      0.000000                      0.000000
                     73.500000                   2130.010986                      0.000000                      0.000000                      0.000000                      0.000000                      0.000000
                     73.599998                   2130.010986                      0.000000                      0.000000                      0.000000                      0.000000                      0.000000
                     73.699997                   2129.507568                      0.000000                      0.000000                      0.000000                      0.000000                      0.000000
                     73.800003                   2129.088135                      0.000000                      0.000000                      0.000000                      0.000000                      0.000000
                     73.900002                   2128.752441                      0.000000                      0.000000                      0.000000                      0.000000                      0.000000
                     74.000000                   2128.752441                      0.000000                      0.000000                      0.000000                      0.000000                      0.000000
                     74.099998                   2128.081299                      0.000000                      0.000000                      0.000000                      0.000000                      0.000000
                     74.199997                   2128.081299                      0.000000                      0.000000                      0.000000                      0.000000                      0.000000
                     74.300003                   2128.081299                      0.000000                      0.000000                      0.000000                      0.000000                      0.000000
                     74.400002                   2127.409912                      0.000000                      0.000000                      0.000000                      0.000000                      0.000000
                     74.500000                   2127.409912                      0.000000                      0.000000                      0.000000                      0.000000                      0.000000
                     74.599998                   2126.654785                      0.000000                      0.000000                      0.000000                      0.000000                      0.000000
                     74.699997                   2126.487061                      0.000000                      0.000000                      0.000000                      0.000000                      0.000000
                     74.800003                   2126.570801                      0.000000                      0.000000                      0.000000                      0.000000                      0.000000
                     74.900002                   2126.067627                      0.000000                      0.000000                      0.000000                      0.000000                      0.000000
                     75.000000                   2125.983643                      0.000000                      0.000000                      0.000000                      0.000000                      0.000000
                     75.099998                   2125.648193                      0.000000                      0.000000                      0.000000                      0.000000                      0.000000
                     75.199997                   2125.312256                      0.000000                      0.000000                      0.000000                      0.000000                      0.000000
                     75.300003                   2125.060791                      0.000000                      0.000000                      0.000000                      0.000000                      0.000000
                     75.400002                   2124.809082                      0.000000                      0.000000                      0.000000                      0.000000                      0.000000
                     75.500000                   2124.557373                      0.000000                      0.000000                      0.000000                      0.000000                      0.000000
                     75.599998                   2124.305420                      0.000000                      0.000000                      0.000000                      0.000000                      0.000000
                     75.699997                   2124.053711                      0.000000                      0.000000                      0.000000                      0.000000                      0.000000
                     75.800003                   2123.718262                      0.000000                      0.000000                      0.000000                      0.000000                      0.000000
                     75.900002                   2123.718262                      0.000000                      0.000000                      0.000000                      0.000000                      0.000000
                     76.000000                   2123.130859                      0.000000                      0.000000                      0.000000                      0.000000                      0.000000
                     76.099998                   2123.214600                      0.000000                      0.000000                      0.000000                      0.000000                      0.000000
                     76.199997                   2122.879150                      0.000000                      0.000000                      0.000000                      0.000000                      0.000000
                     76.300003                   2122.459717                      0.000000                      0.000000                      0.000000                      0.000000                      0.000000
                     76.400002                   2122.459717                      0.000000                      0.000000                      0.000000                      0.000000                      0.000000
                     76.500000                   2121.956055                      0.000000                      0.000000                      0.000000                      0.000000                      0.000000
                     76.599998                   2121.704346                      0.000000                      0.000000                      0.000000                      0.000000                      0.000000
                     76.699997                   2121.620605                      0.000000                      0.000000                      0.000000                      0.000000                      0.000000
                     76.800003                   2121.620605                      0.000000                      0.000000                      0.000000                      0.000000                      0.000000
                     76.900002                   2121.201172                      0.000000                      0.000000                      0.000000                      0.000000                      0.000000
                     77.000000                   2121.033203                      0.000000                      0.000000                      0.000000                      0.000000                      0.000000
                     77.099998                   2120.865479                      0.000000                      0.000000                      0.000000                      0.000000                      0.000000
                     77.199997                   2120.362061                      0.000000                      0.000000                      0.000000                      0.000000                      0.000000
                     77.300003                   2120.362061                      0.000000                      0.000000                      0.000000                      0.000000                      0.000000
                     77.400002                   2120.194336                      0.000000                      0.000000                      0.000000                      0.000000                      0.000000
                     77.500000                   2119.690674                      0.000000                      0.000000                      0.000000                      0.000000                      0.000000
                     77.599998                   2119.774658                      0.000000                      0.000000                      0.000000                      0.000000                      0.000000
                     77.699997                   2119.271240                      0.000000                      0.000000                      0.000000                      0.000000                      0.000000
                     77.800003                   2119.355225                      0.000000                      0.000000                      0.000000                      0.000000                      0.000000
                     77.900002                   2118.935547                      0.000000                      0.000000                      0.000000                      0.000000                      0.000000
                     78.000000                   2118.767822                      0.000000                      0.000000                      0.000000                      0.000000                      0.000000
                     78.099998                   2118.516113                      0.000000                      0.000000                      0.000000                      0.000000                      0.000000
                     78.199997                   2118.348145                      0.000000                      0.000000                      0.000000                      0.000000                      0.000000
                     78.300003                   2118.180420                      0.000000                      0.000000                      0.000000                      0.000000                      0.000000
                     78.400002                   2117.844971                      0.000000                      0.000000                      0.000000                      0.000000                      0.000000
                     78.500000                   2117.760986                      0.000000                      0.000000                      0.000000                      0.000000                      0.000000
                     78.599998                   2117.341309                      0.000000                      0.000000                      0.000000                      0.000000                      0.000000
                     78.699997                   2117.257568                      0.000000                      0.000000                      0.000000                      0.000000                      0.000000
                     78.800003                   2117.257568                      0.000000                      0.000000                      0.000000                      0.000000                      0.000000
                     78.900002                   2117.173584                      0.000000                      0.000000                      0.000000                      0.000000                      0.000000
                     79.000000                   2116.837891                      0.000000                      0.000000                      0.000000                      0.000000                      0.000000
                     79.099998                   2116.418457                      0.000000                      0.000000                      0.000000                      0.000000                      0.000000
                     79.199997                   2116.166748                      0.000000                      0.000000                      0.000000                      0.000000                      0.000000
                     79.300003                   2116.166748                      0.000000                      0.000000                      0.000000                      0.000000                      0.000000
                     79.400002                   2115.747314                      0.000000                      0.000000                      0.000000                      0.000000                      0.000000
                     79.500000                   2115.831055                      0.000000                      0.000000                      0.000000                      0.000000                      0.000000
                     79.599998                   2115.579346                      0.000000                      0.000000                      0.000000                      0.000000                      0.000000
                     79.699997                   2115.411621                      0.000000                      0.000000                      0.000000                      0.000000                      0.000000
                     79.800003                   2115.159912                      0.000000                      0.000000                      0.000000                      0.000000                      0.000000
                     79.900002                   2114.908203                      0.000000                      0.000000                      0.000000                      0.000000                      0.000000
                     80.000000                   2114.908203                      0.000000                      0.000000                      0.000000                      0.000000                      0.000000
                     80.099998                   2114.740234                      0.000000                      0.000000                      0.000000                      0.000000                      0.000000
                     80.199997                   2114.320801                      0.000000                      0.000000                      0.000000                      0.000000                      0.000000
                     80.300003                   2114.404785                      0.000000                      0.000000                      0.000000                      0.000000                      0.000000
                     80.400002                   2113.985107                      0.000000                      0.000000                      0.000000                      0.000000                      0.000000
                     80.500000                   2113.649658                      0.000000                      0.000000                      0.000000                      0.000000                      0.000000
                     80.599998                   2113.985107                      0.000000                      0.000000                      0.000000                      0.000000                      0.000000
                     80.699997                   2113.313965                      0.000000                      0.000000                      0.000000                      0.000000                      0.000000
                     80.800003                   2113.313965                      0.000000                      0.000000                      0.000000                      0.000000                      0.000000
                     80.900002                   2113.313965                      0.000000                      0.000000                      0.000000                      0.000000                      0.000000
                     81.000000                   2112.894287                      0.000000                      0.000000                      0.000000                      0.000000                      0.000000
                     81.099998                   2112.894287                      0.000000                      0.000000                      0.000000                      0.000000                      0.000000
                     81.199997                   2112.558838                      0.000000                      0.000000                      0.000000                      0.000000                      0.000000
                     81.300003                   2112.391113                      0.000000                      0.000000                      0.000000                      0.000000                      0.000000
                     81.400002                   2112.139404                      0.000000                      0.000000                      0.000000                      0.000000                      0.000000
                     81.500000                   2112.139404                      0.000000                      0.000000                      0.000000                      0.000000                      0.000000
                     81.599998                   2111.971436                      0.000000                      0.000000                      0.000000                      0.000000                      0.000000
                     81.699997                   2111.635742                      0.000000                      0.000000                      0.000000                      0.000000                      0.000000
                     81.800003                   2111.887451                      0.000000                      0.000000                      0.000000                      0.000000                      0.000000
                     81.900002                   2111.300293                      0.000000                      0.000000                      0.000000                      0.000000                      0.000000
                     82.000000                   2111.132568                      0.000000                      0.000000                      0.000000                      0.000000                      0.000000
                     82.099998                   2111.048584                      0.000000                      0.000000                      0.000000                      0.000000                      0.000000
                     82.199997                   2110.964600                      0.000000                      0.000000                      0.000000                      0.000000                      0.000000
                     82.300003                   2110.880859                      0.000000                      0.000000                      0.000000                      0.000000                      0.000000
                     82.400002                   2110.796631                      0.000000                      0.000000                      0.000000                      0.000000                      0.000000
                     82.500000                   2110.377197                      0.000000                      0.000000                      0.000000                      0.000000                      0.000000
                     82.599998                   2110.125488                      0.000000                      0.000000                      0.000000                      0.000000                      0.000000
                     82.699997                   2110.209473                      0.000000                      0.000000                      0.000000                      0.000000                      0.000000
                     82.800003                   2110.041748                      0.000000                      0.000000                      0.000000                      0.000000                      0.000000
                     82.900002                   2109.873779                      0.000000                      0.000000                      0.000000                      0.000000                      0.000000
                     83.000000                   2109.622070                      0.000000                      0.000000                      0.000000                      0.000000                      0.000000
                     83.099998                   2109.538086                      0.000000                      0.000000                      0.000000                      0.000000                      0.000000
                     83.199997                   2109.370361                      0.000000                      0.000000                      0.000000                      0.000000                      0.000000
                     83.300003                   2109.034912                      0.000000                      0.000000                      0.000000                      0.000000                      0.000000
                     83.400002                   2109.118652                      0.000000                      0.000000                      0.000000                      0.000000                      0.000000
                     83.500000                   2108.950928                      0.000000                      0.000000                      0.000000                      0.000000                      0.000000
                     83.599998                   2108.783203                      0.000000                      0.000000                      0.000000                      0.000000                      0.000000
                     83.699997                   2108.531250                      0.000000                      0.000000                      0.000000                      0.000000                      0.000000
                     83.800003                   2108.363525                      0.000000                      0.000000                      0.000000                      0.000000                      0.000000
                     83.900002                   2108.363525                      0.000000                      0.000000                      0.000000                      0.000000                      0.000000
                     84.000000                   2108.195801                      0.000000                      0.000000                      0.000000                      0.000000                      0.000000
                     84.099998                   2108.027832                      0.000000                      0.000000                      0.000000                      0.000000                      0.000000
                     84.199997                   2107.776123                      0.000000                      0.000000                      0.000000                      0.000000                      0.000000
                     84.300003                   2107.776123                      0.000000                      0.000000                      0.000000                      0.000000                      0.000000
                     84.400002                   2107.524658                      0.000000                      0.000000                      0.000000                      0.000000                      0.000000
                     84.500000                   2107.272705                      0.000000                      0.000000                      0.000000                      0.000000                      0.000000
                     84.599998                   2107.272705                      0.000000                      0.000000                      0.000000                      0.000000                      0.000000
                     84.699997                   2107.188721                      0.000000                      0.000000                      0.000000                      0.000000                      0.000000
                     84.800003                   2107.272705                      0.000000                      0.000000                      0.000000                      0.000000                      0.000000
                     84.900002                   2107.104980                      0.000000                      0.000000                      0.000000                      0.000000                      0.000000
                     85.000000                   2106.685547                      0.000000                      0.000000                      0.000000                      0.000000                      0.000000
                     85.099998                   2106.685547                      0.000000                      0.000000                      0.000000                      0.000000                      0.000000
                     85.199997                   2106.349854                      0.000000                      0.000000                      0.000000                      0.000000                      0.000000
                     85.300003                   2106.601562                      0.000000                      0.000000                      0.000000                      0.000000                      0.000000
                     85.400002                   2106.265869                      0.000000                      0.000000                      0.000000                      0.000000                      0.000000
                     85.500000                   2106.098145                      0.000000                      0.000000                      0.000000                      0.000000                      0.000000
                     85.599998                   2106.181885                      0.000000                      0.000000                      0.000000                      0.000000                      0.000000
                     85.699997                   2105.762451                      0.000000                      0.000000                      0.000000                      0.000000                      0.000000
                     85.800003                   2105.594727                      0.000000                      0.000000                      0.000000                      0.000000                      0.000000
                     85.900002                   2105.678711                      0.000000                      0.000000                      0.000000                      0.000000                      0.000000
                     86.000000                   2105.427002                      0.000000                      0.000000                      0.000000                      0.000000                      0.000000
                     86.099998                   2105.427002                      0.000000                      0.000000                      0.000000                      0.000000                      0.000000
                     86.199997                   2105.175293                      0.000000                      0.000000                      0.000000                      0.000000                      0.000000
                     86.300003                   2105.175293                      0.000000                      0.000000                      0.000000                      0.000000                      0.000000
                     86.400002                   2104.923340                      0.000000                      0.000000                      0.000000                      0.000000                      0.000000
                     86.500000                   2104.839600                      0.000000                      0.000000                      0.000000                      0.000000                      0.000000
                     86.599998                   2104.587891                      0.000000                      0.000000                      0.000000                      0.000000                      0.000000
                     86.699997                   2104.419922                      0.000000                      0.000000                      0.000000                      0.000000                      0.000000
                     86.800003                   2104.336182                      0.000000                      0.000000                      0.000000                      0.000000                      0.000000
                     86.900002                   2104.419922                      0.000000                      0.000000                      0.000000                      0.000000                      0.000000
                     87.000000                   2104.168457                      0.000000                      0.000000                      0.000000                      0.000000                      0.000000
                     87.099998                   2103.748779                      0.000000                      0.000000                      0.000000                      0.000000                      0.000000
                     87.199997                   2103.916504                      0.000000                      0.000000                      0.000000                      0.000000                      0.000000
                     87.300003                   2103.916504                      0.000000                      0.000000                      0.000000                      0.000000                      0.000000
                     87.400002                   2103.581055                      0.000000                      0.000000                      0.000000                      0.000000                      0.000000
                     87.500000                   2103.664795                      0.000000                      0.000000                      0.000000                      0.000000                      0.000000
                     87.599998                   2103.413086                      0.000000                      0.000000                      0.000000                      0.000000                      0.000000
                     87.699997                   2103.161377                      0.000000                      0.000000                      0.000000                      0.000000                      0.000000
                     87.800003                   2102.909668                      0.000000                      0.000000                      0.000000                      0.000000                      0.000000
                     87.900002                   2103.077637                      0.000000                      0.000000                      0.000000                      0.000000                      0.000000
                     88.000000                   2103.077637                      0.000000                      0.000000                      0.000000                      0.000000                      0.000000
                     88.099998                   2102.741943                      0.000000                      0.000000                      0.000000                      0.000000                      0.000000
                     88.199997                   2102.909668                      0.000000                      0.000000                      0.000000                      0.000000                      0.000000
                     88.300003                   2102.490234                      0.000000                      0.000000                      0.000000                      0.000000                      0.000000
                     88.400002                   2102.573975                      0.000000                      0.000000                      0.000000                      0.000000                      0.000000
                     88.500000                   2102.322266                      0.000000                      0.000000                      0.000000                      0.000000                      0.000000
                     88.599998                   2102.238525                      0.000000                      0.000000                      0.000000                      0.000000                      0.000000
                     88.699997                   2102.238525                      0.000000                      0.000000                      0.000000                      0.000000                      0.000000
                     88.800003                   2102.238525                      0.000000                      0.000000                      0.000000                      0.000000                      0.000000
                     88.900002                   2101.986816                      0.000000                      0.000000                      0.000000                      0.000000                      0.000000
                     89.000000                   2101.734863                      0.000000                      0.000000                      0.000000                      0.000000                      0.000000
                     89.099998                   2101.819092                      0.000000                      0.000000                      0.000000                      0.000000                      0.000000
                     89.199997                   2101.651123                      0.000000                      0.000000                      0.000000                      0.000000                      0.000000
                     89.300003                   2101.315430                      0.000000                      0.000000                      0.000000                      0.000000                      0.000000
                     89.400002                   2101.399414                      0.000000                      0.000000                      0.000000                      0.000000                      0.000000
                     89.500000                   2101.147705                      0.000000                      0.000000                      0.000000                      0.000000                      0.000000
                     89.599998                   2100.812012                      0.000000                      0.000000                      0.000000                      0.000000                      0.000000
                     89.699997                   2100.895996                      0.000000                      0.000000                      0.000000                      0.000000                      0.000000
                     89.800003                   2100.895996                      0.000000                      0.000000                      0.000000                      0.000000                      0.000000
                     89.900002                   2100.728271                      0.000000                      0.000000                      0.000000                      0.000000                      0.000000
                     90.000000                   2100.392578                      0.000000                      0.000000                      0.000000                      0.000000                      0.000000
                     90.099998                   2100.728271                      0.000000                      0.000000                      0.000000                      0.000000                      0.000000
                     90.199997                   2100.224609                      0.000000                      0.000000                      0.000000                      0.000000                      0.000000
                     90.300003                   2100.392578                      0.000000                      0.000000                      0.000000                      0.000000                      0.000000
                     90.400002                   2100.224609                      0.000000                      0.000000                      0.000000                      0.000000                      0.000000
                     90.500000                   2100.140869                      0.000000                      0.000000                      0.000000                      0.000000                      0.000000
                     90.599998                   2099.889160                      0.000000                      0.000000                      0.000000                      0.000000                      0.000000
                     90.699997                   2099.889160                      0.000000                      0.000000                      0.000000                      0.000000                      0.000000
                     90.800003                   2099.805176                      0.000000                      0.000000                      0.000000                      0.000000                      0.000000
                     90.900002                   2099.469482                      0.000000                      0.000000                      0.000000                      0.000000                      0.000000
                     91.000000                   2099.721436                      0.000000                      0.000000                      0.000000                      0.000000                      0.000000
                     91.099998                   2099.385742                      0.000000                      0.000000                      0.000000                      0.000000                      0.000000
                     91.199997                   2099.301758                      0.000000                      0.000000                      0.000000                      0.000000                      0.000000
                     91.300003                   2099.217773                      0.000000                      0.000000                      0.000000                      0.000000                      0.000000
                     91.400002                   2099.217773                      0.000000                      0.000000                      0.000000                      0.000000                      0.000000
                     91.500000                   2099.050049                      0.000000                      0.000000                      0.000000                      0.000000                      0.000000
                     91.599998                   2099.050049                      0.000000                      0.000000                      0.000000                      0.000000                      0.000000
                     91.699997                   2098.882324                      0.000000                      0.000000                      0.000000                      0.000000                      0.000000
                     91.800003                   2098.798340                      0.000000                      0.000000                      0.000000                      0.000000                      0.000000
                     91.900002                   2098.546631                      0.000000                      0.000000                      0.000000                      0.000000                      0.000000
                     92.000000                   2098.546631                      0.000000                      0.000000                      0.000000                      0.000000                      0.000000
                     92.099998                   2098.546631                      0.000000                      0.000000                      0.000000                      0.000000                      0.000000
                     92.199997                   2098.294922                      0.000000                      0.000000                      0.000000                      0.000000                      0.000000
                     92.300003                   2098.294922                      0.000000                      0.000000                      0.000000                      0.000000                      0.000000
                     92.400002                   2098.294922                      0.000000                      0.000000                      0.000000                      0.000000                      0.000000
                     92.500000                   2097.875488                      0.000000                      0.000000                      0.000000                      0.000000                      0.000000
                     92.599998                   2098.126953                      0.000000                      0.000000                      0.000000                      0.000000                      0.000000
                     92.699997                   2097.791504                      0.000000                      0.000000                      0.000000                      0.000000                      0.000000
                     92.800003                   2097.875488                      0.000000                      0.000000                      0.000000                      0.000000                      0.000000
                     92.900002                   2097.707520                      0.000000                      0.000000                      0.000000                      0.000000                      0.000000
                     93.000000                   2097.707520                      0.000000                      0.000000                      0.000000                      0.000000                      0.000000
                     93.099998                   2097.623779                      0.000000                      0.000000                      0.000000                      0.000000                      0.000000
                     93.199997                   2097.204102                      0.000000                      0.000000                      0.000000                      0.000000                      0.000000
                     93.300003                   2097.288086                      0.000000                      0.000000                      0.000000                      0.000000                      0.000000
                     93.400002                   2097.372070                      0.000000                      0.000000                      0.000000                      0.000000                      0.000000
                     93.500000                   2097.372070                      0.000000                      0.000000                      0.000000                      0.000000                      0.000000
                     93.599998                   2097.120117                      0.000000                      0.000000                      0.000000                      0.000000                      0.000000
                     93.699997                   2097.036377                      0.000000                      0.000000                      0.000000                      0.000000                      0.000000
                     93.800003                   2096.784668                      0.000000                      0.000000                      0.000000                      0.000000                      0.000000
                     93.900002                   2096.365234                      0.000000                      0.000000                      0.000000                      0.000000                      0.000000
                     94.000000                   2096.868408                      0.000000                      0.000000                      0.000000                      0.000000                      0.000000
                     94.099998                   2096.616943                      0.000000                      0.000000                      0.000000                      0.000000                      0.000000
                     94.199997                   2096.616943                      0.000000                      0.000000                      0.000000                      0.000000                      0.000000
                     94.300003                   2096.365234                      0.000000                      0.000000                      0.000000                      0.000000                      0.000000
                     94.400002                   2096.197266                      0.000000                      0.000000                      0.000000                      0.000000                      0.000000
                     94.500000                   2096.448975                      0.000000                      0.000000                      0.000000                      0.000000                      0.000000
                     94.599998                   2096.197266                      0.000000                      0.000000                      0.000000                      0.000000                      0.000000
                     94.699997                   2096.113525                      0.000000                      0.000000                      0.000000                      0.000000                      0.000000
                     94.800003                   2095.777832                      0.000000                      0.000000                      0.000000                      0.000000                      0.000000
                     94.900002                   2095.693848                      0.000000                      0.000000                      0.000000                      0.000000                      0.000000
                     95.000000                   2095.693848                      0.000000                      0.000000                      0.000000                      0.000000                      0.000000
                     95.099998                   2095.945557                      0.000000                      0.000000                      0.000000                      0.000000                      0.000000
                     95.199997                   2095.609863                      0.000000                      0.000000                      0.000000                      0.000000                      0.000000
                     95.300003                   2095.526123                      0.000000                      0.000000                      0.000000                      0.000000                      0.000000
                     95.400002                   2095.358154                      0.000000                      0.000000                      0.000000                      0.000000                      0.000000
                     95.500000                   2095.526123                      0.000000                      0.000000                      0.000000                      0.000000                      0.000000
                     95.599998                   2095.190430                      0.000000                      0.000000                      0.000000                      0.000000                      0.000000
                     95.699997                   2095.442139                      0.000000                      0.000000                      0.000000                      0.000000                      0.000000
                     95.800003                   2095.106689                      0.000000                      0.000000                      0.000000                      0.000000                      0.000000
                     95.900002                   2095.106689                      0.000000                      0.000000                      0.000000                      0.000000                      0.000000
                     96.000000                   2094.854736                      0.000000                      0.000000                      0.000000                      0.000000                      0.000000
                     96.099998                   2095.106689                      0.000000                      0.000000                      0.000000                      0.000000                      0.000000
                     96.199997                   2094.770752                      0.000000                      0.000000                      0.000000                      0.000000                      0.000000
                     96.300003                   2094.687012                      0.000000                      0.000000                      0.000000                      0.000000                      0.000000
                     96.400002                   2094.687012                      0.000000                      0.000000                      0.000000                      0.000000                      0.000000
                     96.500000                   2094.519287                      0.000000                      0.000000                      0.000000                      0.000000                      0.000000
                     96.599998                   2094.519287                      0.000000                      0.000000                      0.000000                      0.000000                      0.000000
                     96.699997                   2094.519287                      0.000000                      0.000000                      0.000000                      0.000000                      0.000000
                     96.800003                   2094.267578                      0.000000                      0.000000                      0.000000                      0.000000                      0.000000
                     96.900002                   2094.015869                      0.000000                      0.000000                      0.000000                      0.000000                      0.000000
                     97.000000                   2094.183594                      0.000000                      0.000000                      0.000000                      0.000000                      0.000000
                     97.099998                   2094.015869                      0.000000                      0.000000                      0.000000                      0.000000                      0.000000
                     97.199997                   2094.099609                      0.000000                      0.000000                      0.000000                      0.000000                      0.000000
                     97.300003                   2093.931885                      0.000000                      0.000000                      0.000000                      0.000000                      0.000000
                     97.400002                   2093.763916                      0.000000                      0.000000                      0.000000                      0.000000                      0.000000
                     97.500000                   2093.847900                      0.000000                      0.000000                      0.000000                      0.000000                      0.000000
                     97.599998                   2093.680176                      0.000000                      0.000000                      0.000000                      0.000000                      0.000000
                     97.699997                   2093.512207                      0.000000                      0.000000                      0.000000                      0.000000                      0.000000
                     97.800003                   2093.763916                      0.000000                      0.000000                      0.000000                      0.000000                      0.000000
                     97.900002                   2093.512207                      0.000000                      0.000000                      0.000000                      0.000000                      0.000000
                     98.000000                   2093.344482                      0.000000                      0.000000                      0.000000                      0.000000                      0.000000
                     98.099998                   2093.344482                      0.000000                      0.000000                      0.000000                      0.000000                      0.000000
                     98.199997                   2093.176758                      0.000000                      0.000000                      0.000000                      0.000000                      0.000000
                     98.300003                   2093.176758                      0.000000                      0.000000                      0.000000                      0.000000                      0.000000
                     98.400002                   2092.841064                      0.000000                      0.000000                      0.000000                      0.000000                      0.000000
                     98.500000                   2092.925049                      0.000000                      0.000000                      0.000000                      0.000000                      0.000000
                     98.599998                   2093.092773                      0.000000                      0.000000                      0.000000                      0.000000                      0.000000
                     98.699997                   2092.673096                      0.000000                      0.000000                      0.000000                      0.000000                      0.000000
                     98.800003                   2092.757324                      0.000000                      0.000000                      0.000000                      0.000000                      0.000000
                     98.900002                   2092.421631                      0.000000                      0.000000                      0.000000                      0.000000                      0.000000
                     99.000000                   2092.505371                      0.000000                      0.000000                      0.000000                      0.000000                      0.000000
                     99.099998                   2092.505371                      0.000000                      0.000000                      0.000000                      0.000000                      0.000000
                     99.199997                   2092.421631                      0.000000                      0.000000                      0.000000                      0.000000                      0.000000
                     99.300003                   2092.337646                      0.000000                      0.000000                      0.000000                      0.000000                      0.000000
                     99.400002                   2092.589355                      0.000000                      0.000000                      0.000000                      0.000000                      0.000000
                     99.500000                   2092.337646                      0.000000                      0.000000                      0.000000                      0.000000                      0.000000
                     99.599998                   2092.085938                      0.000000                      0.000000                      0.000000                      0.000000                      0.000000
                     99.699997                   2091.834229                      0.000000                      0.000000                      0.000000                      0.000000                      0.000000
                     99.800003                   2091.918213                      0.000000                      0.000000                      0.000000                      0.000000                      0.000000
                     99.900002                   2091.750488                      0.000000                      0.000000                      0.000000                      0.000000                      0.000000
                    100.000000                   2091.834229                      0.000000                      0.000000                      0.000000                      0.000000                      0.000000
                    100.099998                   2091.666504                      0.000000                      0.000000                      0.000000                      0.000000                      0.000000
                    100.199997                   2091.834229                      0.000000                      0.000000                      0.000000                      0.000000                      0.000000
                    100.300003                   2091.498535                      0.000000                      0.000000                      0.000000                      0.000000                      0.000000
                    100.400002                   2091.666504                      0.000000                      0.000000                      0.000000                      0.000000                      0.000000
                    100.500000                   2091.666504                      0.000000                      0.000000                      0.000000                      0.000000                      0.000000
                    100.599998                   2091.414551                      0.000000                      0.000000                      0.000000                      0.000000                      0.000000
                    100.699997                   2091.498535                      0.000000                      0.000000                      0.000000                      0.000000                      0.000000
                    100.800003                   2091.246826                      0.000000                      0.000000                      0.000000                      0.000000                      0.000000
                    100.900002                   2090.995117                      0.000000                      0.000000                      0.000000                      0.000000                      0.000000
                    101.000000                   2091.162842                      0.000000                      0.000000                      0.000000                      0.000000                      0.000000
                    101.099998                   2090.911377                      0.000000                      0.000000                      0.000000                      0.000000                      0.000000
                    101.199997                   2090.743408                      0.000000                      0.000000                      0.000000                      0.000000                      0.000000
                    101.300003                   2090.995117                      0.000000                      0.000000                      0.000000                      0.000000                      0.000000
                    101.400002                   2090.827393                      0.000000                      0.000000                      0.000000                      0.000000                      0.000000
                    101.500000                   2090.743408                      0.000000                      0.000000                      0.000000                      0.000000                      0.000000
                    101.599998                   2090.743408                      0.000000                      0.000000                      0.000000                      0.000000                      0.000000
                    101.699997                   2090.659668                      0.000000                      0.000000                      0.000000                      0.000000                      0.000000
                    101.800003                   2090.575684                      0.000000                      0.000000                      0.000000                      0.000000                      0.000000
                    101.900002                   2090.239990                      0.000000                      0.000000                      0.000000                      0.000000                      0.000000
                    102.000000                   2090.407715                      0.000000                      0.000000                      0.000000                      0.000000                      0.000000
                    102.099998                   2090.239990                      0.000000                      0.000000                      0.000000                      0.000000                      0.000000
                    102.199997                   2090.491699                      0.000000                      0.000000                      0.000000                      0.000000                      0.000000
                    102.300003                   2090.239990                      0.000000                      0.000000                      0.000000                      0.000000                      0.000000
                    102.400002                   2090.072266                      0.000000                      0.000000                      0.000000                      0.000000                      0.000000
                    102.500000                   2090.156006                      0.000000                      0.000000                      0.000000                      0.000000                      0.000000
                    102.599998                   2090.072266                      0.000000                      0.000000                      0.000000                      0.000000                      0.000000
                    102.699997                   2089.988281                      0.000000                      0.000000                      0.000000                      0.000000                      0.000000
                    102.800003                   2090.072266                      0.000000                      0.000000                      0.000000                      0.000000                      0.000000
                    102.900002                   2089.904297                      0.000000                      0.000000                      0.000000                      0.000000                      0.000000
                    103.000000                   2089.820557                      0.000000                      0.000000                      0.000000                      0.000000                      0.000000
                    103.099998                   2089.736572                      0.000000                      0.000000                      0.000000                      0.000000                      0.000000
                    103.199997                   2089.401123                      0.000000                      0.000000                      0.000000                      0.000000                      0.000000
                    103.300003                   2089.484863                      0.000000                      0.000000                      0.000000                      0.000000                      0.000000
                    103.400002                   2089.484863                      0.000000                      0.000000                      0.000000                      0.000000                      0.000000
                    103.500000                   2089.568848                      0.000000                      0.000000                      0.000000                      0.000000                      0.000000
                    103.599998                   2089.401123                      0.000000                      0.000000                      0.000000                      0.000000                      0.000000
                    103.699997                   2089.233154                      0.000000                      0.000000                      0.000000                      0.000000                      0.000000
                    103.800003                   2089.484863                      0.000000                      0.000000                      0.000000                      0.000000                      0.000000
                    103.900002                   2088.981445                      0.000000                      0.000000                      0.000000                      0.000000                      0.000000
                    104.000000                   2089.149170                      0.000000                      0.000000                      0.000000                      0.000000                      0.000000
                    104.099998                   2089.149170                      0.000000                      0.000000                      0.000000                      0.000000                      0.000000
                    104.199997                   2088.981445                      0.000000                      0.000000                      0.000000                      0.000000                      0.000000
                    104.300003                   2088.897461                      0.000000                      0.000000                      0.000000                      0.000000                      0.000000
                    104.400002                   2089.065186                      0.000000                      0.000000                      0.000000                      0.000000                      0.000000
                    104.500000                   2088.981445                      0.000000                      0.000000                      0.000000                      0.000000                      0.000000
                    104.599998                   2088.897461                      0.000000                      0.000000                      0.000000                      0.000000                      0.000000
                    104.699997                   2088.729736                      0.000000                      0.000000                      0.000000                      0.000000                      0.000000
                    104.800003                   2088.562012                      0.000000                      0.000000                      0.000000                      0.000000                      0.000000
                    104.900002                   2088.645752                      0.000000                      0.000000                      0.000000                      0.000000                      0.000000
                    105.000000                   2088.478027                      0.000000                      0.000000                      0.000000                      0.000000                      0.000000
                    105.099998                   2088.226318                      0.000000                      0.000000                      0.000000                      0.000000                      0.000000
                    105.199997                   2088.310303                      0.000000                      0.000000                      0.000000                      0.000000                      0.000000
                    105.300003                   2088.310303                      0.000000                      0.000000                      0.000000                      0.000000                      0.000000
                    105.400002                   2088.310303                      0.000000                      0.000000                      0.000000                      0.000000                      0.000000
                    105.500000                   2088.142334                      0.000000                      0.000000                      0.000000                      0.000000                      0.000000
                    105.599998                   2088.226318                      0.000000                      0.000000                      0.000000                      0.000000                      0.000000
                    105.699997                   2088.226318                      0.000000                      0.000000                      0.000000                      0.000000                      0.000000
                    105.800003                   2087.890625                      0.000000                      0.000000                      0.000000                      0.000000                      0.000000
                    105.900002                   2087.890625                      0.000000                      0.000000                      0.000000                      0.000000                      0.000000
                    106.000000                   2087.806641                      0.000000                      0.000000                      0.000000                      0.000000                      0.000000
                    106.099998                   2087.722900                      0.000000                      0.000000                      0.000000                      0.000000                      0.000000
                    106.199997                   2087.722900                      0.000000                      0.000000                      0.000000                      0.000000                      0.000000
                    106.300003                   2087.638916                      0.000000                      0.000000                      0.000000                      0.000000                      0.000000
                    106.400002                   2087.722900                      0.000000                      0.000000                      0.000000                      0.000000                      0.000000
                    106.500000                   2087.722900                      0.000000                      0.000000                      0.000000                      0.000000                      0.000000
                    106.599998                   2087.638916                      0.000000                      0.000000                      0.000000                      0.000000                      0.000000
                    106.699997                   2087.471191                      0.000000                      0.000000                      0.000000                      0.000000                      0.000000
                    106.800003                   2087.638916                      0.000000                      0.000000                      0.000000                      0.000000                      0.000000
                    106.900002                   2087.387207                      0.000000                      0.000000                      0.000000                      0.000000                      0.000000
                    107.000000                   2087.219482                      0.000000                      0.000000                      0.000000                      0.000000                      0.000000
                    107.099998                   2087.303467                      0.000000                      0.000000                      0.000000                      0.000000                      0.000000
                    107.199997                   2087.303467                      0.000000                      0.000000                      0.000000                      0.000000                      0.000000
                    107.300003                   2087.051758                      0.000000                      0.000000                      0.000000                      0.000000                      0.000000
                    107.400002                   2087.051758                      0.000000                      0.000000                      0.000000                      0.000000                      0.000000
                    107.500000                   2087.051758                      0.000000                      0.000000                      0.000000                      0.000000                      0.000000
                    107.599998                   2086.883789                      0.000000                      0.000000                      0.000000                      0.000000                      0.000000
                    107.699997                   2087.051758                      0.000000                      0.000000                      0.000000                      0.000000                      0.000000
                    107.800003                   2086.716064                      0.000000                      0.000000                      0.000000                      0.000000                      0.000000
                    107.900002                   2086.716064                      0.000000                      0.000000                      0.000000                      0.000000                      0.000000
                    108.000000                   2086.883789                      0.000000                      0.000000                      0.000000                      0.000000                      0.000000
                    108.099998                   2086.548096                      0.000000                      0.000000                      0.000000                      0.000000                      0.000000
                    108.199997                   2086.548096                      0.000000                      0.000000                      0.000000                      0.000000                      0.000000
                    108.300003                   2086.548096                      0.000000                      0.000000                      0.000000                      0.000000                      0.000000
                    108.400002                   2086.548096                      0.000000                      0.000000                      0.000000                      0.000000                      0.000000
                    108.500000                   2086.380371                      0.000000                      0.000000                      0.000000                      0.000000                      0.000000
                    108.599998                   2086.548096                      0.000000                      0.000000                      0.000000                      0.000000                      0.000000
                    108.699997                   2086.464355                      0.000000                      0.000000                      0.000000                      0.000000                      0.000000
                    108.800003                   2086.464355                      0.000000                      0.000000                      0.000000                      0.000000                      0.000000
                    108.900002                   2086.212646                      0.000000                      0.000000                      0.000000                      0.000000                      0.000000
                    109.000000                   2086.212646                      0.000000                      0.000000                      0.000000                      0.000000                      0.000000
                    109.099998                   2086.044922                      0.000000                      0.000000                      0.000000                      0.000000                      0.000000
                    109.199997                   2086.296387                      0.000000                      0.000000                      0.000000                      0.000000                      0.000000
                    109.300003                   2085.960938                      0.000000                      0.000000                      0.000000                      0.000000                      0.000000
                    109.400002                   2086.044922                      0.000000                      0.000000                      0.000000                      0.000000                      0.000000
                    109.500000                   2085.792969                      0.000000                      0.000000                      0.000000                      0.000000                      0.000000
                    109.599998                   2085.876953                      0.000000                      0.000000                      0.000000                      0.000000                      0.000000
                    109.699997                   2085.708984                      0.000000                      0.000000                      0.000000                      0.000000                      0.000000
                    109.800003                   2085.876953                      0.000000                      0.000000                      0.000000                      0.000000                      0.000000
                    109.900002                   2085.708984                      0.000000                      0.000000                      0.000000                      0.000000                      0.000000
                    110.000000                   2085.708984                      0.000000                      0.000000                      0.000000                      0.000000                      0.000000
                    110.099998                   2085.708984                      0.000000                      0.000000                      0.000000                      0.000000                      0.000000
                    110.199997                   2085.708984                      0.000000                      0.000000                      0.000000                      0.000000                      0.000000
                    110.300003                   2085.708984                      0.000000                      0.000000                      0.000000                      0.000000                      0.000000
                    110.400002                   2085.541260                      0.000000                      0.000000                      0.000000                      0.000000                      0.000000
                    110.500000                   2085.373535                      0.000000                      0.000000                      0.000000                      0.000000                      0.000000
                    110.599998                   2085.373535                      0.000000                      0.000000                      0.000000                      0.000000                      0.000000
                    110.699997                   2085.289551                      0.000000                      0.000000                      0.000000                      0.000000                      0.000000
                    110.800003                   2085.037842                      0.000000                      0.000000                      0.000000                      0.000000                      0.000000
                    110.900002                   2085.289551                      0.000000                      0.000000                      0.000000                      0.000000                      0.000000
                    111.000000                   2085.373535                      0.000000                      0.000000                      0.000000                      0.000000                      0.000000
                    111.099998                   2085.037842                      0.000000                      0.000000                      0.000000                      0.000000                      0.000000
                    111.199997                   2085.121826                      0.000000                      0.000000                      0.000000                      0.000000                      0.000000
                    111.300003                   2085.037842                      0.000000                      0.000000                      0.000000                      0.000000                      0.000000
                    111.400002                   2084.870117                      0.000000                      0.000000                      0.000000                      0.000000                      0.000000
                    111.500000                   2085.121826                      0.000000                      0.000000                      0.000000                      0.000000                      0.000000
                    111.599998                   2084.870117                      0.000000                      0.000000                      0.000000                      0.000000                      0.000000
                    111.699997                   2084.870117                      0.000000                      0.000000                      0.000000                      0.000000                      0.000000
                    111.800003                   2084.786377                      0.000000                      0.000000                      0.000000                      0.000000                      0.000000
                    111.900002                   2084.786377                      0.000000                      0.000000                      0.000000                      0.000000                      0.000000
                    112.000000                   2084.702148                      0.000000                      0.000000                      0.000000                      0.000000                      0.000000
                    112.099998                   2084.618408                      0.000000                      0.000000                      0.000000                      0.000000                      0.000000
                    112.199997                   2084.450439                      0.000000                      0.000000                      0.000000                      0.000000                      0.000000
                    112.300003                   2084.534424                      0.000000                      0.000000                      0.000000                      0.000000                      0.000000
                    112.400002                   2084.618408                      0.000000                      0.000000                      0.000000                      0.000000                      0.000000
                    112.500000                   2084.366699                      0.000000                      0.000000                      0.000000                      0.000000                      0.000000
                    112.599998                   2084.450439                      0.000000                      0.000000                      0.000000                      0.000000                      0.000000
                    112.699997                   2084.450439                      0.000000                      0.000000                      0.000000                      0.000000                      0.000000
                    112.800003                   2084.366699                      0.000000                      0.000000                      0.000000                      0.000000                      0.000000
                    112.900002                   2084.198730                      0.000000                      0.000000                      0.000000                      0.000000                      0.000000
                    113.000000                   2084.198730                      0.000000                      0.000000                      0.000000                      0.000000                      0.000000
                    113.099998                   2084.282715                      0.000000                      0.000000                      0.000000                      0.000000                      0.000000
                    113.199997                   2083.947266                      0.000000                      0.000000                      0.000000                      0.000000                      0.000000
                    113.300003                   2083.779297                      0.000000                      0.000000                      0.000000                      0.000000                      0.000000
                    113.400002                   2084.282715                      0.000000                      0.000000                      0.000000                      0.000000                      0.000000
                    113.500000                   2083.947266                      0.000000                      0.000000                      0.000000                      0.000000                      0.000000
                    113.599998                   2084.031006                      0.000000                      0.000000                      0.000000                      0.000000                      0.000000
                    113.699997                   2083.527588                      0.000000                      0.000000                      0.000000                      0.000000                      0.000000
                    113.800003                   2083.863281                      0.000000                      0.000000                      0.000000                      0.000000                      0.000000
                    113.900002                   2083.863281                      0.000000                      0.000000                      0.000000                      0.000000                      0.000000
                    114.000000                   2083.695557                      0.000000                      0.000000                      0.000000                      0.000000                      0.000000
                    114.099998                   2083.611572                      0.000000                      0.000000                      0.000000                      0.000000                      0.000000
                    114.199997                   2083.611572                      0.000000                      0.000000                      0.000000                      0.000000                      0.000000
                    114.300003                   2084.031006                      0.000000                      0.000000                      0.000000                      0.000000                      0.000000
                    114.400002                   2083.611572                      0.000000                      0.000000                      0.000000                      0.000000                      0.000000
                    114.500000                   2083.443604                      0.000000                      0.000000                      0.000000                      0.000000                      0.000000
                    114.599998                   2083.527588                      0.000000                      0.000000                      0.000000                      0.000000                      0.000000
                    114.699997                   2083.359863                      0.000000                      0.000000                      0.000000                      0.000000                      0.000000
                    114.800003                   2083.443604                      0.000000                      0.000000                      0.000000                      0.000000                      0.000000
                    114.900002                   2083.527588                      0.000000                      0.000000                      0.000000                      0.000000                      0.000000
                    115.000000                   2083.275879                      0.000000                      0.000000                      0.000000                      0.000000                      0.000000
                    115.099998                   2083.359863                      0.000000                      0.000000                      0.000000                      0.000000                      0.000000
                    115.199997                   2083.191895                      0.000000                      0.000000                      0.000000                      0.000000                      0.000000
                    115.300003                   2082.940186                      0.000000                      0.000000                      0.000000                      0.000000                      0.000000
                    115.400002                   2083.191895                      0.000000                      0.000000                      0.000000                      0.000000                      0.000000
                    115.500000                   2083.024170                      0.000000                      0.000000                      0.000000                      0.000000                      0.000000
                    115.599998                   2083.108154                      0.000000                      0.000000                      0.000000                      0.000000                      0.000000
                    115.699997                   2083.024170                      0.000000                      0.000000                      0.000000                      0.000000                      0.000000
                    115.800003                   2082.940186                      0.000000                      0.000000                      0.000000                      0.000000                      0.000000
                    115.900002                   2082.772461                      0.000000                      0.000000                      0.000000                      0.000000                      0.000000
                    116.000000                   2082.940186                      0.000000                      0.000000                      0.000000                      0.000000                      0.000000
                    116.099998                   2082.604736                      0.000000                      0.000000                      0.000000                      0.000000                      0.000000
                    116.199997                   2082.940186                      0.000000                      0.000000                      0.000000                      0.000000                      0.000000
                    116.300003                   2082.688721                      0.000000                      0.000000                      0.000000                      0.000000                      0.000000
                    116.400002                   2082.520752                      0.000000                      0.000000                      0.000000                      0.000000                      0.000000
                    116.500000                   2082.520752                      0.000000                      0.000000                      0.000000                      0.000000                      0.000000
                    116.599998                   2082.688721                      0.000000                      0.000000                      0.000000                      0.000000                      0.000000
                    116.699997                   2082.352783                      0.000000                      0.000000                      0.000000                      0.000000                      0.000000
                    116.800003                   2082.604736                      0.000000                      0.000000                      0.000000                      0.000000                      0.000000
                    116.900002                   2082.520752                      0.000000                      0.000000                      0.000000                      0.000000                      0.000000
                    117.000000                   2082.269043                      0.000000                      0.000000                      0.000000                      0.000000                      0.000000
                    117.099998                   2082.352783                      0.000000                      0.000000                      0.000000                      0.000000                      0.000000
                    117.199997                   2082.269043                      0.000000                      0.000000                      0.000000                      0.000000                      0.000000
                    117.300003                   2082.436768                      0.000000                      0.000000                      0.000000                      0.000000                      0.000000
                    117.400002                   2082.436768                      0.000000                      0.000000                      0.000000                      0.000000                      0.000000
                    117.500000                   2082.017334                      0.000000                      0.000000                      0.000000                      0.000000                      0.000000
                    117.599998                   2082.101318                      0.000000                      0.000000                      0.000000                      0.000000                      0.000000
                    117.699997                   2082.017334                      0.000000                      0.000000                      0.000000                      0.000000                      0.000000
                    117.800003                   2082.101318                      0.000000                      0.000000                      0.000000                      0.000000                      0.000000
                    117.900002                   2082.185059                      0.000000                      0.000000                      0.000000                      0.000000                      0.000000
                    118.000000                   2081.933350                      0.000000                      0.000000                      0.000000                      0.000000                      0.000000
                    118.099998                   2081.933350                      0.000000                      0.000000                      0.000000                      0.000000                      0.000000
                    118.199997                   2081.933350                      0.000000                      0.000000                      0.000000                      0.000000                      0.000000
                    118.300003                   2081.765625                      0.000000                      0.000000                      0.000000                      0.000000                      0.000000
                    118.400002                   2081.933350                      0.000000                      0.000000                      0.000000                      0.000000                      0.000000
                    118.500000                   2081.765625                      0.000000                      0.000000                      0.000000                      0.000000                      0.000000
                    118.599998                   2081.933350                      0.000000                      0.000000                      0.000000                      0.000000                      0.000000
                    118.699997                   2081.597900                      0.000000                      0.000000                      0.000000                      0.000000                      0.000000
                    118.800003                   2081.513916                      0.000000                      0.000000                      0.000000                      0.000000                      0.000000
                    118.900002                   2081.849609                      0.000000                      0.000000                      0.000000                      0.000000                      0.000000
                    119.000000                   2081.597900                      0.000000                      0.000000                      0.000000                      0.000000                      0.000000
                    119.099998                   2081.597900                      0.000000                      0.000000                      0.000000                      0.000000                      0.000000
                    119.199997                   2081.513916                      0.000000                      0.000000                      0.000000                      0.000000                      0.000000
                    119.300003                   2081.597900                      0.000000                      0.000000                      0.000000                      0.000000                      0.000000
                    119.400002                   2081.597900                      0.000000                      0.000000                      0.000000                      0.000000                      0.000000
                    119.500000                   2081.597900                      0.000000                      0.000000                      0.000000                      0.000000                      0.000000
                    119.599998                   2081.513916                      0.000000                      0.000000                      0.000000                      0.000000                      0.000000
                    119.699997                   2081.429932                      0.000000                      0.000000                      0.000000                      0.000000                      0.000000
                    119.800003                   2081.429932                      0.000000                      0.000000                      0.000000                      0.000000                      0.000000
                    119.900002                   2081.262207                      0.000000                      0.000000                      0.000000                      0.000000                      0.000000
                    120.000000                   2081.346191                      0.000000                      0.000000                      0.000000                      0.000000                      0.000000
